CustomerID,Gender,Age,Region,MembershipLevel,VisitCount,AveragePurchaseAmount,TotalPurchaseAmount,SatisfactionScore,LastPurchaseDate,CouponUsed,PreferredCategory,SignupDate,Email,PurchaseStatus,AgeGroup,PurchaseGrade
CUST100113,Female,39.0,Gyeonggi,Basic,7.0,74400.0,159200.0,4.8,2026-04-22,N,home,2021-07-16,customer113@example.com,1,30대,Low
CUST100168,Female,69.5,Gwangju,Silver,12.0,185800.0,1055800.0,4.5,2026-06-06,N,beauty,2022-02-15,customer168@example.com,1,60대 이상,High
CUST101212,Female,44.0,Daegu,VIP,7.0,153900.0,413200.0,4.5,2026-05-07,N,home,2021-10-27,customer1212@example.com,1,40대,Medium
CUST100312,Female,37.0,Gyeonggi,Basic,14.0,123700.0,576000.0,4.0,2026-04-16,N,home,2025-11-08,customer312@example.com,1,30대,High
CUST100600,Female,47.0,Daejeon,VIP,10.0,254775.0,1075975.0,2.6,2026-01-31,Y,beauty,2025-01-28,customer600@example.com,1,40대,High
CUST100050,Female,26.0,Busan,Silver,3.0,43900.0,40700.0,4.1,2026-01-21,Y,home,2021-07-01,customer50@example.com,0,20대 이하,Low
CUST101364,Female,56.0,Daejeon,Gold,7.0,210800.0,443500.0,5.0,2026-06-12,Y,food,2024-05-03,customer1364@example.com,1,50대,Medium
CUST100518,Female,42.0,Seoul,Basic,6.0,81700.0,70700.0,2.4,2026-03-19,N,fashion,2023-10-13,customer518@example.com,0,40대,Low
CUST100037,Female,53.0,Gyeonggi,Basic,10.0,153900.0,629800.0,4.4,2026-02-18,N,electronics,2024-09-05,customer37@example.com,1,50대,High
CUST101156,Female,23.0,Gyeonggi,Basic,12.0,67700.0,451500.0,4.2,2026-03-31,Y,home,2022-06-12,customer1156@example.com,1,20대 이하,Medium
CUST101054,Female,34.0,Seoul,Gold,10.0,123400.0,378100.0,2.7,2026-05-04,N,beauty,2021-07-04,customer1054@example.com,1,30대,Medium
CUST100375,Female,34.0,Daejeon,Basic,13.0,148300.0,609500.0,3.3,2026-04-24,Y,fashion,2021-08-28,customer375@example.com,0,30대,High
CUST100673,Female,39.0,Seoul,Gold,9.0,130800.0,269800.0,3.6,2026-01-26,N,sports,2022-06-06,customer673@example.com,1,30대,Medium
CUST100626,Female,46.0,Gyeonggi,Silver,13.0,135000.0,879100.0,4.4,2026-05-15,N,food,2020-07-25,customer626@example.com,1,40대,High
CUST100747,Female,52.0,Busan,Silver,6.0,103800.0,209600.0,2.2,2026-05-01,Y,home,2025-03-03,customer747@example.com,0,50대,Medium
CUST100629,Female,47.0,Seoul,Silver,6.0,95700.0,107500.0,5.0,2026-01-17,Y,beauty,2021-04-16,customer629@example.com,0,40대,Low
CUST101271,Female,31.0,Seoul,Basic,13.0,51500.0,350700.0,4.0,2026-06-02,N,fashion,2023-11-26,customer1271@example.com,0,30대,Medium
CUST100741,Female,46.0,Gyeonggi,Basic,8.0,147500.0,534600.0,4.0,2026-06-15,Y,beauty,2025-08-12,customer741@example.com,1,40대,Medium
CUST100757,Female,37.0,Seoul,Basic,5.0,5000.0,10300.0,3.8,2026-06-29,N,sports,2023-10-28,customer757@example.com,0,30대,Low
CUST100561,Female,44.0,Daegu,Silver,9.0,87400.0,194800.0,3.9,2026-05-17,N,home,2021-06-28,customer561@example.com,0,40대,Medium
CUST100140,Female,29.0,Busan,Silver,9.0,174700.0,378900.0,2.5,2026-02-03,Y,electronics,2024-01-05,customer140@example.com,0,20대 이하,Medium
CUST100883,Female,43.0,Gyeonggi,Basic,7.0,113600.0,360500.0,3.9,2026-01-15,Y,sports,2022-02-13,customer883@example.com,0,40대,Medium
CUST100658,Female,50.0,Seoul,Basic,4.0,53600.0,98500.0,3.8,2026-06-12,N,food,2022-07-26,customer658@example.com,0,50대,Low
CUST100195,Female,18.0,Seoul,Basic,7.0,32000.0,114300.0,4.8,2026-06-12,N,fashion,2025-11-17,customer195@example.com,0,20대 이하,Low
CUST100201,Female,45.0,Gyeonggi,Gold,13.0,222500.0,998300.0,2.7,2026-04-02,N,home,2024-08-08,customer201@example.com,1,40대,High
CUST100803,Female,25.0,Seoul,Basic,10.0,114400.0,434400.0,3.4,2026-05-23,Y,food,2020-08-18,customer803@example.com,1,20대 이하,Medium
CUST100148,Female,57.0,Incheon,Silver,9.0,99600.0,207200.0,2.9,2026-05-26,N,food,2021-04-07,customer148@example.com,0,50대,Medium
CUST101071,Female,56.0,Daejeon,Basic,10.0,87700.0,320000.0,2.4,2026-05-28,Y,sports,2025-01-01,customer1071@example.com,0,50대,Medium
CUST100419,Female,20.0,Seoul,Basic,6.0,102300.0,225100.0,2.2,2026-06-11,N,fashion,2023-08-19,customer419@example.com,0,20대 이하,Medium
CUST100567,Female,54.0,Seoul,Basic,9.0,145500.0,469900.0,4.5,2026-05-07,N,sports,2020-07-31,customer567@example.com,1,50대,Medium
CUST100783,Female,22.0,Gyeonggi,Basic,4.0,49700.0,42300.0,2.2,2026-03-19,N,fashion,2024-07-22,customer783@example.com,0,20대 이하,Low
CUST101360,Female,42.0,Seoul,Gold,7.0,137900.0,143200.0,3.1,2026-04-29,Y,food,2023-06-07,customer1360@example.com,0,40대,Low
CUST101252,Female,46.0,Busan,Basic,9.0,97500.0,498600.0,5.0,2025-12-07,Y,beauty,2020-08-21,customer1252@example.com,0,40대,Medium
CUST101204,Female,51.0,Seoul,Silver,7.0,140300.0,276100.0,2.6,2026-06-04,N,home,2021-11-10,customer1204@example.com,0,50대,Medium
CUST100911,Female,25.0,Seoul,Gold,12.0,145900.0,642700.0,3.4,2026-06-21,N,beauty,2023-11-16,customer911@example.com,1,20대 이하,High
CUST100343,Female,42.0,Gyeonggi,Basic,5.0,23100.0,45100.0,4.1,2026-01-23,N,fashion,2022-10-24,customer343@example.com,0,40대,Low
CUST100259,Female,26.0,Seoul,gold,12.0,112600.0,366200.0,4.1,2025-11-15,N,food,2024-01-08,customer259@example.com,0,20대 이하,Medium
CUST100056,Female,21.0,Seoul,Basic,10.0,73400.0,166300.0,4.7,2026-04-13,N,fashion,2023-01-17,customer56@example.com,0,20대 이하,Low
CUST100405,Female,41.0,Daejeon,Silver,7.0,110900.0,197500.0,4.2,2026-04-25,N,beauty,2025-09-27,customer405@example.com,1,40대,Medium
CUST100053,Female,44.0,Busan,Basic,6.0,117900.0,209800.0,3.7,2026-05-31,N,fashion,2020-08-20,customer53@example.com,1,40대,Medium
CUST101233,Female,44.0,Gyeonggi,Gold,8.0,135800.0,237800.0,4.0,2026-05-25,Y,fashion,2022-07-03,customer1233@example.com,1,40대,Medium
CUST100522,Female,46.0,Gwangju,Basic,14.0,145600.0,660300.0,4.4,2026-02-07,Y,fashion,2025-10-20,customer522@example.com,1,40대,High
CUST100978,Female,28.0,Daegu,Basic,14.0,131700.0,1075975.0,4.1,2026-03-08,N,fashion,2022-06-24,customer978@example.com,1,20대 이하,High
CUST100261,Female,25.0,Incheon,VIP,4.0,156600.0,314300.0,3.7,2026-05-20,Y,sports,2025-05-15,customer261@example.com,1,20대 이하,Medium
CUST100459,Female,47.0,Daejeon,Basic,4.0,5000.0,10700.0,3.8,2026-05-30,N,home,2022-12-18,customer459@example.com,0,40대,Low
CUST100283,Female,38.0,Seoul,Silver,8.0,101300.0,363900.0,3.6,2026-04-18,N,sports,2024-06-22,customer283@example.com,0,30대,Medium
CUST100599,Female,29.0,Daegu,VIP,10.0,241900.0,645200.0,3.6,2026-04-21,N,food,2021-12-31,customer599@example.com,1,20대 이하,High
CUST100888,Female,54.0,Busan,Silver,8.0,195400.0,858800.0,3.4,2026-05-12,N,electronics,2024-12-14,customer888@example.com,1,50대,High
CUST100554,Female,49.0,Gyeonggi,Silver,12.0,116900.0,378300.0,3.2,2026-01-02,Y,electronics,2021-06-10,customer554@example.com,0,40대,Medium
CUST100848,Female,27.0,Gwangju,VIP,16.0,254775.0,1075975.0,4.3,2026-04-28,Y,beauty,2020-10-06,customer848@example.com,1,20대 이하,High
CUST101052,Female,47.0,Gwangju,Gold,5.0,136500.0,408100.0,2.4,2026-05-18,Y,home,2022-04-02,customer1052@example.com,1,40대,Medium
CUST100127,Female,39.0,Daegu,Basic,6.0,13700.0,28100.0,2.8,2026-04-30,N,home,2023-09-26,customer127@example.com,0,30대,Low
CUST100311,Female,46.0,Busan,Basic,7.0,108700.0,319900.0,5.0,2026-04-22,N,food,2020-11-13,customer311@example.com,0,40대,Medium
CUST100828,Female,50.0,Incheon,Basic,15.0,112500.0,810200.0,4.2,2026-04-23,Y,fashion,2021-07-29,customer828@example.com,1,50대,High
CUST100425,Female,22.0,Gyeonggi,Basic,10.0,103200.0,228800.0,4.9,2026-06-20,N,sports,2025-03-30,customer425@example.com,1,20대 이하,Medium
CUST101257,Female,43.0,Gwangju,Basic,13.0,154600.0,452600.0,3.2,2026-04-04,N,fashion,2023-04-09,customer1257@example.com,1,40대,Medium
CUST100520,Female,43.0,Gwangju,Basic,9.0,96100.0,337200.0,3.2,2026-04-29,Y,home,2022-08-11,customer520@example.com,1,40대,Medium
CUST101042,Female,27.0,Incheon,Basic,10.0,95800.0,322600.0,3.9,2025-11-30,N,food,2025-12-04,customer1042@example.com,1,20대 이하,Medium
CUST100115,Female,51.0,Gyeonggi,Silver,7.0,116900.0,475900.0,4.8,2026-05-23,Y,sports,2023-01-26,customer115@example.com,1,50대,Medium
CUST100966,Female,40.0,Busan,Basic,4.0,86500.0,156000.0,3.1,2026-05-25,N,food,2022-02-13,customer966@example.com,0,40대,Low
CUST100898,Female,39.0,Seoul,Silver,6.0,51300.0,159700.0,2.7,2026-06-22,N,fashion,2020-07-21,customer898@example.com,0,30대,Low
CUST100158,Female,37.0,Seoul,VIP,10.0,213600.0,597100.0,3.9,2026-02-06,N,food,2024-07-09,customer158@example.com,1,30대,High
CUST100480,Female,50.0,Seoul,Basic,6.0,87600.0,89000.0,4.3,2026-05-03,N,beauty,2024-05-02,customer480@example.com,0,50대,Low
CUST100734,Female,39.0,Gyeonggi,Silver,9.0,110000.0,245700.0,3.3,2026-03-29,N,home,2023-09-23,customer734@example.com,0,30대,Medium
CUST101379,Female,62.0,Busan,Basic,7.0,45100.0,97400.0,4.2,2026-04-19,N,sports,2025-06-24,customer1379@example.com,0,60대 이상,Low
CUST100206,Female,27.0,Gyeonggi,Silver,14.0,132800.0,628300.0,3.6,2026-04-11,Y,sports,2024-05-18,customer206@example.com,0,20대 이하,High
CUST101293,Female,43.0,Busan,Basic,5.0,172000.0,483700.0,4.1,2026-05-11,Y,electronics,2024-02-12,customer1293@example.com,1,40대,Medium
CUST100042,Female,44.0,Seoul,Silver,5.0,131000.0,288900.0,2.7,2026-04-20,N,fashion,2022-10-15,customer42@example.com,0,40대,Medium
CUST100411,Male,24.0,Gyeonggi,Gold,10.0,155700.0,276800.0,3.6,2026-04-17,Y,sports,2022-03-31,customer411@example.com,1,20대 이하,Medium
CUST100884,Female,22.0,Incheon,Basic,12.0,87500.0,517800.0,4.7,2026-02-11,Y,fashion,2024-06-21,customer884@example.com,0,20대 이하,Medium
CUST100469,Female,30.0,Gyeonggi,Silver,17.0,212700.0,701600.0,3.9,2025-12-21,Y,electronics,2022-12-23,customer469@example.com,1,30대,High
CUST100463,Female,41.0,Gwangju,gold,9.0,44900.0,149500.0,2.4,2026-04-20,N,fashion,2023-06-03,customer463@example.com,0,40대,Low
CUST100299,Female,36.0,Incheon,Basic,12.0,95400.0,517600.0,3.2,2026-03-24,N,food,2022-05-22,customer299@example.com,1,30대,Medium
CUST101254,Female,28.0,Gyeonggi,Basic,9.0,131600.0,404200.0,5.0,2026-06-05,Y,food,2021-09-27,customer1254@example.com,1,20대 이하,Medium
CUST100146,Female,33.0,Gyeonggi,Basic,8.0,45600.0,47900.0,2.3,2026-05-29,Y,food,2024-04-30,customer146@example.com,0,30대,Low
CUST100701,Female,34.0,Busan,Basic,7.0,124400.0,408900.0,4.3,2026-05-31,Y,beauty,2020-08-10,customer701@example.com,1,30대,Medium
CUST100590,Female,46.0,Daegu,Silver,10.0,122600.0,675000.0,3.1,2026-01-30,Y,food,2021-06-09,customer590@example.com,0,40대,High
CUST101301,Female,22.0,Gyeonggi,Gold,8.0,180100.0,335600.0,3.4,2026-04-29,N,electronics,2021-10-13,customer1301@example.com,1,20대 이하,Medium
CUST100103,Female,37.0,Daejeon,Basic,5.0,69900.0,178900.0,4.2,2026-03-22,N,food,2025-05-26,customer103@example.com,1,30대,Low
CUST100527,Female,41.0,Seoul,Basic,7.0,50000.0,98800.0,3.3,2026-04-17,N,home,2022-11-21,customer527@example.com,0,40대,Low
CUST100791,Female,34.0,Busan,Silver,12.0,207400.0,1075975.0,3.3,2026-02-09,Y,sports,2021-07-04,customer791@example.com,1,30대,High
CUST101372,Female,25.0,Seoul,Silver,8.0,59900.0,221100.0,4.6,2026-03-28,N,food,2025-12-16,customer1372@example.com,1,20대 이하,Medium
CUST101218,Female,63.0,Seoul,Gold,8.0,127200.0,439700.0,4.0,2026-03-06,N,beauty,2024-07-22,customer1218@example.com,1,60대 이상,Medium
CUST100214,Female,38.0,Seoul,VIP,11.0,235200.0,811300.0,3.3,2026-06-07,N,electronics,2023-11-02,customer214@example.com,1,30대,High
CUST101196,Female,39.0,Gyeonggi,Gold,12.0,91500.0,176900.0,3.8,2026-02-01,Y,food,2020-10-16,customer1196@example.com,1,30대,Low
CUST100991,Female,39.0,Seoul,Silver,11.0,169800.0,389500.0,3.9,2026-01-15,N,fashion,2023-06-01,customer991@example.com,0,30대,Medium
CUST100598,Female,50.0,Gwangju,Silver,10.0,126100.0,262700.0,2.2,2026-05-12,N,beauty,2020-09-14,customer598@example.com,0,50대,Medium
CUST100455,Female,34.0,Seoul,Silver,17.0,116300.0,121000.0,3.0,2026-03-14,Y,fashion,2025-10-25,customer455@example.com,0,30대,Low
CUST100307,Female,39.0,Seoul,Gold,7.0,145300.0,394300.0,2.5,2026-03-07,N,fashion,2023-08-01,customer307@example.com,0,30대,Medium
CUST100914,Female,34.0,Daejeon,Basic,9.0,56000.0,52300.0,3.7,2026-03-13,N,food,2025-11-15,customer914@example.com,0,30대,Low
CUST100014,Female,50.0,Daegu,Silver,12.0,162300.0,1075975.0,4.1,2026-03-06,Y,electronics,2025-12-21,customer14@example.com,1,50대,High
CUST100046,Female,26.0,Gwangju,Silver,10.0,150400.0,460200.0,4.7,2026-05-07,Y,fashion,2022-07-14,customer46@example.com,1,20대 이하,Medium
CUST101057,Female,31.0,Gyeonggi,Basic,7.0,103500.0,286300.0,3.3,2026-05-17,N,food,2025-12-24,customer1057@example.com,0,30대,Medium
CUST100592,Female,38.0,Seoul,Silver,11.0,133800.0,833100.0,4.6,2026-05-28,N,beauty,2022-02-26,customer592@example.com,1,30대,High
CUST100625,Female,33.0,Gyeonggi,Silver,10.0,106500.0,465300.0,4.5,2026-03-07,Y,home,2025-06-28,customer625@example.com,1,30대,Medium
CUST101043,Female,31.0,Seoul,VIP,6.0,254775.0,777400.0,3.2,2026-05-24,Y,food,2021-11-13,customer1043@example.com,1,30대,High
CUST101190,Female,45.0,Gyeonggi,Basic,4.0,64700.0,118600.0,4.3,2026-05-23,Y,home,2024-08-11,customer1190@example.com,0,40대,Low
CUST100595,Female,42.0,Gyeonggi,Basic,10.0,143400.0,728100.0,3.0,2026-04-28,N,food,2021-08-17,customer595@example.com,0,40대,High
CUST100391,Female,41.0,Seoul,Silver,8.0,146900.0,406900.0,3.2,2026-05-18,Y,food,2023-11-27,customer391@example.com,1,40대,Medium
CUST100501,Female,47.0,Daegu,SILVER,11.0,92600.0,417900.0,4.4,2026-04-28,N,food,2021-05-15,customer501@example.com,1,40대,Medium
CUST100218,Female,32.0,Seoul,Basic,16.0,154200.0,475100.0,2.7,2026-05-23,N,home,2025-06-09,customer218@example.com,1,30대,Medium
CUST100576,Female,42.0,Daejeon,Gold,5.0,202000.0,390900.0,4.4,2026-04-09,Y,beauty,2023-04-07,customer576@example.com,1,40대,Medium
CUST100766,Female,49.0,Gyeonggi,Gold,7.0,205300.0,217500.0,4.5,2026-03-08,Y,home,2021-03-07,customer766@example.com,1,40대,Medium
CUST100647,Female,53.0,Incheon,Gold,9.0,162200.0,485300.0,4.3,2026-04-04,N,food,2025-04-21,customer647@example.com,1,50대,Medium
CUST101132,Female,18.0,Seoul,Gold,7.0,129100.0,120300.0,3.5,2026-06-20,N,fashion,2023-08-14,customer1132@example.com,0,20대 이하,Low
CUST100001,Female,60.0,Gyeonggi,Basic,9.0,106900.0,475000.0,4.2,2026-05-31,N,home,2024-09-25,customer1@example.com,1,60대 이상,Medium
CUST100061,Female,48.0,Daegu,VIP,15.0,174800.0,747800.0,3.2,2026-06-25,N,beauty,2021-09-29,customer61@example.com,1,40대,High
CUST101460,Female,53.0,Gyeonggi,Silver,10.0,133400.0,364900.0,3.1,2026-02-19,N,home,2021-04-26,customer1460@example.com,0,50대,Medium
CUST100325,Female,51.0,Gwangju,Gold,11.0,198400.0,1075975.0,3.3,2026-01-26,N,food,2025-11-13,customer325@example.com,1,50대,High
CUST100019,Female,33.0,Gyeonggi,Basic,9.0,72100.0,313900.0,3.7,2026-02-12,N,beauty,2022-03-02,customer19@example.com,0,30대,Medium
CUST101200,Female,18.0,Busan,Basic,9.0,61300.0,196000.0,3.0,2025-12-15,N,fashion,2025-05-23,customer1200@example.com,0,20대 이하,Medium
CUST101056,Female,44.0,Busan,Silver,10.0,96600.0,450400.0,1.8,2025-12-24,N,home,2021-02-11,customer1056@example.com,0,40대,Medium
CUST100890,Female,38.0,Busan,Basic,8.0,71000.0,186500.0,3.6,2026-05-21,Y,beauty,2023-06-12,customer890@example.com,0,30대,Medium
CUST100495,Female,50.0,Gyeonggi,Basic,11.0,108600.0,298300.0,3.7,2026-02-20,N,sports,2023-03-11,customer495@example.com,1,50대,Medium
CUST100924,Female,38.0,Incheon,Basic,12.0,126400.0,646800.0,4.4,2026-01-05,Y,fashion,2021-03-18,customer924@example.com,1,30대,High
CUST100358,Female,41.0,Gyeonggi,Basic,8.0,66300.0,120700.0,4.5,2026-04-04,Y,fashion,2023-09-22,customer358@example.com,0,40대,Low
CUST100029,Female,42.0,Daegu,Basic,4.0,65900.0,1075975.0,3.7,2026-01-12,Y,electronics,2023-02-17,customer29@example.com,0,40대,High
CUST101035,Female,40.0,Seoul,Silver,11.0,137700.0,581100.0,3.8,2026-06-21,Y,fashion,2022-08-10,customer1035@example.com,1,40대,High
CUST100012,Female,32.0,Seoul,Basic,8.0,91500.0,236200.0,4.8,2026-05-03,Y,fashion,2025-12-18,customer12@example.com,1,30대,Medium
CUST100387,Female,32.0,Seoul,Basic,6.0,49700.0,54300.0,2.2,2026-01-17,N,sports,2024-01-15,customer387@example.com,0,30대,Low
CUST100243,Female,23.0,Gyeonggi,Basic,12.0,54400.0,117200.0,5.0,2026-05-23,N,food,2024-12-22,customer243@example.com,0,20대 이하,Low
CUST100235,Female,18.0,Gyeonggi,Basic,5.0,28900.0,31300.0,4.8,2026-04-08,N,fashion,2022-06-24,customer235@example.com,0,20대 이하,Low
CUST100102,Female,56.0,Daejeon,Silver,11.0,86600.0,198800.0,4.9,2026-06-04,N,fashion,2021-08-09,customer102@example.com,1,50대,Medium
CUST100422,Female,46.0,Gyeonggi,gold,13.0,133700.0,374300.0,3.6,2026-04-05,N,beauty,2021-04-19,customer422@example.com,1,40대,Medium
CUST100530,Female,38.0,Gyeonggi,Gold,11.0,118300.0,439300.0,3.7,2026-03-24,Y,sports,2022-04-15,customer530@example.com,1,30대,Medium
CUST101145,Female,36.0,Daegu,Basic,9.0,27100.0,75000.0,3.3,2026-04-19,N,home,2020-09-18,customer1145@example.com,1,30대,Low
CUST100031,Female,52.0,Seoul,Basic,16.0,176400.0,1075975.0,3.3,2026-03-29,N,fashion,2024-05-20,customer31@example.com,1,50대,High
CUST101061,Female,32.0,Daejeon,Basic,12.0,113000.0,595700.0,4.5,2026-04-24,Y,sports,2025-02-12,customer1061@example.com,1,30대,High
CUST100948,Female,29.0,Daejeon,Silver,6.0,10500.0,23400.0,2.5,2026-03-16,N,fashion,2025-02-01,customer948@example.com,0,20대 이하,Low
CUST101195,Female,48.0,Gwangju,Gold,8.0,112500.0,486700.0,3.3,2026-04-05,N,food,2025-06-30,customer1195@example.com,1,40대,Medium
CUST100802,Female,56.0,Seoul,Gold,11.0,144000.0,654000.0,2.3,2026-06-01,Y,beauty,2021-10-06,customer802@example.com,0,50대,High
CUST100310,Female,61.0,Incheon,Basic,9.0,45500.0,92200.0,3.3,2026-06-02,Y,sports,2025-03-28,customer310@example.com,0,60대 이상,Low
CUST100543,Female,35.0,Gyeonggi,Basic,6.0,101700.0,190400.0,3.2,2026-02-27,Y,electronics,2024-05-27,customer543@example.com,0,30대,Medium
CUST100080,Female,23.0,Seoul,Silver,9.0,154000.0,294700.0,2.4,2026-06-01,Y,food,2022-11-16,customer80@example.com,0,20대 이하,Medium
CUST100762,Female,50.0,Seoul,Silver,6.0,114700.0,229400.0,4.1,2026-06-06,N,food,2022-12-14,customer762@example.com,0,50대,Medium
CUST100149,Female,38.0,Gwangju,Gold,5.0,240000.0,440500.0,3.4,2026-01-08,Y,electronics,2024-09-15,customer149@example.com,1,30대,Medium
CUST100718,Female,42.0,Seoul,Silver,11.0,83400.0,481600.0,3.8,2026-02-19,Y,home,2022-07-15,customer718@example.com,1,40대,Medium
CUST100584,Female,34.0,Seoul,Basic,16.0,91800.0,283000.0,3.6,2025-08-29,N,food,2024-09-13,customer584@example.com,1,30대,Medium
CUST100689,Female,50.0,Gyeonggi,Silver,7.0,61200.0,136300.0,3.6,2026-06-04,N,food,2024-08-17,customer689@example.com,0,50대,Low
CUST100951,Female,40.0,Busan,Basic,11.0,89600.0,571000.0,2.3,2026-03-02,Y,food,2023-12-19,customer951@example.com,1,40대,High
CUST100707,Female,29.0,Seoul,Basic,6.0,95300.0,184900.0,4.5,2026-05-28,Y,beauty,2021-08-24,customer707@example.com,0,20대 이하,Low
CUST100032,Female,54.0,Daegu,Silver,9.0,125800.0,585100.0,3.4,2026-05-19,N,fashion,2025-10-05,customer32@example.com,1,50대,High
CUST100674,Female,51.0,Daegu,Basic,13.0,73700.0,157500.0,3.8,2026-03-12,N,sports,2024-10-25,customer674@example.com,1,50대,Low
CUST100068,Female,47.0,Daejeon,VIP,9.0,254775.0,717100.0,3.1,2026-05-13,N,home,2025-12-11,customer68@example.com,1,40대,High
CUST100216,Female,39.0,Incheon,Gold,9.0,188000.0,742200.0,4.0,2026-06-01,N,home,2023-05-16,customer216@example.com,1,30대,High
CUST100557,Female,31.0,Gwangju,Gold,3.0,137100.0,289900.0,5.0,2026-05-18,N,home,2024-08-20,customer557@example.com,1,30대,Medium
CUST100650,Female,22.0,Daejeon,Basic,8.0,72200.0,131200.0,4.0,2026-04-21,N,fashion,2022-12-28,customer650@example.com,0,20대 이하,Low
CUST100118,Female,58.0,Seoul,VIP,8.0,135300.0,134900.0,3.0,2026-01-19,Y,fashion,2023-12-09,customer118@example.com,1,50대,Low
CUST100417,Female,35.0,Daegu,Basic,14.0,119800.0,679800.0,4.6,2026-03-26,Y,electronics,2021-09-18,customer417@example.com,1,30대,High
CUST100832,Female,53.0,Gyeonggi,Gold,11.0,74400.0,265800.0,5.0,2026-05-11,N,sports,2021-07-27,customer832@example.com,1,50대,Medium
CUST101157,Female,36.0,Seoul,Basic,9.0,58900.0,55000.0,1.1,2026-05-09,Y,food,2025-11-26,customer1157@example.com,0,30대,Low
CUST100639,Female,38.0,Gyeonggi,Basic,17.0,131200.0,661800.0,2.5,2026-05-12,Y,home,2024-03-01,customer639@example.com,1,30대,High
CUST100333,Female,29.0,Gyeonggi,Basic,9.0,43700.0,93100.0,4.8,2026-05-18,N,food,2023-01-22,customer333@example.com,1,20대 이하,Low
CUST100957,Female,34.0,Incheon,Basic,9.0,145900.0,271200.0,3.4,2025-12-24,Y,beauty,2021-01-26,customer957@example.com,0,30대,Medium
CUST101319,Female,44.0,Daejeon,Basic,11.0,95700.0,309200.0,4.3,2026-06-06,N,fashion,2020-10-26,customer1319@example.com,1,40대,Medium
CUST100180,Female,34.0,Gyeonggi,Silver,11.0,162500.0,852300.0,2.9,2026-04-12,Y,beauty,2021-09-26,customer180@example.com,0,30대,High
CUST101407,Female,29.0,Incheon,Gold,8.0,173400.0,487300.0,3.5,2026-02-02,Y,home,2022-11-01,customer1407@example.com,1,20대 이하,Medium
CUST100098,Female,38.0,Gyeonggi,Basic,9.0,36000.0,103000.0,2.9,2026-06-04,N,food,2025-10-12,customer98@example.com,0,30대,Low
CUST100015,Female,33.0,Gwangju,Basic,17.0,178400.0,1075975.0,3.7,2026-05-22,Y,electronics,2022-02-19,customer15@example.com,1,30대,High
CUST100227,Female,47.0,Seoul,Basic,9.0,56400.0,196400.0,3.7,2026-06-22,Y,home,2021-08-05,customer227@example.com,0,40대,Medium
CUST100072,Female,56.0,Gyeonggi,Basic,7.0,83600.0,237400.0,3.9,2026-04-10,N,home,2025-08-18,customer72@example.com,0,50대,Medium
CUST100027,Female,27.0,Gwangju,Silver,8.0,147300.0,491600.0,3.4,2026-06-16,N,electronics,2024-06-21,customer27@example.com,0,20대 이하,Medium
CUST100565,Female,26.0,Seoul,Gold,17.0,242400.0,1075975.0,3.5,2026-04-11,Y,fashion,2024-03-14,customer565@example.com,1,20대 이하,High
CUST100017,Female,25.0,Seoul,VIP,11.0,180600.0,598800.0,4.1,2026-01-05,N,fashion,2021-02-27,customer17@example.com,1,20대 이하,High
CUST100323,Female,26.0,Daegu,Silver,4.0,138900.0,139600.0,3.1,2026-06-23,Y,home,2022-03-30,customer323@example.com,0,20대 이하,Low
CUST100412,Female,53.0,Seoul,Basic,10.0,130000.0,595400.0,4.1,2026-04-27,Y,electronics,2025-01-01,customer412@example.com,1,50대,High
CUST101074,Female,43.0,Seoul,Gold,12.0,184500.0,549000.0,2.8,2026-06-21,Y,beauty,2020-07-20,customer1074@example.com,1,40대,High
CUST100768,Female,46.0,Daegu,Basic,7.0,145500.0,128600.0,3.3,2026-05-03,Y,electronics,2025-02-01,customer768@example.com,1,40대,Low
CUST100193,Female,18.0,Daejeon,silver,7.0,106100.0,107800.0,4.0,2026-04-04,N,electronics,2024-01-10,customer193@example.com,0,20대 이하,Low
CUST100245,Female,39.0,Incheon,Basic,6.0,47700.0,43500.0,3.9,2026-05-08,Y,fashion,2022-12-30,customer245@example.com,1,30대,Low
CUST100321,Female,45.0,Seoul,Basic,7.0,97400.0,97700.0,3.3,2026-06-12,Y,home,2024-07-06,customer321@example.com,0,40대,Low
CUST101256,Female,32.0,Busan,Gold,12.0,201500.0,1075975.0,3.9,2026-05-16,N,fashion,2024-12-20,customer1256@example.com,1,30대,High
CUST101006,Female,47.0,Seoul,VIP,4.0,235100.0,520300.0,1.6,2026-05-15,N,electronics,2023-03-31,customer1006@example.com,0,40대,Medium
CUST101116,Female,35.0,Gyeonggi,Basic,12.0,89600.0,372200.0,3.9,2026-04-27,N,food,2024-01-28,customer1116@example.com,1,30대,Medium
CUST101491,Female,18.0,Seoul,Basic,9.0,108000.0,275900.0,2.0,2026-04-07,Y,electronics,2021-10-04,customer1491@example.com,0,20대 이하,Medium
CUST100546,Female,36.0,Daegu,Basic,13.0,124400.0,216600.0,3.4,2026-02-24,N,food,2020-07-25,customer546@example.com,0,30대,Medium
CUST101259,Female,33.0,Gyeonggi,Silver,10.0,154000.0,343100.0,5.0,2026-05-13,N,fashion,2021-02-26,customer1259@example.com,0,30대,Medium
CUST100801,Female,36.0,Incheon,Silver,11.0,124900.0,275100.0,3.0,2026-05-28,Y,sports,2023-03-23,customer801@example.com,0,30대,Medium
CUST100156,Female,50.0,Seoul,Basic,9.0,204800.0,457300.0,4.3,2026-05-08,Y,electronics,2025-05-21,customer156@example.com,1,50대,Medium
CUST100821,Female,25.0,Seoul,Basic,3.0,125400.0,108500.0,5.0,2026-04-14,N,electronics,2023-09-04,customer821@example.com,0,20대 이하,Low
CUST100772,Female,31.0,Incheon,Silver,7.0,127000.0,366300.0,3.5,2026-05-27,N,beauty,2025-05-12,customer772@example.com,1,30대,Medium
CUST101021,Female,53.0,Gyeonggi,Gold,11.0,129500.0,1075975.0,4.7,2026-06-08,N,fashion,2025-05-31,customer1021@example.com,1,50대,High
CUST100594,Female,30.0,Gyeonggi,Basic,6.0,81300.0,280100.0,3.4,2026-05-04,Y,fashion,2021-11-21,customer594@example.com,1,30대,Medium
CUST100638,Female,36.0,Seoul,Silver,6.0,75800.0,143100.0,4.0,2026-04-23,N,food,2022-04-23,customer638@example.com,0,30대,Low
CUST101153,Female,40.0,Incheon,Basic,10.0,139800.0,782300.0,3.4,2026-02-18,N,fashion,2022-07-05,customer1153@example.com,1,40대,High
CUST100228,Female,36.0,Seoul,Basic,4.0,78900.0,160600.0,4.1,2026-05-14,Y,food,2023-02-04,customer228@example.com,0,30대,Low
CUST100725,Female,43.0,Seoul,silver,9.0,141700.0,476800.0,3.5,2026-06-08,N,beauty,2023-10-14,customer725@example.com,0,40대,Medium
CUST101250,Female,41.0,Gwangju,Silver,9.0,167200.0,366800.0,3.1,2026-04-27,Y,electronics,2021-01-04,customer1250@example.com,0,40대,Medium
CUST101292,Female,50.0,Seoul,Silver,11.0,115900.0,373200.0,3.7,2026-04-06,Y,home,2023-06-17,customer1292@example.com,0,50대,Medium
CUST101010,Female,56.0,Incheon,Basic,5.0,14400.0,28800.0,3.0,2026-01-27,N,fashion,2023-08-23,customer1010@example.com,0,50대,Low
CUST100472,Female,21.0,Seoul,Basic,9.0,64100.0,164900.0,3.6,2026-02-13,Y,fashion,2024-10-11,customer472@example.com,0,20대 이하,Low
CUST100276,Female,47.0,Busan,Silver,6.0,169800.0,175500.0,3.5,2026-06-17,Y,electronics,2021-02-12,customer276@example.com,1,40대,Low
CUST100231,Female,57.0,Incheon,Basic,13.0,85200.0,442700.0,4.0,2026-05-04,Y,sports,2021-06-07,customer231@example.com,1,50대,Medium
CUST101095,Female,26.0,Seoul,Silver,5.0,92100.0,101500.0,4.9,2026-05-20,N,food,2022-07-07,customer1095@example.com,0,20대 이하,Low
CUST101497,Female,36.0,Incheon,Gold,10.0,136300.0,652200.0,3.7,2026-03-18,Y,home,2025-01-11,customer1497@example.com,0,30대,High
CUST100789,Female,51.0,Gyeonggi,Basic,8.0,74300.0,234700.0,4.1,2026-03-12,N,beauty,2020-07-13,customer789@example.com,0,50대,Medium
CUST101247,Female,25.0,Daejeon,Basic,8.0,99600.0,93700.0,4.1,2026-05-08,Y,electronics,2024-04-04,customer1247@example.com,1,20대 이하,Low
CUST100556,Female,38.0,Seoul,Basic,9.0,71700.0,156900.0,4.0,2026-04-11,N,fashion,2020-12-22,customer556@example.com,0,30대,Low
CUST100286,Female,18.0,Seoul,Silver,16.0,102300.0,831200.0,3.0,2026-04-05,N,fashion,2025-01-26,customer286@example.com,0,20대 이하,High
CUST100977,Female,33.0,Busan,Basic,8.0,46000.0,163900.0,5.0,2026-03-29,Y,beauty,2025-04-05,customer977@example.com,1,30대,Low
CUST100641,Female,38.0,Daejeon,Silver,12.0,149900.0,302600.0,3.4,2026-05-23,N,fashion,2024-07-16,customer641@example.com,0,30대,Medium
CUST100082,Female,36.0,Daejeon,Gold,7.0,143100.0,399500.0,3.4,2026-05-11,Y,fashion,2020-09-23,customer82@example.com,0,30대,Medium
CUST101437,Female,53.0,Daejeon,basic,9.0,94900.0,384200.0,4.1,2026-05-25,N,fashion,2022-12-23,customer1437@example.com,0,50대,Medium
CUST100569,Female,42.0,Gyeonggi,Basic,6.0,59100.0,118800.0,4.5,2026-04-12,N,food,2022-05-05,customer569@example.com,0,40대,Low
CUST100285,Female,52.0,Daejeon,Gold,6.0,99800.0,175200.0,2.0,2026-06-06,N,home,2023-05-04,customer285@example.com,0,50대,Low
CUST101144,Female,26.0,Seoul,VIP,8.0,143000.0,612500.0,4.1,2026-03-12,Y,sports,2021-03-18,customer1144@example.com,1,20대 이하,High
CUST101453,Female,23.0,Daegu,VIP,8.0,174500.0,350100.0,4.0,2026-03-30,N,sports,2025-02-11,customer1453@example.com,1,20대 이하,Medium
CUST101067,Female,18.0,Seoul,Basic,7.0,95800.0,216200.0,1.8,2026-02-10,Y,electronics,2022-06-10,customer1067@example.com,0,20대 이하,Medium
CUST100593,Female,33.0,Gyeonggi,Basic,14.0,214200.0,761200.0,3.7,2026-05-09,N,beauty,2025-07-20,customer593@example.com,1,30대,High
CUST100597,Female,26.0,Gyeonggi,Gold,10.0,192400.0,710900.0,4.5,2025-11-25,N,sports,2020-09-14,customer597@example.com,1,20대 이하,High
CUST101289,Female,39.0,Daegu,Silver,14.0,69500.0,259800.0,1.6,2026-05-25,Y,home,2023-05-20,customer1289@example.com,1,30대,Medium
CUST100044,Female,40.0,Busan,VIP,14.0,196100.0,1075975.0,4.4,2026-05-18,Y,fashion,2021-02-02,customer44@example.com,1,40대,High
CUST100272,Female,33.0,Gyeonggi,Gold,7.0,111100.0,205600.0,3.7,2026-04-05,N,fashion,2025-07-24,customer272@example.com,1,30대,Medium
CUST101450,Female,41.0,Busan,basic,6.0,35100.0,40100.0,3.1,2026-05-29,Y,sports,2024-02-27,customer1450@example.com,1,40대,Low
CUST101088,Female,27.0,Incheon,Basic,13.0,71400.0,292000.0,2.9,2026-04-05,Y,sports,2021-08-14,customer1088@example.com,0,20대 이하,Medium
CUST100447,Female,49.0,Gwangju,Basic,8.0,80300.0,245200.0,4.4,2026-06-24,N,home,2024-04-01,customer447@example.com,1,40대,Medium
CUST100853,Female,37.0,Daejeon,Silver,9.0,186100.0,592300.0,3.7,2026-02-08,Y,electronics,2025-02-13,customer853@example.com,1,30대,High
CUST101476,Female,55.0,Daejeon,Silver,6.0,36700.0,113500.0,5.0,2026-06-03,Y,fashion,2021-08-24,customer1476@example.com,1,50대,Low
CUST101000,Female,51.0,Incheon,Silver,8.0,147300.0,133400.0,3.8,2026-06-09,N,beauty,2025-12-18,customer1000@example.com,0,50대,Low
CUST100537,Female,37.0,Seoul,Basic,12.0,41900.0,274800.0,4.5,2026-04-04,Y,beauty,2025-06-30,customer537@example.com,1,30대,Medium
CUST100849,Female,43.0,Gyeonggi,Basic,8.0,59900.0,51600.0,4.3,2026-06-24,Y,fashion,2025-01-10,customer849@example.com,0,40대,Low
CUST101106,Female,21.0,Gyeonggi,Basic,6.0,43300.0,111000.0,3.0,2026-05-01,Y,fashion,2022-09-21,customer1106@example.com,0,20대 이하,Low
CUST100021,Female,25.0,Daejeon,Basic,11.0,83400.0,213200.0,4.3,2026-01-04,N,beauty,2021-09-30,customer21@example.com,0,20대 이하,Medium
CUST100573,Female,49.0,Seoul,Basic,8.0,70600.0,226600.0,3.8,2026-05-08,N,beauty,2024-07-14,customer573@example.com,0,40대,Medium
CUST100482,Female,24.0,Gyeonggi,VIP,7.0,139800.0,272200.0,4.3,2026-02-06,Y,food,2025-11-15,customer482@example.com,0,20대 이하,Medium
CUST100084,Female,38.0,Gyeonggi,Basic,7.0,116200.0,228700.0,2.5,2026-04-09,N,beauty,2023-08-08,customer84@example.com,0,30대,Medium
CUST101386,Female,52.0,Gyeonggi,Silver,8.0,143600.0,447100.0,4.7,2026-04-17,Y,electronics,2024-07-17,customer1386@example.com,1,50대,Medium
CUST100715,Female,56.0,Seoul,Silver,10.0,99600.0,352300.0,3.6,2026-02-27,N,beauty,2025-08-26,customer715@example.com,0,50대,Medium
CUST101298,Female,47.0,Seoul,Basic,6.0,51600.0,152300.0,2.8,2026-01-05,N,fashion,2023-04-16,customer1298@example.com,0,40대,Low
CUST100179,Female,39.0,Gwangju,Silver,9.0,44400.0,180900.0,3.9,2026-05-17,N,food,2025-10-27,customer179@example.com,0,30대,Low
CUST100186,Female,40.0,Seoul,Silver,12.0,127000.0,476300.0,4.5,2026-06-21,Y,home,2024-11-18,customer186@example.com,0,40대,Medium
CUST100493,Female,37.0,Seoul,Gold,11.0,194600.0,779500.0,4.4,2025-12-27,N,beauty,2021-11-03,customer493@example.com,1,30대,High
CUST100347,Female,31.0,Seoul,VIP,10.0,254775.0,1075975.0,2.6,2026-03-17,N,electronics,2024-10-25,customer347@example.com,1,30대,High
CUST100497,Female,35.0,Gyeonggi,Basic,8.0,16400.0,49600.0,3.6,2026-03-28,Y,beauty,2024-10-31,customer497@example.com,1,30대,Low
CUST101064,Female,46.0,Seoul,Gold,9.0,143400.0,759800.0,3.4,2026-02-15,N,fashion,2023-02-07,customer1064@example.com,1,40대,High
CUST100566,Female,33.0,Incheon,Silver,5.0,118300.0,380900.0,3.4,2026-06-04,N,sports,2025-04-26,customer566@example.com,1,30대,Medium
CUST101094,Female,36.0,Gyeonggi,Basic,13.0,97200.0,321000.0,4.3,2026-03-04,N,food,2022-10-30,customer1094@example.com,1,30대,Medium
CUST101207,Female,59.0,Daegu,Silver,8.0,245800.0,743300.0,3.6,2026-05-17,Y,electronics,2024-11-09,customer1207@example.com,1,50대,High
CUST101427,Female,42.0,Incheon,Silver,3.0,93700.0,86300.0,2.2,2026-06-01,N,fashion,2023-09-22,customer1427@example.com,0,40대,Low
CUST100264,Male,32.0,Seoul,Gold,4.0,72000.0,122900.0,4.2,2026-04-30,Y,food,2024-06-26,customer264@example.com,0,30대,Low
CUST100104,Female,41.0,Daejeon,Basic,14.0,156900.0,715600.0,3.6,2026-06-06,Y,electronics,2020-08-30,customer104@example.com,1,40대,High
CUST101079,Female,42.0,Gyeonggi,Silver,8.0,94000.0,422200.0,3.6,2026-03-26,N,food,2025-06-13,customer1079@example.com,0,40대,Medium
CUST101188,Female,43.0,Daegu,Silver,17.0,169900.0,535700.0,4.7,2026-05-16,N,beauty,2023-05-19,customer1188@example.com,1,40대,Medium
CUST101178,Female,56.0,Daejeon,Silver,11.0,125800.0,350400.0,3.9,2026-04-25,N,sports,2024-04-04,customer1178@example.com,1,50대,Medium
CUST101060,Female,40.0,Gyeonggi,Silver,7.0,98100.0,309000.0,5.0,2026-05-15,Y,sports,2024-07-01,customer1060@example.com,1,40대,Medium
CUST100494,Female,41.0,Gwangju,silver,6.0,148300.0,325400.0,2.7,2026-06-21,Y,electronics,2022-08-01,customer494@example.com,0,40대,Medium
CUST100612,Female,49.0,Gyeonggi,Gold,7.0,100100.0,101100.0,3.1,2025-12-29,N,home,2024-08-02,customer612@example.com,0,40대,Low
CUST100633,Female,21.0,Seoul,Silver,11.0,185000.0,585100.0,5.0,2026-05-11,Y,electronics,2020-11-26,customer633@example.com,1,20대 이하,High
CUST100355,Female,39.0,Incheon,Silver,12.0,170700.0,358700.0,3.3,2026-03-25,N,sports,2024-02-07,customer355@example.com,0,30대,Medium
CUST101323,Female,18.0,Gyeonggi,Basic,5.0,70100.0,126700.0,1.6,2026-04-28,Y,fashion,2022-11-27,customer1323@example.com,0,20대 이하,Low
CUST100528,Female,57.0,Seoul,Silver,9.0,149500.0,384900.0,4.1,2026-05-31,N,beauty,2021-05-24,customer528@example.com,0,50대,Medium
CUST101015,Female,34.0,Daegu,VIP,6.0,178000.0,184200.0,3.4,2026-05-09,Y,sports,2023-10-08,customer1015@example.com,0,30대,Low
CUST101161,Female,32.0,Busan,VIP,9.0,146300.0,331900.0,3.5,2026-02-18,N,food,2020-12-17,customer1161@example.com,0,30대,Medium
CUST101358,Female,57.0,Gyeonggi,Basic,14.0,141600.0,663800.0,4.7,2026-04-17,Y,fashion,2025-04-27,customer1358@example.com,1,50대,High
CUST100575,Female,37.0,Gyeonggi,Silver,10.0,137000.0,240000.0,5.0,2026-06-26,N,fashion,2020-07-04,customer575@example.com,1,30대,Medium
CUST100055,Female,30.0,Gyeonggi,basic,6.0,63900.0,146700.0,3.8,2026-04-13,Y,food,2024-01-07,customer55@example.com,0,30대,Low
CUST100790,Female,43.0,Daejeon,Gold,6.0,80700.0,142500.0,3.9,2026-05-02,Y,home,2021-06-30,customer790@example.com,0,40대,Low
CUST100714,Female,32.0,Gyeonggi,Silver,11.0,134300.0,305900.0,4.0,2026-05-04,Y,electronics,2022-01-14,customer714@example.com,1,30대,Medium
CUST101329,Female,41.0,Gyeonggi,Basic,7.0,54000.0,58200.0,3.0,2026-04-26,N,fashion,2020-06-30,customer1329@example.com,0,40대,Low
CUST100147,Female,50.0,Daejeon,SILVER,12.0,196900.0,872300.0,3.9,2026-05-20,N,electronics,2020-07-23,customer147@example.com,1,50대,High
CUST101130,Female,39.0,Incheon,Silver,8.0,127600.0,466600.0,4.6,2026-03-25,Y,fashion,2025-09-04,customer1130@example.com,0,30대,Medium
CUST100908,Female,18.0,Daejeon,Basic,4.0,24000.0,27600.0,3.7,2026-02-13,N,sports,2024-03-25,customer908@example.com,0,20대 이하,Low
CUST101480,Female,44.0,Seoul,VIP,8.0,177900.0,311700.0,3.0,2026-05-19,N,sports,2025-05-05,customer1480@example.com,0,40대,Medium
CUST101234,Female,32.0,Seoul,VIP,9.0,212600.0,908200.0,2.6,2026-04-15,Y,home,2021-08-20,customer1234@example.com,1,30대,High
CUST100596,Female,48.0,Gwangju,Gold,7.0,143400.0,367600.0,3.7,2026-02-11,Y,sports,2022-12-03,customer596@example.com,0,40대,Medium
CUST100844,Female,46.0,Gyeonggi,Basic,15.0,146400.0,559500.0,2.9,2026-04-29,N,food,2020-07-13,customer844@example.com,1,40대,High
CUST100088,Female,41.0,Incheon,Silver,11.0,157300.0,783200.0,3.3,2026-05-17,Y,beauty,2020-09-27,customer88@example.com,0,40대,High
CUST100622,Female,39.0,Gyeonggi,Silver,10.0,126100.0,442900.0,4.2,2026-06-20,N,home,2025-09-15,customer622@example.com,1,30대,Medium
CUST100675,Female,38.0,Seoul,Gold,5.0,152200.0,343000.0,3.2,2026-05-28,N,food,2021-05-19,customer675@example.com,0,30대,Medium
CUST100112,Female,38.0,Busan,Silver,10.0,99100.0,212100.0,3.9,2026-02-17,Y,food,2021-01-20,customer112@example.com,0,30대,Medium
CUST101251,Female,25.0,Gyeonggi,Basic,12.0,124500.0,516500.0,4.3,2026-02-22,N,home,2024-11-03,customer1251@example.com,1,20대 이하,Medium
CUST100841,Female,32.0,Gyeonggi,VIP,11.0,190700.0,830100.0,2.7,2026-03-07,N,home,2024-02-09,customer841@example.com,1,30대,High
CUST100253,Female,42.0,Busan,VIP,8.0,147600.0,145500.0,3.5,2026-06-05,N,fashion,2022-09-26,customer253@example.com,1,40대,Low
CUST101400,Female,38.0,Gyeonggi,VIP,7.0,142700.0,268000.0,5.0,2026-05-13,N,fashion,2020-12-26,customer1400@example.com,1,30대,Medium
CUST100483,Female,38.0,Gwangju,Basic,7.0,83700.0,92700.0,3.8,2026-05-09,N,fashion,2025-05-09,customer483@example.com,0,30대,Low
CUST100894,Female,46.0,Gyeonggi,Basic,10.0,140100.0,735200.0,2.6,2026-05-31,Y,beauty,2021-04-25,customer894@example.com,1,40대,High
CUST100690,Female,43.0,Seoul,VIP,7.0,219500.0,564000.0,2.8,2026-06-04,N,electronics,2021-05-30,customer690@example.com,1,40대,High
CUST100558,Female,57.0,Gyeonggi,Silver,9.0,181000.0,619800.0,3.1,2026-03-31,Y,fashion,2022-05-31,customer558@example.com,1,50대,High
CUST100953,Female,41.0,Busan,Basic,14.0,130400.0,707100.0,3.8,2026-06-13,N,food,2023-11-23,customer953@example.com,1,40대,High
CUST100901,Female,25.0,Gyeonggi,Silver,7.0,51100.0,158000.0,4.9,2026-06-05,N,food,2025-04-14,customer901@example.com,0,20대 이하,Low
CUST100703,Female,25.0,Seoul,Basic,9.0,131900.0,666300.0,3.1,2026-04-11,Y,electronics,2022-05-10,customer703@example.com,1,20대 이하,High
CUST100454,Female,28.0,Daegu,Silver,7.0,156800.0,331600.0,4.5,2026-06-03,N,sports,2025-06-25,customer454@example.com,1,20대 이하,Medium
CUST100367,Female,33.0,Seoul,Basic,5.0,104900.0,115400.0,4.3,2026-02-09,N,electronics,2025-03-24,customer367@example.com,0,30대,Low
CUST100154,Female,49.0,Seoul,Silver,3.0,97300.0,169700.0,3.9,2026-03-28,N,home,2022-03-03,customer154@example.com,1,40대,Low
CUST100823,Female,41.0,Incheon,Basic,6.0,26900.0,72100.0,4.1,2026-04-29,Y,home,2024-03-29,customer823@example.com,1,40대,Low
CUST100489,Female,30.0,Seoul,Basic,11.0,94000.0,427400.0,3.9,2026-06-11,N,sports,2022-05-19,customer489@example.com,1,30대,Medium
CUST100555,Female,32.0,Incheon,Basic,7.0,36700.0,108400.0,3.2,2026-04-21,N,home,2022-12-06,customer555@example.com,0,30대,Low
CUST100855,Female,18.0,Incheon,Basic,4.0,135300.0,151200.0,3.5,2026-04-22,Y,fashion,2021-01-30,customer855@example.com,1,20대 이하,Low
CUST100461,Female,47.0,Daejeon,Silver,9.0,118500.0,336500.0,2.9,2026-06-13,Y,food,2023-06-14,customer461@example.com,0,40대,Medium
CUST100705,Female,35.0,Gwangju,Basic,11.0,73400.0,384700.0,3.3,2026-04-16,N,home,2021-01-19,customer705@example.com,0,30대,Medium
CUST100854,Female,63.0,Seoul,Basic,8.0,143300.0,630100.0,4.2,2026-05-14,N,electronics,2024-05-09,customer854@example.com,0,60대 이상,High
CUST101148,Female,27.0,Busan,Gold,2.0,85700.0,79200.0,3.3,2026-05-03,Y,beauty,2021-02-19,customer1148@example.com,0,20대 이하,Low
CUST101438,Female,49.0,Gwangju,Basic,13.0,44000.0,129600.0,2.8,2026-05-18,Y,sports,2020-08-12,customer1438@example.com,0,40대,Low
CUST100899,Female,47.0,Daegu,silver,11.0,117200.0,395400.0,4.8,2026-04-18,N,fashion,2021-03-01,customer899@example.com,0,40대,Medium
CUST101264,Female,46.0,Incheon,Basic,6.0,104600.0,313600.0,3.5,2026-06-11,N,fashion,2025-04-10,customer1264@example.com,0,40대,Medium
CUST101385,Female,54.0,Incheon,Gold,12.0,145700.0,637600.0,2.9,2026-04-07,N,fashion,2021-04-30,customer1385@example.com,1,50대,High
CUST101382,Female,41.0,Gyeonggi,Basic,9.0,42800.0,189400.0,3.9,2026-06-03,Y,home,2022-03-27,customer1382@example.com,0,40대,Medium
CUST100807,Female,30.0,Gyeonggi,Basic,5.0,97100.0,268900.0,3.5,2026-04-05,Y,beauty,2022-05-01,customer807@example.com,0,30대,Medium
CUST101284,Female,45.0,Gyeonggi,Gold,12.0,143400.0,904800.0,3.0,2026-05-02,Y,beauty,2021-10-26,customer1284@example.com,1,40대,High
CUST100165,Female,35.0,Gyeonggi,Gold,12.0,116500.0,630000.0,3.7,2026-06-24,N,fashion,2024-06-20,customer165@example.com,1,30대,High
CUST100695,Female,35.0,Gwangju,Basic,7.0,178500.0,201300.0,3.9,2026-03-13,Y,electronics,2025-05-01,customer695@example.com,0,30대,Medium
CUST101053,Female,35.0,Seoul,Silver,11.0,142900.0,666000.0,2.9,2026-06-15,N,beauty,2022-10-06,customer1053@example.com,1,30대,High
CUST100237,Female,42.0,Seoul,Basic,8.0,130400.0,134700.0,4.6,2026-04-21,N,electronics,2024-12-28,customer237@example.com,1,40대,Low
CUST101087,Female,36.0,Gyeonggi,Silver,13.0,117700.0,469300.0,3.3,2026-03-03,N,home,2025-08-09,customer1087@example.com,0,30대,Medium
CUST100551,Female,47.0,Incheon,Basic,15.0,56800.0,490100.0,4.6,2026-04-22,N,food,2020-12-16,customer551@example.com,1,40대,Medium
CUST100686,Female,50.0,Daegu,Gold,5.0,116900.0,111200.0,2.8,2026-06-22,N,home,2021-12-13,customer686@example.com,0,50대,Low
CUST101216,Female,30.0,Busan,Silver,11.0,160000.0,712100.0,3.5,2026-05-02,N,beauty,2024-06-12,customer1216@example.com,1,30대,High
CUST100190,Female,44.0,Incheon,Silver,13.0,175300.0,889100.0,4.9,2026-01-27,N,sports,2023-05-23,customer190@example.com,1,40대,High
CUST100536,Female,32.0,Gyeonggi,Silver,5.0,115300.0,197200.0,3.2,2026-05-17,N,beauty,2022-12-19,customer536@example.com,0,30대,Medium
CUST101430,Female,31.0,Gyeonggi,basic,7.0,151200.0,342000.0,3.3,2026-01-17,N,electronics,2021-04-16,customer1430@example.com,0,30대,Medium
CUST100624,Female,59.0,Incheon,Basic,10.0,84800.0,148800.0,5.0,2026-05-04,Y,home,2021-07-04,customer624@example.com,0,50대,Low
CUST100442,Female,41.0,Seoul,Basic,5.0,99900.0,227000.0,3.5,2026-06-17,Y,fashion,2022-02-15,customer442@example.com,0,40대,Medium
CUST100028,Female,38.0,Seoul,Basic,4.0,89100.0,101000.0,3.4,2026-05-19,N,sports,2023-06-23,customer28@example.com,0,30대,Low
CUST100452,Female,46.0,Busan,Silver,10.0,172100.0,752500.0,4.7,2026-03-24,N,sports,2021-04-09,customer452@example.com,1,40대,High
CUST100266,Female,40.0,Seoul,Silver,4.0,56600.0,116000.0,4.4,2026-04-06,N,food,2021-05-31,customer266@example.com,0,40대,Low
CUST100882,Female,23.0,Daejeon,Gold,6.0,98500.0,181600.0,4.5,2026-06-20,Y,fashion,2022-04-01,customer882@example.com,1,20대 이하,Low
CUST100432,Female,45.0,Gyeonggi,Silver,13.0,136600.0,664700.0,2.8,2026-03-30,Y,food,2022-05-23,customer432@example.com,1,40대,High
CUST101377,Female,37.0,Seoul,Basic,7.0,154900.0,350300.0,3.1,2026-02-19,N,electronics,2021-05-26,customer1377@example.com,0,30대,Medium
CUST100748,Female,46.0,Busan,Basic,10.0,87900.0,171400.0,3.8,2026-03-06,Y,food,2025-01-02,customer748@example.com,1,40대,Low
CUST101118,Female,43.0,Gyeonggi,VIP,8.0,198300.0,380100.0,3.8,2026-06-05,Y,food,2021-11-27,customer1118@example.com,1,40대,Medium
CUST100438,Female,25.0,Gyeonggi,Gold,6.0,152600.0,404300.0,3.7,2026-05-20,Y,home,2025-10-14,customer438@example.com,1,20대 이하,Medium
CUST101262,Female,43.0,Incheon,Silver,9.0,157200.0,361400.0,3.7,2026-03-09,Y,electronics,2023-02-21,customer1262@example.com,0,40대,Medium
CUST101165,Female,44.0,Gwangju,Basic,11.0,127800.0,676500.0,3.6,2026-04-18,N,beauty,2021-04-27,customer1165@example.com,0,40대,High
CUST100984,Female,37.0,Gyeonggi,Basic,14.0,87700.0,396900.0,2.4,2026-05-12,N,beauty,2024-10-01,customer984@example.com,1,30대,Medium
CUST100532,Female,38.0,Busan,Gold,8.0,131400.0,351700.0,4.3,2026-06-10,Y,food,2022-09-24,customer532@example.com,0,30대,Medium
CUST100162,Male,19.0,Gyeonggi,Silver,9.0,116500.0,376600.0,3.0,2026-02-07,N,beauty,2022-01-12,customer162@example.com,0,20대 이하,Medium
CUST100474,Female,31.0,Seoul,Basic,9.0,82400.0,147200.0,4.0,2026-04-22,Y,food,2025-03-11,customer474@example.com,0,30대,Low
CUST100739,Female,25.0,Gwangju,Basic,12.0,152100.0,795600.0,3.8,2026-04-21,N,beauty,2021-11-01,customer739@example.com,1,20대 이하,High
CUST100735,Female,26.0,Daegu,Silver,11.0,137100.0,776800.0,2.0,2026-06-08,N,beauty,2024-07-10,customer735@example.com,1,20대 이하,High
CUST100123,Female,51.0,Gyeonggi,Basic,9.0,227300.0,660900.0,3.7,2026-04-27,N,electronics,2021-07-01,customer123@example.com,1,50대,High
CUST100550,Female,44.0,Daegu,Basic,9.0,111300.0,436500.0,3.1,2026-04-03,Y,fashion,2021-01-15,customer550@example.com,0,40대,Medium
CUST100467,Female,29.0,Gyeonggi,Silver,10.0,132100.0,701300.0,3.5,2025-12-28,N,fashion,2020-07-10,customer467@example.com,0,20대 이하,High
CUST100142,Female,47.0,Gwangju,Silver,6.0,54800.0,114800.0,2.6,2026-05-17,Y,fashion,2025-03-27,customer142@example.com,0,40대,Low
CUST101168,Female,24.0,Daejeon,Basic,17.0,132000.0,739900.0,3.3,2026-04-21,Y,food,2024-02-09,customer1168@example.com,1,20대 이하,High
CUST101387,Female,53.0,Daejeon,Basic,12.0,106300.0,573800.0,3.8,2026-04-21,Y,fashion,2023-04-25,customer1387@example.com,1,50대,High
CUST101185,Female,39.0,Gyeonggi,Basic,17.0,41100.0,133900.0,4.5,2026-03-30,Y,home,2020-07-09,customer1185@example.com,0,30대,Low
CUST101431,Female,37.0,Seoul,Silver,9.0,56400.0,155700.0,2.5,2026-02-18,Y,beauty,2020-10-15,customer1431@example.com,1,30대,Low
CUST101226,Female,31.0,Gyeonggi,Basic,6.0,5000.0,5300.0,4.4,2026-06-08,Y,sports,2020-08-28,customer1226@example.com,1,30대,Low
CUST100504,Female,50.0,Gyeonggi,Silver,10.0,102800.0,354900.0,2.8,2026-05-03,Y,food,2022-01-06,customer504@example.com,1,50대,Medium
CUST101081,Female,51.0,Gyeonggi,Basic,4.0,89500.0,94600.0,3.3,2026-05-20,N,electronics,2022-12-08,customer1081@example.com,0,50대,Low
CUST100559,Female,54.0,Gwangju,Basic,6.0,43400.0,93700.0,4.4,2026-04-12,Y,beauty,2022-11-20,customer559@example.com,0,50대,Low
CUST100175,Female,36.0,Gyeonggi,VIP,13.0,254775.0,1075975.0,4.1,2026-04-03,Y,electronics,2024-01-19,customer175@example.com,1,30대,High
CUST100208,Female,46.0,Seoul,Basic,9.0,140000.0,408600.0,3.0,2026-03-06,N,fashion,2024-02-06,customer208@example.com,0,40대,Medium
CUST100514,Female,31.0,Incheon,Gold,13.0,254775.0,683700.0,2.7,2026-05-01,Y,electronics,2021-08-14,customer514@example.com,1,30대,High
CUST100874,Female,53.0,Gyeonggi,Basic,8.0,57500.0,195200.0,3.4,2026-05-08,N,beauty,2025-03-09,customer874@example.com,0,50대,Medium
CUST100418,Female,61.0,Gyeonggi,Gold,7.0,205500.0,753000.0,2.7,2026-03-26,N,electronics,2023-03-07,customer418@example.com,0,60대 이상,High
CUST100950,Female,45.0,Seoul,Silver,6.0,92700.0,90300.0,4.7,2026-05-10,Y,fashion,2024-05-03,customer950@example.com,0,40대,Low
CUST100161,Female,48.0,Daejeon,Basic,9.0,71900.0,244800.0,5.0,2026-04-12,N,beauty,2022-02-08,customer161@example.com,0,40대,Medium
CUST101278,Female,38.0,Gwangju,Basic,12.0,133000.0,346000.0,3.5,2026-05-07,N,home,2025-03-06,customer1278@example.com,0,30대,Medium
CUST100465,Female,43.0,Seoul,Basic,4.0,86000.0,183700.0,3.4,2026-06-27,N,electronics,2022-05-06,customer465@example.com,0,40대,Low
CUST100635,Female,34.0,Gyeonggi,Basic,8.0,100000.0,315800.0,2.6,2026-04-25,N,sports,2025-06-09,customer635@example.com,1,30대,Medium
CUST101415,Female,45.0,Seoul,Silver,7.0,43200.0,127900.0,3.3,2026-05-05,N,fashion,2022-05-08,customer1415@example.com,0,40대,Low
CUST100829,Female,45.0,Gyeonggi,Basic,10.0,107100.0,379600.0,4.9,2026-02-08,N,electronics,2021-03-13,customer829@example.com,0,40대,Medium
CUST101097,Female,46.0,Seoul,Silver,8.0,139700.0,585200.0,3.7,2026-03-04,N,home,2021-07-03,customer1097@example.com,0,40대,High
CUST100628,Female,31.0,Gwangju,Gold,9.0,87200.0,84200.0,3.3,2026-05-25,N,food,2024-02-09,customer628@example.com,0,30대,Low
CUST100229,Female,59.0,Busan,Gold,10.0,177400.0,307100.0,2.5,2026-04-29,Y,home,2023-10-12,customer229@example.com,1,50대,Medium
CUST100903,Female,18.0,Gyeonggi,Basic,8.0,51900.0,97900.0,5.0,2026-02-26,Y,home,2021-09-13,customer903@example.com,0,20대 이하,Low
CUST100943,Female,43.0,Daejeon,Silver,5.0,36800.0,68300.0,4.1,2026-06-10,N,beauty,2021-10-13,customer943@example.com,0,40대,Low
CUST100039,Female,40.0,Seoul,Gold,9.0,156500.0,350100.0,4.9,2025-10-09,Y,home,2021-12-28,customer39@example.com,1,40대,Medium
CUST101019,Female,18.0,Gyeonggi,Gold,11.0,177400.0,601300.0,2.8,2026-06-16,N,beauty,2025-12-23,customer1019@example.com,0,20대 이하,High
CUST100341,Female,34.0,Gyeonggi,Silver,8.0,65600.0,112500.0,4.6,2026-05-23,N,fashion,2025-12-25,customer341@example.com,0,30대,Low
CUST100926,Female,42.0,Daejeon,Silver,8.0,169100.0,1075975.0,4.9,2026-04-03,N,sports,2024-02-28,customer926@example.com,0,40대,High
CUST100529,Female,47.0,Gyeonggi,Basic,11.0,78100.0,393500.0,2.2,2026-05-29,N,fashion,2025-08-03,customer529@example.com,0,40대,Medium
CUST100653,Female,37.0,Seoul,Basic,9.0,142300.0,501000.0,5.0,2026-06-02,Y,food,2025-10-19,customer653@example.com,1,30대,Medium
CUST100738,Female,26.0,Busan,Silver,7.0,106100.0,278500.0,3.7,2026-06-06,Y,beauty,2021-01-23,customer738@example.com,1,20대 이하,Medium
CUST100836,Female,38.0,Busan,Gold,10.0,84000.0,479700.0,3.2,2026-01-24,N,fashion,2024-06-16,customer836@example.com,0,30대,Medium
CUST101020,Female,38.0,Gyeonggi,Gold,8.0,126100.0,414800.0,3.5,2026-06-17,Y,food,2022-02-21,customer1020@example.com,1,30대,Medium
CUST100331,Female,20.0,Daejeon,Basic,10.0,82200.0,167500.0,4.6,2026-06-12,N,fashion,2024-09-22,customer331@example.com,1,20대 이하,Low
CUST100318,Female,26.0,Gyeonggi,Gold,5.0,75400.0,143500.0,4.3,2026-03-01,N,home,2021-06-06,customer318@example.com,0,20대 이하,Low
CUST100758,Female,39.0,Gwangju,Basic,8.0,133400.0,267000.0,3.2,2026-05-17,N,electronics,2025-11-07,customer758@example.com,1,30대,Medium
CUST100490,Female,55.0,Gwangju,Silver,5.0,101900.0,90100.0,4.7,2026-03-21,N,sports,2023-12-02,customer490@example.com,0,50대,Low
CUST100833,Female,48.0,Busan,Basic,10.0,161500.0,698800.0,3.3,2025-12-22,N,home,2021-04-16,customer833@example.com,0,40대,High
CUST100795,Female,29.0,Gyeonggi,Basic,11.0,119500.0,414500.0,3.5,2026-05-13,N,beauty,2021-10-06,customer795@example.com,0,20대 이하,Medium
CUST100281,Female,45.0,Busan,Basic,6.0,85500.0,183800.0,3.8,2026-05-13,Y,home,2025-11-01,customer281@example.com,0,40대,Low
CUST100851,Female,45.0,Seoul,Basic,7.0,103700.0,227000.0,3.6,2026-03-24,N,food,2022-08-16,customer851@example.com,1,40대,Medium
CUST100054,Female,44.0,Seoul,VIP,11.0,113400.0,474600.0,4.6,2026-06-04,N,food,2025-12-28,customer54@example.com,1,40대,Medium
CUST100896,Female,48.0,Seoul,Basic,6.0,98100.0,221600.0,3.4,2026-05-11,N,beauty,2022-01-12,customer896@example.com,0,40대,Medium
CUST101151,Female,35.0,Busan,Basic,6.0,77400.0,153500.0,3.7,2026-04-01,N,home,2025-06-17,customer1151@example.com,0,30대,Low
CUST101404,Female,25.0,Gyeonggi,Gold,6.0,135600.0,353400.0,4.8,2025-09-30,N,fashion,2020-10-27,customer1404@example.com,0,20대 이하,Medium
CUST100887,Female,18.0,Incheon,Basic,6.0,81200.0,224100.0,4.2,2026-02-12,Y,fashion,2023-10-30,customer887@example.com,1,20대 이하,Medium
CUST101025,Female,30.0,Daejeon,Basic,9.0,117200.0,341400.0,3.8,2025-12-25,N,food,2022-02-11,customer1025@example.com,0,30대,Medium
CUST101396,Female,44.0,Seoul,Silver,9.0,95100.0,272300.0,4.2,2026-06-19,Y,food,2023-12-19,customer1396@example.com,1,40대,Medium
CUST100602,Female,53.0,Seoul,Basic,12.0,138000.0,627200.0,3.3,2026-04-06,N,electronics,2022-10-26,customer602@example.com,1,50대,High
CUST100222,Female,33.0,Daejeon,Basic,9.0,165500.0,499400.0,4.4,2026-04-03,Y,electronics,2024-07-08,customer222@example.com,1,30대,Medium
CUST101142,Female,44.0,Seoul,Basic,10.0,143900.0,413400.0,4.3,2026-05-14,N,sports,2022-05-09,customer1142@example.com,1,40대,Medium
CUST100607,Female,63.0,Gyeonggi,Gold,12.0,204000.0,1075975.0,3.0,2026-06-01,N,beauty,2025-10-02,customer607@example.com,1,60대 이상,High
CUST101458,Female,60.0,Gyeonggi,Gold,15.0,152100.0,283200.0,3.5,2026-01-22,Y,fashion,2023-06-22,customer1458@example.com,0,60대 이상,Medium
CUST100591,Female,38.0,Seoul,VIP,7.0,195200.0,379100.0,3.3,2026-06-04,Y,fashion,2024-07-24,customer591@example.com,1,30대,Medium
CUST100381,Female,45.0,Gyeonggi,Silver,7.0,75100.0,236800.0,4.3,2026-02-17,Y,home,2025-04-26,customer381@example.com,1,40대,Medium
CUST100200,Female,26.0,Gyeonggi,Gold,10.0,91400.0,326000.0,4.2,2026-04-26,N,sports,2021-05-30,customer200@example.com,0,20대 이하,Medium
CUST100811,Female,21.0,Gyeonggi,Silver,8.0,74800.0,167200.0,3.1,2026-06-25,Y,beauty,2023-10-02,customer811@example.com,0,20대 이하,Low
CUST100587,Female,29.0,Gyeonggi,Basic,11.0,45500.0,226500.0,4.3,2026-03-05,N,fashion,2024-07-09,customer587@example.com,0,20대 이하,Medium
CUST100753,Female,57.0,Incheon,Basic,17.0,64900.0,391500.0,4.0,2026-05-11,N,fashion,2021-02-12,customer753@example.com,1,50대,Medium
CUST101408,Female,18.0,Gwangju,Basic,5.0,100700.0,195400.0,4.2,2026-03-26,Y,beauty,2021-01-09,customer1408@example.com,0,20대 이하,Medium
CUST100895,Female,40.0,Daejeon,Basic,9.0,124200.0,518200.0,3.4,2026-03-16,N,food,2023-07-07,customer895@example.com,1,40대,Medium
CUST100665,Female,34.0,Daejeon,Basic,6.0,127200.0,425400.0,4.2,2026-03-25,N,beauty,2024-09-02,customer665@example.com,0,30대,Medium
CUST100905,Female,44.0,Gyeonggi,Gold,11.0,184600.0,835600.0,3.0,2026-03-30,Y,fashion,2022-03-14,customer905@example.com,1,40대,High
CUST100837,Female,49.0,Seoul,Basic,11.0,193400.0,603600.0,2.6,2026-03-14,N,electronics,2024-10-23,customer837@example.com,0,40대,High
CUST101365,Female,43.0,Seoul,Silver,8.0,202800.0,722900.0,3.3,2026-04-21,Y,electronics,2020-09-12,customer1365@example.com,0,40대,High
CUST101172,Female,49.0,Seoul,Silver,6.0,165800.0,567700.0,3.7,2026-05-21,Y,electronics,2021-04-20,customer1172@example.com,0,40대,High
CUST100384,Female,52.0,Seoul,Silver,9.0,139300.0,423000.0,4.9,2026-05-29,N,beauty,2020-11-20,customer384@example.com,1,50대,Medium
CUST100326,Female,33.0,Gyeonggi,Gold,13.0,133100.0,918600.0,3.7,2026-04-27,Y,sports,2024-06-04,customer326@example.com,1,30대,High
CUST100552,Female,48.0,Gwangju,Basic,8.0,145100.0,287800.0,2.2,2026-06-14,N,electronics,2020-07-08,customer552@example.com,1,40대,Medium
CUST100213,Female,30.0,Incheon,Silver,6.0,144000.0,466700.0,3.3,2026-02-15,Y,electronics,2021-03-26,customer213@example.com,0,30대,Medium
CUST101214,Female,39.0,Seoul,Basic,9.0,157100.0,150800.0,3.8,2025-11-28,N,beauty,2024-07-15,customer1214@example.com,0,30대,Low
CUST100219,Female,41.0,Gwangju,Basic,7.0,76000.0,145900.0,3.9,2026-04-24,N,home,2021-07-26,customer219@example.com,0,40대,Low
CUST101193,Female,41.0,Daegu,Basic,3.0,70400.0,70300.0,2.6,2026-02-16,N,sports,2021-11-14,customer1193@example.com,0,40대,Low
CUST100172,Female,20.0,Gyeonggi,Basic,8.0,77800.0,157800.0,3.8,2026-03-11,N,food,2021-09-25,customer172@example.com,0,20대 이하,Low
CUST100368,Female,23.0,Gyeonggi,basic,13.0,84000.0,543200.0,2.8,2026-06-23,Y,sports,2023-12-12,customer368@example.com,1,20대 이하,High
CUST100337,Female,30.0,Seoul,Silver,7.0,112100.0,371500.0,3.8,2026-05-13,N,home,2022-09-17,customer337@example.com,0,30대,Medium
CUST100721,Female,57.0,Daejeon,Silver,13.0,105400.0,339800.0,3.7,2026-06-14,Y,beauty,2025-04-24,customer721@example.com,0,50대,Medium
CUST100471,Female,45.0,Gwangju,Basic,9.0,117400.0,482300.0,3.7,2026-06-13,N,electronics,2022-01-23,customer471@example.com,0,40대,Medium
CUST101167,Female,39.0,Daegu,Gold,6.0,184300.0,419600.0,4.7,2026-06-26,N,electronics,2021-09-27,customer1167@example.com,1,30대,Medium
CUST101484,Female,36.0,Busan,Basic,8.0,105100.0,272500.0,3.3,2026-05-30,Y,sports,2021-03-10,customer1484@example.com,1,30대,Medium
CUST100886,Female,41.0,Busan,Gold,13.0,163400.0,740800.0,3.9,2026-04-29,Y,home,2024-01-23,customer886@example.com,0,40대,High
CUST100792,Female,62.0,Seoul,Silver,14.0,79900.0,167100.0,4.4,2026-04-09,Y,fashion,2021-06-03,customer792@example.com,0,60대 이상,Low
CUST100749,Female,45.0,Busan,Gold,12.0,188800.0,931400.0,3.4,2026-03-05,N,home,2022-05-25,customer749@example.com,0,40대,High
CUST100413,Female,49.0,Gwangju,Basic,10.0,107000.0,237800.0,3.9,2025-11-19,Y,beauty,2025-11-16,customer413@example.com,0,40대,Medium
CUST100057,Female,40.0,Daegu,Silver,8.0,23900.0,61900.0,5.0,2026-02-24,Y,fashion,2022-06-20,customer57@example.com,1,40대,Low
CUST100989,Female,32.0,Daegu,Basic,11.0,101500.0,535500.0,2.4,2026-04-05,N,beauty,2021-11-16,customer989@example.com,0,30대,Medium
CUST100970,Female,37.0,Seoul,Basic,8.0,89400.0,374300.0,2.7,2026-04-15,N,food,2025-01-31,customer970@example.com,0,30대,Medium
CUST100380,Female,47.0,Gyeonggi,Basic,7.0,84700.0,283300.0,3.4,2026-05-02,N,beauty,2023-12-27,customer380@example.com,0,40대,Medium
CUST100860,Female,48.0,Seoul,Gold,6.0,142700.0,248100.0,2.9,2026-03-01,Y,food,2024-03-12,customer860@example.com,0,40대,Medium
CUST100300,Female,18.0,Incheon,Basic,10.0,16900.0,84500.0,3.1,2026-04-24,N,sports,2024-09-10,customer300@example.com,0,20대 이하,Low
CUST100188,Female,36.0,Daegu,Basic,12.0,103100.0,570700.0,4.0,2025-12-20,Y,fashion,2023-07-26,customer188@example.com,0,30대,High
CUST101423,Female,27.0,Gyeonggi,Silver,8.0,143900.0,426100.0,4.2,2026-04-08,N,electronics,2025-09-13,customer1423@example.com,1,20대 이하,Medium
CUST100145,Female,25.0,Busan,Gold,12.0,161100.0,433500.0,3.2,2025-12-17,N,beauty,2025-12-10,customer145@example.com,0,20대 이하,Medium
CUST100456,Female,28.0,Seoul,Basic,9.0,151100.0,517100.0,2.3,2026-04-24,N,electronics,2025-04-08,customer456@example.com,1,20대 이하,Medium
CUST101203,Female,46.0,Incheon,Basic,9.0,115300.0,511300.0,4.6,2026-04-18,N,beauty,2021-11-12,customer1203@example.com,1,40대,Medium
CUST100133,Female,40.0,Gwangju,Gold,6.0,121700.0,121800.0,3.1,2026-06-24,N,beauty,2024-11-08,customer133@example.com,0,40대,Low
CUST100372,Female,33.0,Gwangju,Basic,7.0,5000.0,8900.0,5.0,2026-06-14,N,fashion,2024-04-20,customer372@example.com,0,30대,Low
CUST101215,Female,34.0,Daegu,Basic,17.0,164900.0,543100.0,5.0,2026-03-13,N,electronics,2021-01-27,customer1215@example.com,0,30대,High
CUST100003,Female,60.0,Seoul,Gold,16.0,236900.0,1075975.0,3.8,2026-04-16,N,electronics,2020-09-28,customer3@example.com,1,60대 이상,High
CUST100670,Female,31.0,Busan,Basic,9.0,152400.0,349500.0,3.9,2026-01-11,N,sports,2023-06-08,customer670@example.com,1,30대,Medium
CUST100637,Female,31.0,Gyeonggi,Gold,14.0,71900.0,284500.0,4.8,2026-04-17,Y,fashion,2020-08-22,customer637@example.com,0,30대,Medium
CUST101267,Female,32.0,Seoul,Silver,7.0,139400.0,464700.0,3.4,2026-05-27,N,electronics,2024-08-26,customer1267@example.com,1,30대,Medium
CUST100446,Female,39.0,Gyeonggi,Basic,9.0,70400.0,142400.0,3.8,2026-05-26,Y,sports,2021-11-18,customer446@example.com,0,30대,Low
CUST101008,Female,19.0,Busan,Silver,6.0,45000.0,95900.0,3.9,2025-12-30,Y,home,2021-05-10,customer1008@example.com,0,20대 이하,Low
CUST100728,Female,49.0,Gwangju,Basic,9.0,60500.0,276100.0,4.9,2026-05-20,N,food,2024-12-29,customer728@example.com,1,40대,Medium
CUST101351,Female,48.0,Busan,Basic,7.0,73300.0,196400.0,3.5,2026-05-01,Y,electronics,2025-06-26,customer1351@example.com,1,40대,Medium
CUST100048,Female,58.0,Daejeon,Gold,17.0,135900.0,402300.0,3.3,2026-02-25,N,food,2024-09-09,customer48@example.com,1,50대,Medium
CUST100183,Female,30.0,Gyeonggi,Gold,12.0,231500.0,595200.0,4.6,2026-05-28,Y,electronics,2024-05-07,customer183@example.com,1,30대,High
CUST100365,Female,45.0,Gyeonggi,Gold,7.0,116100.0,318200.0,4.5,2026-06-14,Y,sports,2024-07-02,customer365@example.com,1,40대,Medium
CUST100981,Female,43.0,Seoul,Basic,7.0,55900.0,228800.0,4.1,2026-06-21,Y,food,2024-07-27,customer981@example.com,1,40대,Medium
CUST100060,Female,42.0,Seoul,Silver,6.0,89900.0,254800.0,4.9,2026-05-29,N,home,2025-11-08,customer60@example.com,1,40대,Medium
CUST100069,Female,69.5,Gwangju,Silver,11.0,127200.0,444300.0,4.1,2026-03-24,N,beauty,2025-06-17,customer69@example.com,0,60대 이상,Medium
CUST100322,Female,36.0,Gwangju,Silver,12.0,71200.0,266600.0,2.7,2026-03-25,N,sports,2020-06-26,customer322@example.com,0,30대,Medium
CUST101117,Female,33.0,Gwangju,Basic,11.0,60400.0,271700.0,2.1,2026-04-02,N,fashion,2020-11-04,customer1117@example.com,1,30대,Medium
CUST100937,Female,36.0,Gwangju,Silver,8.0,144500.0,378300.0,3.2,2026-02-19,N,home,2024-03-18,customer937@example.com,0,30대,Medium
CUST100065,Female,49.0,Seoul,Gold,4.0,101800.0,111100.0,4.9,2026-05-25,Y,home,2025-08-04,customer65@example.com,0,40대,Low
CUST101080,Female,31.0,Gwangju,Silver,8.0,124200.0,252400.0,4.0,2026-05-31,Y,fashion,2020-10-30,customer1080@example.com,1,30대,Medium
CUST101498,Female,44.0,Gyeonggi,Basic,15.0,142700.0,739700.0,3.7,2026-04-27,Y,fashion,2022-03-03,customer1498@example.com,1,40대,High
CUST100092,Female,27.0,Gyeonggi,Gold,11.0,154300.0,941000.0,4.8,2026-04-25,N,sports,2022-10-28,customer92@example.com,1,20대 이하,High
CUST100562,Female,19.0,Gyeonggi,Basic,9.0,49100.0,239600.0,3.0,2026-05-06,N,home,2023-02-15,customer562@example.com,0,20대 이하,Medium
CUST100196,Female,47.0,Gyeonggi,Basic,6.0,62400.0,127200.0,3.6,2026-06-22,Y,food,2021-11-10,customer196@example.com,0,40대,Low
CUST101112,Female,41.0,Seoul,Basic,7.0,85100.0,275200.0,3.6,2026-05-23,N,fashion,2021-03-12,customer1112@example.com,1,40대,Medium
CUST100585,Female,47.0,Seoul,Basic,6.0,65100.0,220900.0,2.2,2026-05-05,N,fashion,2024-12-24,customer585@example.com,0,40대,Medium
CUST100171,Female,33.0,Seoul,Silver,8.0,122800.0,111900.0,2.9,2026-05-21,N,sports,2023-10-18,customer171@example.com,0,30대,Low
CUST100776,Female,48.0,Gyeonggi,Basic,7.0,110100.0,474000.0,5.0,2026-05-13,N,electronics,2022-07-07,customer776@example.com,0,40대,Medium
CUST100838,Female,41.0,Daegu,Basic,14.0,112200.0,569700.0,4.2,2026-06-05,Y,food,2023-11-06,customer838@example.com,1,40대,High
CUST100642,Female,31.0,Incheon,Basic,12.0,80800.0,164100.0,4.3,2026-05-30,N,sports,2024-08-23,customer642@example.com,0,30대,Low
CUST100198,Female,58.0,Daejeon,VIP,10.0,253300.0,545200.0,3.0,2026-05-29,Y,electronics,2021-05-28,customer198@example.com,1,50대,High
CUST100661,Female,47.0,Gwangju,Silver,7.0,104500.0,111200.0,4.9,2026-03-20,N,fashion,2024-09-08,customer661@example.com,0,40대,Low
CUST100249,Female,23.0,Daejeon,Basic,7.0,38600.0,103200.0,3.8,2026-03-19,Y,home,2023-12-30,customer249@example.com,0,20대 이하,Low
CUST100925,Female,40.0,Gwangju,Basic,5.0,81700.0,245900.0,3.4,2026-06-24,Y,food,2025-08-04,customer925@example.com,0,40대,Medium
CUST101163,Female,48.0,Gwangju,Silver,14.0,94700.0,373600.0,4.1,2026-04-23,N,sports,2024-06-26,customer1163@example.com,1,40대,Medium
CUST100615,Female,50.0,Busan,Basic,6.0,107000.0,225000.0,3.4,2026-05-18,N,beauty,2025-12-31,customer615@example.com,0,50대,Medium
CUST100320,Female,54.0,Gyeonggi,Basic,4.0,74000.0,76300.0,3.6,2025-11-29,N,food,2025-01-01,customer320@example.com,0,50대,Low
CUST100804,Female,34.0,Daejeon,Basic,10.0,28900.0,60000.0,3.3,2026-06-14,N,sports,2023-12-30,customer804@example.com,0,30대,Low
CUST101242,Female,39.0,Daegu,Basic,5.0,58200.0,102100.0,2.1,2026-05-04,N,fashion,2025-03-23,customer1242@example.com,0,30대,Low
CUST100936,Female,49.0,Seoul,Gold,12.0,178500.0,806700.0,3.5,2026-04-06,N,home,2022-02-07,customer936@example.com,1,40대,High
CUST100394,Female,37.0,Gyeonggi,Basic,11.0,183400.0,774600.0,4.1,2026-04-21,Y,electronics,2023-09-26,customer394@example.com,1,30대,High
CUST100234,Female,69.5,Busan,Basic,13.0,49000.0,218800.0,4.0,2026-05-10,Y,food,2024-08-21,customer234@example.com,1,60대 이상,Medium
CUST100879,Female,33.0,Gyeonggi,Gold,10.0,197700.0,371700.0,3.9,2026-03-28,N,electronics,2023-10-17,customer879@example.com,0,30대,Medium
CUST100706,Male,35.0,Busan,Basic,8.0,31300.0,86000.0,4.1,2026-04-08,Y,beauty,2024-01-21,customer706@example.com,0,30대,Low
CUST100207,Female,26.0,Gwangju,Basic,10.0,146600.0,389800.0,4.9,2026-03-10,Y,food,2023-02-20,customer207@example.com,0,20대 이하,Medium
CUST100386,Female,34.0,Daejeon,Gold,12.0,174000.0,524100.0,2.5,2025-12-09,Y,sports,2023-11-05,customer386@example.com,0,30대,Medium
CUST101133,Female,43.0,Daejeon,VIP,10.0,159200.0,421800.0,3.4,2026-05-19,N,food,2022-11-22,customer1133@example.com,0,40대,Medium
CUST101282,Female,32.0,Incheon,Gold,10.0,173800.0,356900.0,3.7,2026-04-11,N,home,2025-05-06,customer1282@example.com,1,30대,Medium
CUST101261,Female,19.0,Daegu,Silver,11.0,141700.0,873600.0,3.7,2026-03-07,N,fashion,2024-02-02,customer1261@example.com,1,20대 이하,High
CUST100636,Female,42.0,Gyeonggi,VIP,9.0,209300.0,395100.0,2.7,2026-02-16,N,food,2025-05-27,customer636@example.com,1,40대,Medium
CUST101344,Female,37.0,Incheon,Basic,6.0,123200.0,111800.0,4.2,2026-04-22,N,electronics,2023-08-08,customer1344@example.com,0,30대,Low
CUST101002,Female,54.0,Gyeonggi,Silver,6.0,112500.0,376800.0,4.0,2026-04-23,N,food,2021-04-15,customer1002@example.com,0,50대,Medium
CUST101350,Female,29.0,Daejeon,Gold,8.0,182800.0,388200.0,4.0,2026-03-27,Y,food,2021-12-30,customer1350@example.com,1,20대 이하,Medium
CUST100128,Female,49.0,Incheon,Gold,9.0,174100.0,883800.0,4.5,2026-04-02,N,beauty,2023-06-14,customer128@example.com,1,40대,High
CUST101143,Female,33.0,Gyeonggi,Gold,8.0,158200.0,273100.0,4.0,2026-03-16,N,food,2025-05-23,customer1143@example.com,0,30대,Medium
CUST100496,Female,69.5,Gyeonggi,Silver,8.0,155000.0,501100.0,3.3,2025-11-26,N,beauty,2024-12-14,customer496@example.com,1,60대 이상,Medium
CUST101342,Female,46.0,Daejeon,Basic,7.0,91100.0,206700.0,3.4,2026-06-07,Y,fashion,2022-09-03,customer1342@example.com,0,40대,Medium
CUST100679,Female,47.0,Seoul,Basic,8.0,90000.0,313600.0,3.7,2026-02-20,N,food,2025-08-25,customer679@example.com,1,40대,Medium
CUST101147,Female,39.0,Seoul,Gold,10.0,198500.0,972900.0,3.2,2026-03-08,N,beauty,2022-01-17,customer1147@example.com,1,30대,High
CUST100106,Female,41.0,Daegu,Basic,7.0,143800.0,375500.0,3.6,2026-03-31,N,electronics,2022-06-10,customer106@example.com,0,40대,Medium
CUST100294,Female,28.0,Seoul,Gold,9.0,105100.0,348200.0,3.2,2026-06-07,Y,beauty,2025-11-06,customer294@example.com,0,20대 이하,Medium
CUST100282,Female,36.0,Gyeonggi,Gold,12.0,194700.0,876100.0,4.6,2026-05-21,N,electronics,2024-05-07,customer282@example.com,1,30대,High
CUST101038,Female,35.0,Incheon,Silver,7.0,141800.0,494700.0,2.8,2026-03-25,N,home,2023-01-07,customer1038@example.com,0,30대,Medium
CUST101445,Female,32.0,Incheon,Gold,10.0,142000.0,611100.0,4.2,2026-06-06,Y,beauty,2022-08-08,customer1445@example.com,1,30대,High
CUST100247,Female,44.0,Gyeonggi,Basic,7.0,52200.0,133400.0,2.2,2026-05-16,N,food,2020-09-23,customer247@example.com,0,40대,Low
CUST100255,Female,29.0,Gyeonggi,Basic,8.0,118800.0,133800.0,4.2,2026-05-03,Y,electronics,2023-11-04,customer255@example.com,1,20대 이하,Low
CUST101303,Female,46.0,Seoul,Basic,10.0,53700.0,117700.0,2.6,2026-05-24,N,home,2020-06-29,customer1303@example.com,0,40대,Low
CUST100091,Female,32.0,Daejeon,Gold,10.0,153500.0,748500.0,3.0,2026-01-23,Y,sports,2022-04-26,customer91@example.com,1,30대,High
CUST101366,Female,37.0,Gwangju,Gold,10.0,175100.0,879400.0,3.3,2026-05-22,Y,electronics,2022-07-16,customer1366@example.com,0,30대,High
CUST100007,Female,35.0,Daejeon,Silver,4.0,128700.0,272400.0,3.8,2026-06-16,Y,electronics,2021-02-05,customer7@example.com,1,30대,Medium
CUST100067,Female,46.0,Busan,Silver,8.0,81000.0,172000.0,4.2,2025-09-23,N,home,2022-07-08,customer67@example.com,0,40대,Low
CUST101171,Female,35.0,Gwangju,Basic,10.0,113700.0,248400.0,4.1,2026-04-21,N,electronics,2022-03-16,customer1171@example.com,0,30대,Medium
CUST101281,Female,69.5,Gwangju,Silver,6.0,120900.0,113700.0,4.4,2026-04-17,Y,home,2022-06-16,customer1281@example.com,1,60대 이상,Low
CUST101426,Female,43.0,Busan,Basic,8.0,142200.0,254800.0,3.8,2026-06-28,Y,electronics,2021-08-21,customer1426@example.com,0,40대,Medium
CUST100904,Female,47.0,Daegu,Basic,9.0,135100.0,611800.0,4.2,2026-04-24,Y,beauty,2021-02-19,customer904@example.com,1,40대,High
CUST100120,Female,43.0,Incheon,Silver,7.0,35600.0,107000.0,2.0,2026-06-06,N,fashion,2022-03-18,customer120@example.com,1,40대,Low
CUST101098,Female,52.0,Gyeonggi,VIP,7.0,215800.0,651600.0,4.6,2026-05-08,N,home,2022-09-02,customer1098@example.com,1,50대,High
CUST100717,Female,40.0,Seoul,Gold,6.0,164300.0,444800.0,3.1,2026-03-12,N,food,2021-02-11,customer717@example.com,0,40대,Medium
CUST100732,Female,33.0,Gyeonggi,Basic,8.0,44500.0,131100.0,3.5,2026-06-09,Y,beauty,2025-10-17,customer732@example.com,0,30대,Low
CUST100680,Female,32.0,Gwangju,Basic,9.0,113400.0,439200.0,3.3,2026-03-14,N,fashion,2023-09-28,customer680@example.com,0,30대,Medium
CUST101070,Female,42.0,Incheon,Gold,7.0,90200.0,306200.0,4.2,2026-04-20,N,home,2025-06-26,customer1070@example.com,1,40대,Medium
CUST100030,Female,50.0,Daejeon,Silver,9.0,112000.0,429200.0,3.6,2026-05-08,Y,beauty,2024-06-18,customer30@example.com,0,50대,Medium
CUST101209,Female,30.0,Daejeon,Basic,9.0,93300.0,318700.0,4.3,2026-03-11,N,home,2020-11-25,customer1209@example.com,0,30대,Medium
CUST101496,Female,41.0,Seoul,Silver,13.0,102000.0,325500.0,4.6,2026-05-21,N,sports,2022-04-03,customer1496@example.com,1,40대,Medium
CUST101459,Female,32.0,Seoul,Silver,5.0,115900.0,223900.0,5.0,2026-03-17,N,fashion,2022-11-16,customer1459@example.com,0,30대,Medium
CUST100313,Female,54.0,Daegu,Basic,11.0,131000.0,654800.0,3.6,2026-01-24,Y,food,2023-12-30,customer313@example.com,1,50대,High
CUST100257,Female,37.0,Gyeonggi,Basic,4.0,102200.0,204600.0,3.4,2025-11-30,N,fashion,2024-08-08,customer257@example.com,0,30대,Medium
CUST100934,Female,44.0,Seoul,Silver,12.0,164400.0,706700.0,2.6,2026-06-04,N,fashion,2024-12-01,customer934@example.com,0,40대,High
CUST101136,Female,37.0,Gwangju,Basic,8.0,129000.0,458100.0,3.0,2026-05-06,N,electronics,2024-11-24,customer1136@example.com,0,30대,Medium
CUST100232,Female,48.0,Gyeonggi,Basic,8.0,84600.0,82500.0,3.3,2026-03-16,N,sports,2024-06-26,customer232@example.com,0,40대,Low
CUST100408,Female,27.0,Incheon,Basic,9.0,34500.0,163700.0,4.1,2026-01-31,N,food,2022-11-06,customer408@example.com,0,20대 이하,Low
CUST100064,Female,21.0,Seoul,Silver,14.0,132300.0,599400.0,2.9,2026-05-28,Y,beauty,2025-07-01,customer64@example.com,1,20대 이하,High
CUST100541,Female,45.0,Seoul,Basic,4.0,77300.0,167000.0,4.7,2026-05-16,Y,fashion,2022-04-08,customer541@example.com,0,40대,Low
CUST101160,Female,37.0,Seoul,Gold,8.0,188900.0,383300.0,3.6,2025-11-21,N,fashion,2023-03-26,customer1160@example.com,0,30대,Medium
CUST100677,Female,48.0,Gyeonggi,Basic,7.0,111100.0,190700.0,3.2,2026-06-20,N,fashion,2021-07-29,customer677@example.com,1,40대,Medium
CUST100150,Female,46.0,Gyeonggi,Basic,11.0,83400.0,358000.0,4.2,2026-03-25,N,beauty,2022-12-06,customer150@example.com,0,40대,Medium
CUST101246,Female,48.0,Gyeonggi,basic,10.0,118600.0,306400.0,4.0,2026-06-17,Y,fashion,2022-08-14,customer1246@example.com,1,40대,Medium
CUST100086,Female,41.0,Gwangju,Basic,15.0,114400.0,742700.0,4.0,2026-06-11,N,beauty,2023-07-07,customer86@example.com,0,40대,High
CUST100339,Female,49.0,Gyeonggi,Silver,14.0,154500.0,1075975.0,4.8,2026-04-22,N,fashion,2022-12-20,customer339@example.com,1,40대,High
CUST100204,Female,46.0,Seoul,Basic,10.0,5000.0,14100.0,4.1,2026-05-18,N,food,2025-04-03,customer204@example.com,0,40대,Low
CUST101104,Female,41.0,Busan,Silver,11.0,92500.0,399100.0,4.8,2026-02-28,N,food,2022-05-27,customer1104@example.com,0,40대,Medium
CUST100268,Female,31.0,Incheon,Basic,7.0,108600.0,98200.0,5.0,2026-05-30,Y,electronics,2021-03-06,customer268@example.com,0,30대,Low
CUST100800,Female,41.0,Busan,Silver,5.0,97200.0,97800.0,4.2,2025-12-27,Y,sports,2022-04-18,customer800@example.com,0,40대,Low
CUST100023,Female,45.0,Gwangju,Gold,8.0,171300.0,650500.0,4.3,2026-02-08,N,beauty,2025-04-02,customer23@example.com,0,40대,High
CUST101048,Female,63.0,Gyeonggi,VIP,8.0,144600.0,388900.0,3.6,2026-06-01,Y,fashion,2024-07-25,customer1048@example.com,1,60대 이상,Medium
CUST100071,Female,56.0,Gwangju,Silver,9.0,69000.0,147200.0,4.1,2026-06-20,N,beauty,2024-09-16,customer71@example.com,1,50대,Low
CUST101022,Female,47.0,Seoul,Silver,11.0,75600.0,265400.0,5.0,2026-05-15,N,home,2021-05-15,customer1022@example.com,0,40대,Medium
CUST101277,Female,33.0,Gyeonggi,Gold,7.0,129200.0,365500.0,3.2,2026-05-21,N,beauty,2023-03-27,customer1277@example.com,0,30대,Medium
CUST100794,Female,21.0,Seoul,VIP,14.0,203700.0,1075975.0,4.5,2026-05-18,Y,fashion,2023-06-25,customer794@example.com,1,20대 이하,High
CUST100564,Female,32.0,Gwangju,Silver,13.0,109800.0,602300.0,4.4,2026-06-06,Y,fashion,2024-04-27,customer564@example.com,1,30대,High
CUST101447,Female,40.0,Gwangju,Gold,5.0,115300.0,217600.0,3.1,2026-05-04,N,food,2022-05-23,customer1447@example.com,0,40대,Medium
CUST101384,Female,20.0,Seoul,Basic,8.0,58500.0,55100.0,3.5,2026-05-19,Y,fashion,2024-12-12,customer1384@example.com,0,20대 이하,Low
CUST101191,Female,43.0,Gyeonggi,Basic,8.0,53800.0,222500.0,4.5,2026-06-26,N,beauty,2024-05-19,customer1191@example.com,0,40대,Medium
CUST101307,Female,31.0,Gwangju,Basic,14.0,149400.0,684800.0,4.3,2026-03-22,N,sports,2022-07-26,customer1307@example.com,0,30대,High
CUST100632,Female,25.0,Gyeonggi,Silver,7.0,67600.0,142600.0,3.5,2026-05-10,Y,fashion,2022-05-22,customer632@example.com,1,20대 이하,Low
CUST101296,Female,49.0,Gwangju,Basic,9.0,49900.0,98800.0,2.8,2026-03-11,N,food,2021-10-02,customer1296@example.com,0,40대,Low
CUST101352,Female,48.0,Seoul,Silver,13.0,83700.0,367900.0,3.5,2026-03-22,N,home,2024-12-16,customer1352@example.com,0,40대,Medium
CUST101279,Female,35.0,Incheon,Basic,12.0,99200.0,286800.0,4.7,2026-05-31,Y,fashion,2025-06-16,customer1279@example.com,1,30대,Medium
CUST101434,Female,21.0,Daegu,Gold,5.0,207800.0,204100.0,5.0,2026-04-04,N,electronics,2023-01-30,customer1434@example.com,1,20대 이하,Medium
CUST100177,Female,26.0,Gyeonggi,Silver,8.0,61700.0,53600.0,3.9,2026-04-06,Y,fashion,2023-04-28,customer177@example.com,0,20대 이하,Low
CUST100533,Female,25.0,Seoul,Basic,6.0,10600.0,20700.0,4.3,2026-05-25,Y,home,2024-11-06,customer533@example.com,1,20대 이하,Low
CUST100756,Female,30.0,Gyeonggi,Silver,13.0,98100.0,279700.0,3.0,2026-02-21,Y,food,2024-05-21,customer756@example.com,0,30대,Medium
CUST100603,Female,65.0,Daejeon,Gold,4.0,72100.0,144400.0,3.7,2026-04-16,Y,sports,2021-11-11,customer603@example.com,0,60대 이상,Low
CUST100681,Female,43.0,Gyeonggi,Gold,5.0,114600.0,295000.0,3.8,2026-03-28,Y,beauty,2020-07-30,customer681@example.com,0,40대,Medium
CUST100944,Female,45.0,Daejeon,Basic,9.0,159300.0,521200.0,4.4,2026-04-02,N,electronics,2022-08-10,customer944@example.com,1,40대,Medium
CUST101208,Female,59.0,Daegu,VIP,10.0,191100.0,489100.0,3.2,2026-04-13,N,beauty,2024-10-30,customer1208@example.com,1,50대,Medium
CUST101012,Female,30.0,Seoul,Basic,4.0,54200.0,49800.0,3.9,2026-02-09,Y,electronics,2021-03-03,customer1012@example.com,0,30대,Low
CUST100959,Female,27.0,Daejeon,Silver,10.0,117500.0,520700.0,2.7,2026-05-31,N,electronics,2021-03-23,customer959@example.com,1,20대 이하,Medium
CUST101355,Female,29.0,Daejeon,Basic,4.0,112200.0,99700.0,5.0,2026-03-12,N,beauty,2021-10-23,customer1355@example.com,0,20대 이하,Low
CUST101473,Female,40.0,Incheon,Silver,14.0,161300.0,845900.0,4.7,2026-03-10,N,electronics,2023-08-23,customer1473@example.com,1,40대,High
CUST100700,Female,41.0,Gwangju,Silver,7.0,113300.0,336800.0,2.8,2026-03-27,N,electronics,2023-10-27,customer700@example.com,0,40대,Medium
CUST101225,Female,41.0,Seoul,Basic,8.0,71300.0,326700.0,2.5,2026-04-05,N,beauty,2022-01-20,customer1225@example.com,0,40대,Medium
CUST101211,Female,47.0,Seoul,SILVER,6.0,102500.0,206800.0,3.6,2026-04-22,Y,food,2022-01-03,customer1211@example.com,1,40대,Medium
CUST100163,Female,46.0,Incheon,Basic,12.0,143400.0,631300.0,3.0,2026-04-25,N,electronics,2022-07-08,customer163@example.com,0,40대,High
CUST100132,Female,35.0,Seoul,Basic,6.0,78000.0,159200.0,4.5,2026-02-11,Y,food,2021-12-12,customer132@example.com,1,30대,Low
CUST100974,Female,39.0,Gyeonggi,Silver,5.0,160200.0,139900.0,4.3,2026-06-17,N,electronics,2023-07-01,customer974@example.com,0,30대,Low
CUST101077,Female,38.0,Gwangju,Silver,6.0,120000.0,367600.0,3.7,2026-05-27,N,beauty,2020-07-25,customer1077@example.com,0,30대,Medium
CUST100397,Female,24.0,Gwangju,Gold,7.0,198000.0,168500.0,4.9,2026-06-11,Y,food,2021-03-28,customer397@example.com,1,20대 이하,Low
CUST101122,Female,66.0,Seoul,Gold,12.0,160100.0,542000.0,4.3,2026-06-14,N,beauty,2023-07-31,customer1122@example.com,1,60대 이상,Medium
CUST100782,Female,38.0,Gyeonggi,VIP,13.0,148100.0,748600.0,4.6,2026-05-31,N,sports,2023-08-03,customer782@example.com,0,30대,High
CUST101032,Female,21.0,Seoul,Gold,6.0,119300.0,272900.0,4.0,2026-06-18,Y,beauty,2020-07-13,customer1032@example.com,1,20대 이하,Medium
CUST100582,Female,46.0,Gyeonggi,Basic,12.0,100800.0,574000.0,4.3,2026-05-10,Y,fashion,2021-10-10,customer582@example.com,1,40대,High
CUST100305,Female,29.0,Seoul,Basic,5.0,40900.0,70600.0,4.9,2026-06-02,N,home,2024-02-07,customer305@example.com,0,20대 이하,Low
CUST100988,Female,47.0,Busan,Basic,13.0,5000.0,25100.0,3.2,2026-04-15,N,sports,2020-11-16,customer988@example.com,0,40대,Low
CUST100107,Female,51.0,Seoul,Silver,12.0,96100.0,344300.0,3.9,2026-05-29,Y,sports,2022-09-14,customer107@example.com,0,50대,Medium
CUST100502,Female,28.0,Daejeon,Silver,9.0,140500.0,765700.0,3.2,2026-06-04,Y,food,2020-11-19,customer502@example.com,0,20대 이하,High
CUST100873,Female,43.0,Seoul,Silver,12.0,57800.0,230700.0,3.0,2026-03-27,Y,home,2024-10-19,customer873@example.com,0,40대,Medium
CUST100857,Female,18.0,Seoul,Silver,7.0,170000.0,583000.0,3.6,2026-04-12,Y,electronics,2024-12-28,customer857@example.com,1,20대 이하,High
CUST100910,Female,25.0,Seoul,Basic,7.0,96100.0,424900.0,3.6,2026-02-16,Y,food,2020-12-20,customer910@example.com,0,20대 이하,Medium
CUST100458,Female,31.0,Gyeonggi,VIP,9.0,145300.0,649100.0,3.8,2025-12-10,N,food,2021-05-09,customer458@example.com,1,30대,High
CUST100087,Female,40.0,Gyeonggi,Basic,7.0,74800.0,155500.0,2.4,2026-05-22,N,home,2023-08-25,customer87@example.com,0,40대,Low
CUST100713,Female,42.0,Seoul,Gold,10.0,89200.0,408400.0,3.0,2026-03-28,N,fashion,2023-12-10,customer713@example.com,0,40대,Medium
CUST101170,Female,58.0,Gyeonggi,Silver,7.0,71600.0,194800.0,4.6,2025-08-15,N,food,2021-07-30,customer1170@example.com,0,50대,Medium
CUST101169,Female,47.0,Seoul,basic,12.0,195200.0,1067400.0,3.3,2026-01-20,N,electronics,2022-09-11,customer1169@example.com,0,40대,High
CUST101159,Female,34.0,Incheon,Silver,12.0,95600.0,635900.0,3.6,2026-02-04,Y,food,2020-11-27,customer1159@example.com,0,30대,High
CUST100513,Female,40.0,Gyeonggi,Silver,9.0,72500.0,294400.0,2.6,2026-02-14,N,food,2023-04-27,customer513@example.com,0,40대,Medium
CUST100955,Female,32.0,Gyeonggi,Gold,7.0,131600.0,242400.0,4.8,2026-04-06,N,food,2025-04-09,customer955@example.com,0,30대,Medium
CUST101224,Female,38.0,Incheon,VIP,5.0,200200.0,361700.0,5.0,2026-05-20,N,beauty,2025-01-13,customer1224@example.com,1,30대,Medium
CUST100026,Female,28.0,Daegu,Basic,16.0,110200.0,427400.0,2.7,2026-03-05,N,sports,2024-08-26,customer26@example.com,0,20대 이하,Medium
CUST100657,Female,46.0,Incheon,Gold,10.0,212900.0,945200.0,3.6,2026-05-11,N,fashion,2024-11-11,customer657@example.com,1,40대,High
CUST101028,Female,36.0,Gyeonggi,VIP,9.0,231500.0,515000.0,2.5,2026-05-12,N,sports,2025-02-07,customer1028@example.com,0,30대,Medium
CUST100345,Female,60.0,Gyeonggi,Gold,9.0,147400.0,633400.0,3.6,2026-02-18,Y,fashion,2020-09-15,customer345@example.com,0,60대 이상,High
CUST100909,Female,36.0,Gyeonggi,silver,10.0,126600.0,667900.0,4.2,2026-04-02,Y,fashion,2025-12-22,customer909@example.com,1,30대,High
CUST100009,Female,33.0,Gyeonggi,Silver,9.0,73200.0,395900.0,2.1,2026-01-06,N,fashion,2021-05-21,customer9@example.com,0,30대,Medium
CUST101063,Female,37.0,Gyeonggi,Basic,5.0,95600.0,249800.0,3.6,2026-02-16,Y,home,2022-03-01,customer1063@example.com,0,30대,Medium
CUST101177,Female,29.0,Gyeonggi,VIP,7.0,254775.0,1075975.0,5.0,2026-04-11,N,electronics,2022-03-06,customer1177@example.com,1,20대 이하,High
CUST100933,Female,47.0,Gyeonggi,Basic,8.0,151200.0,464000.0,2.1,2026-01-17,N,electronics,2024-06-22,customer933@example.com,0,40대,Medium
CUST100185,Female,43.0,Daejeon,Gold,17.0,191600.0,801900.0,2.4,2026-04-15,N,electronics,2020-09-18,customer185@example.com,1,40대,High
CUST100840,Female,61.0,Daejeon,Basic,11.0,65700.0,402500.0,2.6,2026-04-29,N,fashion,2020-11-28,customer840@example.com,1,60대 이상,Medium
CUST100220,Female,33.0,Daegu,Silver,6.0,81200.0,170900.0,3.3,2026-03-06,N,fashion,2025-03-14,customer220@example.com,0,30대,Low
CUST100765,Male,38.0,Seoul,Silver,7.0,142900.0,467000.0,2.5,2026-05-31,Y,electronics,2025-08-03,customer765@example.com,1,30대,Medium
CUST100817,Female,40.0,Daejeon,Silver,8.0,134500.0,123700.0,4.1,2026-04-24,N,food,2021-12-24,customer817@example.com,0,40대,Low
CUST100839,Female,27.0,Seoul,Silver,7.0,203000.0,601700.0,2.4,2026-04-13,N,electronics,2024-06-10,customer839@example.com,0,20대 이하,High
CUST100678,Female,36.0,Seoul,Gold,9.0,139600.0,523800.0,4.3,2026-04-22,Y,sports,2025-10-15,customer678@example.com,1,30대,Medium
CUST100131,Female,59.0,Gyeonggi,Basic,9.0,230700.0,693900.0,3.1,2026-05-21,N,electronics,2020-11-05,customer131@example.com,1,50대,High
CUST100668,Female,29.0,Incheon,Gold,6.0,192100.0,189500.0,3.6,2026-04-26,Y,electronics,2021-12-25,customer668@example.com,1,20대 이하,Medium
CUST100519,Female,60.0,Seoul,Silver,7.0,143600.0,279600.0,4.0,2026-05-14,Y,home,2022-10-08,customer519@example.com,1,60대 이상,Medium
CUST100692,Female,21.0,Incheon,Basic,9.0,177300.0,538000.0,3.9,2026-04-03,Y,electronics,2022-12-22,customer692@example.com,0,20대 이하,Medium
CUST101441,Female,37.0,Daegu,Silver,10.0,168500.0,739400.0,3.2,2026-05-02,N,beauty,2023-09-16,customer1441@example.com,1,30대,High
CUST100476,Female,56.0,Gwangju,Basic,15.0,98400.0,386200.0,4.0,2026-03-27,Y,home,2025-02-16,customer476@example.com,1,50대,Medium
CUST100340,Female,43.0,Daejeon,Basic,9.0,131800.0,229000.0,2.7,2026-04-14,Y,electronics,2025-05-13,customer340@example.com,0,40대,Medium
CUST100649,Female,36.0,Incheon,Silver,10.0,142600.0,773500.0,2.9,2026-06-18,N,beauty,2023-07-21,customer649@example.com,1,30대,High
CUST100085,Female,18.0,Seoul,VIP,11.0,254775.0,714000.0,2.1,2026-05-27,N,electronics,2021-11-10,customer85@example.com,1,20대 이하,High
CUST100041,Female,51.0,Seoul,Basic,5.0,15700.0,17700.0,4.1,2026-05-01,Y,food,2022-11-19,customer41@example.com,1,50대,Low
CUST101173,Female,37.0,Busan,Basic,7.0,91900.0,403100.0,2.0,2026-01-18,Y,fashion,2020-11-05,customer1173@example.com,0,30대,Medium
CUST100524,Female,32.0,Daejeon,Basic,8.0,114000.0,302600.0,3.6,2026-04-03,N,electronics,2020-10-11,customer524@example.com,0,30대,Medium
CUST101383,Female,42.0,Incheon,Silver,6.0,198700.0,170400.0,4.1,2026-04-01,Y,electronics,2022-02-08,customer1383@example.com,0,40대,Low
CUST101381,Female,38.0,Busan,Silver,7.0,144600.0,518900.0,3.4,2026-03-18,N,fashion,2021-01-13,customer1381@example.com,1,30대,Medium
CUST100356,Female,48.0,Seoul,Silver,11.0,101900.0,488000.0,2.9,2026-05-04,N,beauty,2025-04-06,customer356@example.com,0,40대,Medium
CUST100560,Female,42.0,Seoul,Basic,8.0,215800.0,899700.0,2.9,2026-05-30,Y,beauty,2023-01-10,customer560@example.com,0,40대,High
CUST100786,Female,21.0,Gwangju,Silver,10.0,82000.0,153300.0,3.0,2026-06-11,N,fashion,2022-01-26,customer786@example.com,1,20대 이하,Low
CUST100609,Female,45.0,Seoul,Basic,9.0,39800.0,88200.0,4.5,2026-06-01,N,fashion,2022-08-25,customer609@example.com,1,40대,Low
CUST100097,Female,46.0,Daejeon,Silver,10.0,79100.0,247600.0,3.9,2026-02-27,N,fashion,2022-11-06,customer97@example.com,0,40대,Medium
CUST101315,Female,61.0,Gwangju,basic,11.0,86400.0,420000.0,4.5,2026-05-01,Y,fashion,2024-05-15,customer1315@example.com,0,60대 이상,Medium
CUST100173,Female,44.0,Gyeonggi,Basic,9.0,89900.0,409000.0,3.7,2026-04-28,Y,fashion,2021-06-26,customer173@example.com,0,40대,Medium
CUST100799,Female,31.0,Daejeon,Silver,6.0,124300.0,422600.0,4.7,2026-06-05,N,beauty,2023-01-28,customer799@example.com,0,30대,Medium
CUST101402,Female,38.0,Daejeon,Gold,6.0,128400.0,136200.0,2.9,2026-05-01,Y,beauty,2022-03-20,customer1402@example.com,0,30대,Low
CUST101129,Female,27.0,Seoul,Basic,10.0,49100.0,171300.0,3.0,2026-04-16,N,fashion,2025-12-22,customer1129@example.com,0,20대 이하,Low
CUST100296,Female,48.0,Gyeonggi,Silver,5.0,89100.0,84300.0,3.8,2026-06-14,N,fashion,2021-07-14,customer296@example.com,0,40대,Low
CUST100011,Female,35.0,Gwangju,basic,7.0,105600.0,219200.0,3.8,2026-05-17,N,electronics,2022-03-06,customer11@example.com,0,30대,Medium
CUST101332,Female,50.0,Gyeonggi,SILVER,9.0,105900.0,362300.0,3.9,2026-03-25,Y,sports,2023-12-04,customer1332@example.com,0,50대,Medium
CUST100682,Female,18.0,Seoul,Silver,15.0,99900.0,537300.0,3.1,2026-04-05,N,fashion,2023-10-13,customer682@example.com,0,20대 이하,Medium
CUST100990,Female,30.0,Seoul,Silver,11.0,182600.0,561700.0,4.3,2026-02-27,Y,electronics,2025-08-30,customer990@example.com,1,30대,High
CUST100921,Female,46.0,Daejeon,Basic,7.0,101800.0,298800.0,5.0,2026-05-21,N,home,2022-10-14,customer921@example.com,1,40대,Medium
CUST100335,Female,44.0,Gyeonggi,Gold,10.0,234200.0,811500.0,4.6,2025-11-09,Y,electronics,2021-07-09,customer335@example.com,1,40대,High
CUST101464,Female,24.0,Incheon,Silver,10.0,134200.0,744700.0,3.5,2026-04-14,N,fashion,2025-02-21,customer1464@example.com,1,20대 이하,High
CUST100623,Female,57.0,Gyeonggi,Gold,3.0,86300.0,81800.0,4.0,2026-04-15,Y,fashion,2024-07-20,customer623@example.com,1,50대,Low
CUST101327,Female,31.0,Daejeon,Silver,9.0,120300.0,358000.0,2.4,2026-05-16,Y,beauty,2025-08-19,customer1327@example.com,1,30대,Medium
CUST100491,Female,40.0,Seoul,Silver,8.0,55500.0,186000.0,3.2,2026-05-24,N,food,2021-10-15,customer491@example.com,0,40대,Low
CUST100568,Female,31.0,Daegu,Silver,11.0,254775.0,734700.0,2.7,2026-03-05,Y,electronics,2023-11-15,customer568@example.com,0,30대,High
CUST101082,Female,41.0,Daejeon,Basic,11.0,140700.0,415700.0,3.7,2026-04-06,Y,fashion,2021-07-24,customer1082@example.com,1,40대,Medium
CUST100964,Female,44.0,Gwangju,Basic,13.0,147600.0,720100.0,2.2,2026-06-26,N,electronics,2021-06-11,customer964@example.com,1,40대,High
CUST100470,Female,49.0,Seoul,Basic,8.0,94900.0,275000.0,2.9,2026-05-22,N,electronics,2021-01-12,customer470@example.com,0,40대,Medium
CUST101084,Female,43.0,Gyeonggi,Gold,8.0,85700.0,246100.0,3.2,2026-04-18,N,fashion,2021-06-26,customer1084@example.com,1,40대,Medium
CUST100293,Female,44.0,Gyeonggi,Basic,10.0,201600.0,387200.0,4.5,2026-06-24,N,electronics,2025-05-06,customer293@example.com,0,40대,Medium
CUST100074,Female,54.0,Seoul,Basic,8.0,112300.0,220000.0,4.1,2026-05-28,Y,home,2021-02-13,customer74@example.com,1,50대,Medium
CUST100784,Female,37.0,Seoul,Basic,13.0,132500.0,583000.0,3.7,2026-05-05,N,food,2020-07-11,customer784@example.com,1,30대,High
CUST101446,Female,41.0,Daegu,Gold,10.0,131800.0,363600.0,4.5,2026-03-09,N,sports,2022-12-07,customer1446@example.com,1,40대,Medium
CUST100144,Female,50.0,Seoul,Basic,7.0,67300.0,123400.0,3.5,2026-06-16,N,fashion,2020-07-16,customer144@example.com,1,50대,Low
CUST100105,Female,51.0,Seoul,Basic,9.0,150300.0,469800.0,1.4,2026-03-15,Y,fashion,2020-09-07,customer105@example.com,1,50대,Medium
CUST101489,Female,35.0,Seoul,Silver,10.0,94500.0,522200.0,4.0,2026-06-12,Y,fashion,2025-09-29,customer1489@example.com,1,30대,Medium
CUST101055,Female,50.0,Daegu,Basic,9.0,85300.0,252800.0,3.5,2026-03-23,Y,fashion,2025-04-12,customer1055@example.com,1,50대,Medium
CUST100604,Female,35.0,Daegu,Silver,8.0,159500.0,713700.0,2.4,2026-05-18,N,beauty,2021-03-08,customer604@example.com,0,30대,High
CUST100230,Female,31.0,Incheon,Basic,9.0,110700.0,506600.0,3.1,2026-06-27,Y,beauty,2021-06-10,customer230@example.com,1,30대,Medium
CUST101062,Female,36.0,Seoul,Silver,5.0,168700.0,347400.0,3.0,2026-05-27,Y,electronics,2024-02-14,customer1062@example.com,0,30대,Medium
CUST101331,Male,33.0,Daegu,Gold,7.0,195100.0,614500.0,2.4,2026-04-02,Y,fashion,2025-07-02,customer1331@example.com,0,30대,High
CUST101134,Female,28.0,Gwangju,Gold,4.0,99200.0,103000.0,3.9,2026-03-17,Y,food,2025-04-06,customer1134@example.com,0,20대 이하,Low
CUST100295,Female,37.0,Gyeonggi,Basic,4.0,33300.0,67900.0,3.6,2026-03-08,Y,home,2022-05-15,customer295@example.com,1,30대,Low
CUST101312,Female,26.0,Seoul,Basic,12.0,129500.0,595500.0,3.3,2026-06-10,N,food,2023-07-08,customer1312@example.com,0,20대 이하,High
CUST101031,Female,47.0,Seoul,Silver,8.0,143900.0,145500.0,4.8,2026-05-15,Y,electronics,2024-08-12,customer1031@example.com,1,40대,Low
CUST100743,Female,30.0,Gyeonggi,SILVER,9.0,80700.0,340500.0,2.8,2026-03-17,Y,fashion,2021-10-15,customer743@example.com,0,30대,Medium
CUST100451,Female,42.0,Seoul,Basic,10.0,119800.0,406300.0,3.7,2026-05-17,Y,electronics,2020-07-23,customer451@example.com,1,40대,Medium
CUST100942,Female,43.0,Daejeon,Basic,7.0,62500.0,229400.0,4.6,2026-05-18,N,sports,2024-04-25,customer942@example.com,1,40대,Medium
CUST100773,Female,25.0,Seoul,Basic,8.0,109200.0,189800.0,3.4,2026-03-19,N,fashion,2022-12-05,customer773@example.com,0,20대 이하,Medium
CUST100716,Female,37.0,Seoul,Gold,9.0,185600.0,350400.0,3.6,2026-02-14,Y,home,2024-08-11,customer716@example.com,1,30대,Medium
CUST101463,Female,18.0,Daejeon,Basic,8.0,59800.0,197800.0,2.5,2026-05-13,Y,fashion,2024-09-24,customer1463@example.com,0,20대 이하,Medium
CUST100398,Female,44.0,Gyeonggi,Gold,8.0,192900.0,416300.0,4.2,2026-04-26,Y,beauty,2025-06-11,customer398@example.com,1,40대,Medium
CUST100478,Female,40.0,Seoul,Basic,10.0,121900.0,215200.0,3.7,2026-05-24,N,beauty,2024-01-08,customer478@example.com,0,40대,Medium
CUST101255,Female,39.0,Gyeonggi,Basic,3.0,63700.0,67100.0,3.9,2026-05-06,Y,home,2021-09-25,customer1255@example.com,0,30대,Low
CUST100095,Female,48.0,Busan,Silver,8.0,64700.0,214200.0,5.0,2026-03-05,Y,sports,2025-07-27,customer95@example.com,0,40대,Medium
CUST100634,Female,41.0,Incheon,VIP,2.0,136000.0,137400.0,5.0,2026-03-27,Y,home,2021-08-19,customer634@example.com,1,40대,Low
CUST100407,Female,48.0,Seoul,Gold,17.0,143500.0,373200.0,4.0,2025-10-16,N,electronics,2024-01-10,customer407@example.com,0,40대,Medium
CUST101249,Female,43.0,Gwangju,Silver,7.0,123400.0,499900.0,4.5,2025-10-20,N,electronics,2024-10-25,customer1249@example.com,0,40대,Medium
CUST101455,Female,38.0,Seoul,Silver,7.0,102500.0,93900.0,4.4,2026-05-09,N,beauty,2022-03-30,customer1455@example.com,1,30대,Low
CUST101371,Female,18.0,Seoul,Gold,12.0,194200.0,541800.0,3.1,2026-05-04,Y,sports,2025-06-06,customer1371@example.com,1,20대 이하,Medium
CUST101417,Female,32.0,Gyeonggi,Gold,11.0,191600.0,400000.0,3.6,2026-04-26,N,electronics,2025-03-03,customer1417@example.com,1,30대,Medium
CUST101051,Female,32.0,Busan,Basic,7.0,98000.0,186200.0,3.5,2026-05-08,N,electronics,2022-08-28,customer1051@example.com,0,30대,Low
CUST101005,Female,52.0,Seoul,Silver,7.0,72300.0,149000.0,3.1,2026-05-13,N,fashion,2022-05-07,customer1005@example.com,0,50대,Low
CUST100298,Female,57.0,Gyeonggi,Silver,5.0,153200.0,308100.0,3.3,2026-05-11,N,electronics,2023-04-11,customer298@example.com,0,50대,Medium
CUST100139,Female,50.0,Gwangju,Basic,9.0,47100.0,216000.0,4.6,2026-03-07,N,sports,2025-10-02,customer139@example.com,1,50대,Medium
CUST101076,Female,34.0,Seoul,Gold,6.0,148900.0,256900.0,2.7,2026-04-21,Y,fashion,2025-01-12,customer1076@example.com,0,30대,Medium
CUST101003,Female,51.0,Gwangju,Basic,12.0,100900.0,411100.0,3.7,2026-04-28,N,home,2023-12-31,customer1003@example.com,0,50대,Medium
CUST100861,Female,38.0,Gyeonggi,Basic,12.0,127900.0,839100.0,4.8,2026-02-25,N,beauty,2024-05-23,customer861@example.com,0,30대,High
CUST101465,Female,38.0,Daejeon,Gold,11.0,240700.0,637400.0,3.7,2026-05-18,Y,electronics,2022-12-03,customer1465@example.com,1,30대,High
CUST101482,Female,18.0,Gwangju,Gold,9.0,150900.0,308900.0,3.6,2026-02-13,Y,fashion,2023-07-04,customer1482@example.com,1,20대 이하,Medium
CUST100181,Female,29.0,Gyeonggi,VIP,9.0,168200.0,192100.0,2.9,2026-04-30,Y,home,2022-05-08,customer181@example.com,1,20대 이하,Medium
CUST100075,Female,28.0,Incheon,Basic,11.0,213000.0,1075975.0,3.5,2026-06-17,N,electronics,2025-08-19,customer75@example.com,1,20대 이하,High
CUST100969,Female,52.0,Seoul,Basic,7.0,50700.0,109500.0,3.4,2026-04-30,N,beauty,2022-07-07,customer969@example.com,1,50대,Low
CUST101236,Female,29.0,Gyeonggi,Basic,7.0,85600.0,97400.0,3.8,2026-05-02,N,beauty,2023-06-19,customer1236@example.com,1,20대 이하,Low
CUST100787,Female,40.0,Gyeonggi,Basic,15.0,134100.0,635400.0,3.1,2026-05-31,N,sports,2024-12-25,customer787@example.com,0,40대,High
CUST100736,Female,48.0,Daejeon,VIP,8.0,200700.0,443800.0,3.0,2026-01-18,Y,food,2022-05-19,customer736@example.com,0,40대,Medium
CUST101183,Female,29.0,Seoul,Basic,11.0,78000.0,259800.0,3.8,2026-04-29,Y,home,2023-06-01,customer1183@example.com,1,20대 이하,Medium
CUST100704,Female,42.0,Seoul,VIP,9.0,217000.0,911500.0,4.5,2026-05-09,N,beauty,2024-08-21,customer704@example.com,1,40대,High
CUST101058,Female,36.0,Gyeonggi,Basic,8.0,126000.0,288300.0,4.8,2026-04-30,N,home,2021-10-11,customer1058@example.com,1,30대,Medium
CUST101305,Female,40.0,Seoul,Gold,5.0,123100.0,260100.0,4.8,2026-04-16,Y,fashion,2025-07-18,customer1305@example.com,0,40대,Medium
CUST100317,Female,58.0,Seoul,Gold,13.0,116200.0,233500.0,3.2,2026-04-23,N,food,2022-05-14,customer317@example.com,0,50대,Medium
CUST100616,Female,69.5,Seoul,VIP,8.0,174500.0,561700.0,3.5,2026-05-06,N,home,2025-04-01,customer616@example.com,1,60대 이상,High
CUST100035,Female,27.0,Seoul,Silver,11.0,232200.0,593000.0,3.7,2026-04-16,N,electronics,2024-07-05,customer35@example.com,1,20대 이하,High
CUST101024,Female,47.0,Incheon,Basic,11.0,184700.0,673900.0,3.1,2026-05-25,N,electronics,2022-10-23,customer1024@example.com,1,40대,High
CUST101228,Female,33.0,Gyeonggi,Gold,12.0,132700.0,346800.0,3.3,2026-06-01,Y,sports,2023-12-27,customer1228@example.com,1,30대,Medium
CUST100366,Female,55.0,Daejeon,VIP,15.0,252100.0,1075975.0,2.9,2026-04-01,N,beauty,2021-03-23,customer366@example.com,1,50대,High
CUST101248,Male,48.0,Gyeonggi,Silver,8.0,46100.0,163100.0,2.8,2026-04-06,Y,fashion,2023-08-19,customer1248@example.com,0,40대,Low
CUST100606,Female,29.0,Gwangju,Basic,13.0,51100.0,113000.0,2.9,2026-06-08,N,sports,2021-06-12,customer606@example.com,0,20대 이하,Low
CUST100779,Female,37.0,Daejeon,Basic,15.0,75800.0,331800.0,3.5,2026-06-26,Y,beauty,2021-01-29,customer779@example.com,1,30대,Medium
CUST101442,Female,41.0,Seoul,Gold,7.0,189200.0,360100.0,4.6,2026-05-11,Y,sports,2021-06-04,customer1442@example.com,1,40대,Medium
CUST100648,Female,34.0,Daegu,Basic,9.0,87100.0,170600.0,2.8,2026-04-20,N,electronics,2025-10-28,customer648@example.com,1,30대,Low
CUST100523,Female,18.0,Gyeonggi,Basic,7.0,125900.0,423900.0,4.4,2026-04-01,N,beauty,2024-09-18,customer523@example.com,0,20대 이하,Medium
CUST101406,Female,44.0,Gyeonggi,Basic,9.0,60500.0,125800.0,4.4,2026-05-27,N,fashion,2025-02-24,customer1406@example.com,0,40대,Low
CUST100370,Female,23.0,Busan,Basic,6.0,151500.0,403300.0,3.8,2026-05-14,N,electronics,2022-01-21,customer370@example.com,1,20대 이하,Medium
CUST101090,Female,47.0,Seoul,Basic,14.0,211500.0,1075975.0,2.3,2026-03-02,Y,electronics,2024-06-20,customer1090@example.com,1,40대,High
CUST101291,Female,46.0,Gyeonggi,Gold,10.0,200100.0,551700.0,4.8,2026-03-20,Y,electronics,2023-09-27,customer1291@example.com,0,40대,High
CUST100730,Female,63.0,Incheon,SILVER,10.0,137600.0,499700.0,3.7,2026-01-27,N,fashion,2021-12-28,customer730@example.com,0,60대 이상,Medium
CUST101286,Female,18.0,Gwangju,Basic,11.0,99200.0,281400.0,3.5,2026-05-03,Y,beauty,2025-06-12,customer1286@example.com,0,20대 이하,Medium
CUST100983,Female,49.0,Seoul,Silver,9.0,181800.0,534600.0,3.9,2026-04-01,N,electronics,2024-12-09,customer983@example.com,1,40대,Medium
CUST101299,Female,54.0,Gyeonggi,Basic,11.0,48000.0,326100.0,3.6,2026-03-04,Y,food,2024-04-15,customer1299@example.com,1,50대,Medium
CUST100867,Female,46.0,Incheon,Basic,11.0,77000.0,270600.0,4.0,2026-04-24,Y,beauty,2025-05-25,customer867@example.com,0,40대,Medium
CUST101462,Female,49.0,Daegu,VIP,11.0,233100.0,1075975.0,3.7,2026-05-28,N,fashion,2021-10-20,customer1462@example.com,1,40대,High
CUST100297,Female,55.0,Daejeon,Silver,16.0,142500.0,931000.0,3.3,2026-03-17,Y,food,2024-02-09,customer297@example.com,0,50대,High
CUST100740,Female,29.0,Daegu,VIP,4.0,146000.0,288800.0,4.9,2026-05-23,N,sports,2023-10-05,customer740@example.com,1,20대 이하,Medium
CUST101297,Female,39.0,Gyeonggi,Basic,11.0,152100.0,346100.0,4.0,2026-02-18,N,electronics,2024-04-14,customer1297@example.com,0,30대,Medium
CUST100401,Female,49.0,Incheon,Silver,10.0,41000.0,178000.0,2.8,2026-05-14,Y,food,2021-03-14,customer401@example.com,0,40대,Low
CUST100166,Female,26.0,Incheon,VIP,11.0,162300.0,810800.0,3.8,2026-06-03,N,food,2020-07-18,customer166@example.com,1,20대 이하,High
CUST100618,Female,29.0,Daejeon,Gold,12.0,185600.0,820900.0,3.0,2026-05-06,Y,fashion,2023-04-08,customer618@example.com,1,20대 이하,High
CUST101174,Female,25.0,Gyeonggi,Basic,12.0,100700.0,344600.0,4.4,2026-04-03,N,home,2023-04-14,customer1174@example.com,0,20대 이하,Medium
CUST100136,Female,40.0,Seoul,Gold,9.0,115800.0,320700.0,3.6,2026-01-06,N,food,2021-09-26,customer136@example.com,0,40대,Medium
CUST100376,Female,47.0,Gyeonggi,Basic,12.0,82300.0,515200.0,3.2,2026-06-03,N,beauty,2023-10-31,customer376@example.com,0,40대,Medium
CUST101338,Female,38.0,Gyeonggi,Silver,10.0,127400.0,336700.0,2.7,2026-05-24,N,home,2024-03-20,customer1338@example.com,1,30대,Medium
CUST101429,Female,34.0,Gyeonggi,Gold,8.0,158900.0,289300.0,2.8,2026-05-26,N,beauty,2022-10-30,customer1429@example.com,0,30대,Medium
CUST100744,Female,37.0,Seoul,Basic,8.0,111900.0,222900.0,4.3,2026-05-11,N,fashion,2025-08-17,customer744@example.com,1,30대,Medium
CUST100263,Female,41.0,Gyeonggi,Basic,8.0,105600.0,108900.0,2.8,2026-01-02,Y,sports,2023-03-17,customer263@example.com,0,40대,Low
CUST100755,Female,42.0,Seoul,Silver,10.0,161300.0,368500.0,3.4,2026-05-10,N,home,2025-03-05,customer755@example.com,0,40대,Medium
CUST100822,Female,42.0,Seoul,Silver,13.0,239300.0,446200.0,4.6,2026-03-31,N,food,2021-10-03,customer822@example.com,1,40대,Medium
CUST100427,Female,69.5,Daegu,Basic,7.0,20500.0,58100.0,4.0,2026-05-20,Y,fashion,2024-09-08,customer427@example.com,1,60대 이상,Low
CUST101314,Female,35.0,Seoul,Silver,14.0,67900.0,415600.0,4.7,2026-05-13,N,fashion,2024-10-19,customer1314@example.com,1,30대,Medium
CUST100923,Female,30.0,Seoul,VIP,12.0,212300.0,698700.0,3.9,2026-05-14,Y,sports,2020-08-18,customer923@example.com,1,30대,High
CUST100130,Female,42.0,Incheon,Basic,15.0,126700.0,421700.0,4.2,2026-05-10,N,sports,2023-09-20,customer130@example.com,1,40대,Medium
CUST101221,Female,31.0,Incheon,Basic,10.0,79200.0,245200.0,3.2,2026-05-17,Y,home,2025-05-18,customer1221@example.com,1,30대,Medium
CUST100093,Female,47.0,Gyeonggi,VIP,7.0,177000.0,469500.0,4.5,2026-03-24,N,sports,2020-12-15,customer93@example.com,1,40대,Medium
CUST100663,Female,36.0,Daejeon,VIP,10.0,254775.0,1075975.0,3.5,2026-05-07,Y,food,2023-06-18,customer663@example.com,1,30대,High
CUST100935,Female,55.0,Daejeon,Basic,9.0,72300.0,314400.0,3.8,2026-04-15,N,home,2024-06-21,customer935@example.com,1,50대,Medium
CUST101155,Female,19.0,Daejeon,Gold,6.0,126900.0,221100.0,3.7,2026-06-24,N,food,2023-05-07,customer1155@example.com,1,20대 이하,Medium
CUST101253,Female,47.0,Gyeonggi,Basic,8.0,15900.0,57600.0,4.9,2026-05-16,N,home,2024-01-21,customer1253@example.com,0,40대,Low
CUST100303,Female,41.0,Seoul,Basic,11.0,56800.0,224500.0,4.2,2026-04-03,Y,fashion,2025-07-24,customer303@example.com,1,40대,Medium
CUST100277,Female,18.0,Gwangju,Gold,9.0,154000.0,275500.0,3.3,2026-01-15,Y,sports,2021-05-30,customer277@example.com,1,20대 이하,Medium
CUST100348,Female,49.0,Gyeonggi,Silver,2.0,55100.0,57500.0,3.2,2026-05-08,Y,home,2020-08-26,customer348@example.com,0,40대,Low
CUST100013,Female,45.0,Incheon,Gold,7.0,139200.0,130600.0,4.3,2026-05-19,N,beauty,2022-04-18,customer13@example.com,0,40대,Low
CUST101362,Female,41.0,Daegu,Silver,10.0,104600.0,477900.0,4.4,2026-05-10,Y,home,2023-02-23,customer1362@example.com,1,40대,Medium
CUST100199,Female,53.0,Gyeonggi,Basic,9.0,87400.0,190800.0,3.8,2026-06-22,Y,home,2021-11-26,customer199@example.com,0,50대,Medium
CUST101335,Female,36.0,Daegu,Gold,9.0,92200.0,199100.0,4.2,2026-06-16,Y,fashion,2025-01-18,customer1335@example.com,1,30대,Medium
CUST101376,Female,23.0,Daejeon,VIP,6.0,250400.0,284500.0,3.2,2026-03-30,N,fashion,2024-10-12,customer1376@example.com,1,20대 이하,Medium
CUST100733,Female,48.0,Gyeonggi,Basic,10.0,34800.0,158000.0,3.7,2026-02-24,N,fashion,2024-07-03,customer733@example.com,0,40대,Low
CUST100687,Female,31.0,Busan,Basic,7.0,41100.0,119000.0,4.3,2026-05-17,N,fashion,2021-12-08,customer687@example.com,0,30대,Low
CUST100396,Female,57.0,Gyeonggi,Silver,10.0,83800.0,384300.0,4.9,2026-05-27,N,food,2024-03-06,customer396@example.com,1,50대,Medium
CUST100871,Female,24.0,Gwangju,Basic,10.0,66700.0,124800.0,2.4,2026-05-08,Y,sports,2021-04-17,customer871@example.com,0,20대 이하,Low
CUST100242,Female,44.0,Gwangju,Basic,9.0,49600.0,87800.0,3.2,2026-06-09,N,home,2022-01-03,customer242@example.com,0,40대,Low
CUST100856,Female,31.0,Seoul,Basic,5.0,42400.0,36100.0,3.8,2026-02-06,N,home,2024-06-05,customer856@example.com,0,30대,Low
CUST100645,Female,45.0,Seoul,Silver,10.0,139200.0,425900.0,3.0,2026-04-21,N,home,2023-04-10,customer645@example.com,1,40대,Medium
CUST100818,Female,39.0,Gyeonggi,Silver,7.0,166500.0,430100.0,2.4,2026-04-04,Y,electronics,2020-09-08,customer818@example.com,1,30대,Medium
CUST101308,Female,33.0,Incheon,Basic,9.0,5000.0,17200.0,4.0,2026-05-31,N,sports,2022-05-29,customer1308@example.com,0,30대,Low
CUST100217,Female,36.0,Seoul,Silver,14.0,199000.0,1075975.0,3.2,2026-06-28,Y,fashion,2024-05-05,customer217@example.com,1,30대,High
CUST100940,Female,33.0,Daejeon,Basic,10.0,81700.0,234800.0,3.0,2026-04-07,N,fashion,2020-12-02,customer940@example.com,0,30대,Medium
CUST100020,Female,53.0,Daegu,Silver,7.0,219100.0,383600.0,3.9,2026-03-27,N,electronics,2022-12-04,customer20@example.com,0,50대,Medium
CUST101103,Female,19.0,Incheon,Silver,13.0,124400.0,221300.0,4.7,2026-05-07,N,beauty,2021-09-26,customer1103@example.com,1,20대 이하,Medium
CUST100399,Female,56.0,Gyeonggi,Basic,8.0,52500.0,227900.0,4.6,2026-01-17,N,home,2021-10-12,customer399@example.com,1,50대,Medium
CUST100726,Female,53.0,Incheon,Basic,11.0,124700.0,359900.0,4.3,2026-04-11,Y,beauty,2021-12-13,customer726@example.com,1,50대,Medium
CUST100328,Female,39.0,Daegu,Silver,11.0,49300.0,258300.0,3.2,2026-04-18,Y,fashion,2024-03-15,customer328@example.com,0,30대,Medium
CUST101013,Female,26.0,Gwangju,Basic,11.0,204700.0,886800.0,3.4,2026-06-08,Y,electronics,2022-03-29,customer1013@example.com,0,20대 이하,High
CUST100872,Female,38.0,Busan,Basic,8.0,105600.0,439100.0,4.7,2026-03-13,Y,electronics,2020-10-07,customer872@example.com,0,30대,Medium
CUST101411,Female,46.0,Daegu,VIP,6.0,192100.0,205800.0,3.1,2026-04-18,Y,fashion,2025-03-20,customer1411@example.com,1,40대,Medium
CUST100244,Female,32.0,Gyeonggi,Gold,12.0,209100.0,631900.0,3.7,2026-04-03,Y,home,2024-11-09,customer244@example.com,1,30대,High
CUST101110,Female,40.0,Gyeonggi,SILVER,11.0,130800.0,424800.0,2.4,2026-03-04,Y,fashion,2022-02-25,customer1110@example.com,0,40대,Medium
CUST100531,Female,32.0,Seoul,Silver,6.0,94100.0,179200.0,3.3,2026-04-05,Y,fashion,2023-02-26,customer531@example.com,0,30대,Low
CUST100308,Female,52.0,Busan,basic,8.0,123600.0,251100.0,2.0,2026-04-25,Y,electronics,2023-05-18,customer308@example.com,0,50대,Medium
CUST101026,Female,35.0,Incheon,Gold,12.0,213200.0,911600.0,4.7,2026-06-23,N,food,2025-09-10,customer1026@example.com,1,30대,High
CUST101235,Female,36.0,Incheon,Silver,7.0,161200.0,555400.0,3.8,2026-04-03,N,electronics,2025-09-23,customer1235@example.com,1,30대,High
CUST100750,Female,28.0,Daejeon,Basic,4.0,109000.0,109000.0,3.6,2026-06-25,N,home,2024-01-25,customer750@example.com,1,20대 이하,Low
CUST101036,Female,59.0,Seoul,Gold,7.0,150300.0,446900.0,3.9,2025-11-16,Y,fashion,2020-11-18,customer1036@example.com,0,50대,Medium
CUST101380,Female,30.0,Gwangju,Basic,16.0,123800.0,542400.0,4.2,2026-06-27,N,fashion,2022-02-15,customer1380@example.com,1,30대,High
CUST100608,Female,54.0,Seoul,Basic,8.0,88300.0,319900.0,3.1,2026-06-08,N,food,2021-05-02,customer608@example.com,1,50대,Medium
CUST101092,Female,35.0,Seoul,Silver,5.0,108500.0,233000.0,3.5,2026-04-26,N,home,2025-04-11,customer1092@example.com,1,30대,Medium
CUST100400,Female,35.0,Seoul,Gold,6.0,53100.0,51500.0,4.6,2026-03-12,N,fashion,2023-03-25,customer400@example.com,1,30대,Low
CUST100360,Female,38.0,Seoul,Basic,12.0,152800.0,330100.0,3.4,2026-03-10,Y,sports,2023-05-09,customer360@example.com,0,30대,Medium
CUST100793,Female,36.0,Daegu,Gold,8.0,167000.0,434200.0,3.7,2026-03-22,N,food,2023-10-14,customer793@example.com,1,30대,Medium
CUST100350,Female,52.0,Gwangju,Silver,10.0,152100.0,752000.0,2.6,2026-04-26,N,beauty,2021-02-12,customer350@example.com,0,50대,High
CUST101268,Female,40.0,Seoul,Basic,9.0,44900.0,128200.0,4.3,2026-02-08,N,fashion,2020-09-08,customer1268@example.com,0,40대,Low
CUST100503,Female,18.0,Seoul,Basic,5.0,58600.0,179600.0,4.7,2026-05-15,Y,home,2024-08-11,customer503@example.com,1,20대 이하,Low
CUST100433,Female,36.0,Seoul,Basic,12.0,154600.0,800200.0,4.2,2026-06-11,N,beauty,2023-07-21,customer433@example.com,0,30대,High
CUST101175,Female,25.0,Seoul,Gold,6.0,153300.0,347100.0,3.3,2026-05-23,N,food,2024-11-14,customer1175@example.com,1,20대 이하,Medium
CUST101461,Female,53.0,Daegu,Basic,6.0,65000.0,221600.0,4.5,2026-06-03,N,home,2024-01-23,customer1461@example.com,0,50대,Medium
CUST101374,Female,35.0,Daejeon,Basic,7.0,90300.0,250300.0,3.9,2026-04-14,N,food,2023-04-22,customer1374@example.com,1,30대,Medium
CUST101326,Male,34.0,Seoul,Silver,4.0,48900.0,100600.0,5.0,2026-04-05,N,fashion,2022-03-18,customer1326@example.com,1,30대,Low
CUST101356,Female,38.0,Gyeonggi,Basic,3.0,55100.0,49400.0,4.1,2026-06-12,Y,fashion,2020-12-02,customer1356@example.com,1,30대,Low
CUST101083,Female,38.0,Daejeon,Gold,3.0,98700.0,107200.0,3.4,2026-05-25,Y,food,2021-06-20,customer1083@example.com,0,30대,Low
CUST100941,Female,22.0,Busan,Silver,8.0,95500.0,181900.0,2.8,2026-04-08,Y,home,2021-05-12,customer941@example.com,0,20대 이하,Low
CUST101318,Female,47.0,Seoul,Basic,17.0,226600.0,784700.0,4.9,2026-05-26,N,electronics,2021-05-12,customer1318@example.com,1,40대,High
CUST100449,Female,60.0,Gyeonggi,VIP,11.0,174000.0,338600.0,3.5,2026-03-22,Y,fashion,2025-12-27,customer449@example.com,1,60대 이상,Medium
CUST101420,Female,33.0,Gyeonggi,Silver,6.0,166700.0,315500.0,2.8,2026-05-22,N,beauty,2023-05-10,customer1420@example.com,0,30대,Medium
CUST100428,Female,58.0,Daegu,Silver,11.0,152400.0,683200.0,3.5,2026-02-03,Y,electronics,2023-11-06,customer428@example.com,1,50대,High
CUST100192,Female,25.0,Incheon,Silver,6.0,128200.0,267800.0,2.1,2026-05-07,N,food,2023-04-09,customer192@example.com,0,20대 이하,Medium
CUST101472,Female,29.0,Seoul,Basic,9.0,164900.0,565300.0,2.8,2026-04-16,N,electronics,2024-06-06,customer1472@example.com,1,20대 이하,High
CUST100534,Female,18.0,Seoul,Silver,9.0,34800.0,114200.0,4.4,2026-05-19,N,home,2025-09-11,customer534@example.com,1,20대 이하,Low
CUST100415,Female,43.0,Seoul,Gold,11.0,129600.0,628400.0,2.9,2026-03-29,N,beauty,2024-09-15,customer415@example.com,0,40대,High
CUST101500,Female,31.0,Seoul,Gold,11.0,146800.0,845600.0,4.0,2026-05-11,Y,fashion,2025-04-30,customer1500@example.com,1,30대,High
CUST100931,Female,18.0,Daejeon,Basic,11.0,110000.0,479300.0,4.1,2026-05-29,Y,beauty,2023-06-30,customer931@example.com,1,20대 이하,Medium
CUST101068,Female,31.0,Seoul,Silver,8.0,120800.0,136000.0,4.2,2026-04-26,N,food,2020-10-17,customer1068@example.com,0,30대,Low
CUST100947,Female,46.0,Seoul,Basic,11.0,90500.0,392000.0,1.8,2026-04-07,N,beauty,2023-04-27,customer947@example.com,0,40대,Medium
CUST100059,Female,38.0,Gwangju,Silver,8.0,168700.0,629300.0,3.2,2026-01-22,N,beauty,2022-02-10,customer59@example.com,0,30대,High
CUST101105,Female,47.0,Daegu,Silver,6.0,191300.0,195500.0,3.1,2026-04-06,N,fashion,2025-01-01,customer1105@example.com,0,40대,Medium
CUST101269,Female,39.0,Busan,Basic,9.0,110500.0,337400.0,4.6,2026-01-22,N,fashion,2021-05-31,customer1269@example.com,0,30대,Medium
CUST101470,Female,52.0,Seoul,Basic,11.0,75100.0,503600.0,4.1,2026-06-09,Y,sports,2021-04-20,customer1470@example.com,0,50대,Medium
CUST100479,Female,53.0,Seoul,Basic,10.0,76200.0,323500.0,5.0,2026-03-27,Y,beauty,2025-09-18,customer479@example.com,1,50대,Medium
CUST100858,Female,21.0,Seoul,Basic,3.0,99600.0,107400.0,3.3,2026-03-18,Y,beauty,2024-11-04,customer858@example.com,0,20대 이하,Low
CUST100654,Female,55.0,Daejeon,Basic,8.0,50600.0,147700.0,3.5,2026-06-18,N,food,2022-07-16,customer654@example.com,0,50대,Low
CUST100006,Female,41.0,Gyeonggi,Basic,11.0,55600.0,118600.0,2.7,2026-04-09,N,food,2023-08-19,customer6@example.com,0,40대,Low
CUST101154,Female,19.0,Gwangju,Gold,5.0,112000.0,225500.0,3.0,2026-05-18,Y,fashion,2023-05-24,customer1154@example.com,1,20대 이하,Medium
CUST100409,Female,42.0,Busan,VIP,15.0,227000.0,1075975.0,2.3,2026-05-15,N,food,2022-01-04,customer409@example.com,1,40대,High
CUST101479,Female,36.0,Daejeon,Silver,15.0,139400.0,623600.0,2.8,2026-04-17,N,food,2024-01-08,customer1479@example.com,0,30대,High
CUST100997,Female,37.0,Daegu,Basic,9.0,147900.0,502200.0,3.9,2026-05-24,Y,electronics,2022-01-05,customer997@example.com,1,30대,Medium
CUST101273,Female,31.0,Busan,Gold,7.0,110800.0,297800.0,4.2,2026-06-10,N,food,2023-10-10,customer1273@example.com,1,30대,Medium
CUST101034,Female,39.0,Daejeon,VIP,5.0,199100.0,195900.0,2.2,2026-06-06,Y,electronics,2025-04-05,customer1034@example.com,1,30대,Medium
CUST100688,Female,33.0,Daejeon,Silver,10.0,190700.0,691100.0,3.2,2026-04-16,Y,electronics,2023-11-09,customer688@example.com,1,30대,High
CUST100369,Female,28.0,Gyeonggi,VIP,8.0,211500.0,431500.0,4.8,2026-06-18,N,home,2023-07-19,customer369@example.com,1,20대 이하,Medium
CUST100813,Female,26.0,Busan,Silver,16.0,91600.0,267000.0,4.6,2026-05-27,Y,sports,2021-11-23,customer813@example.com,0,20대 이하,Medium
CUST100952,Female,18.0,Seoul,Basic,8.0,83100.0,322700.0,2.6,2026-04-02,Y,sports,2025-05-19,customer952@example.com,1,20대 이하,Medium
CUST101369,Female,47.0,Seoul,Basic,10.0,144500.0,264200.0,3.3,2026-05-26,Y,electronics,2025-09-08,customer1369@example.com,0,40대,Medium
CUST100960,Female,41.0,Seoul,VIP,10.0,233800.0,970200.0,3.3,2026-02-19,N,fashion,2020-11-12,customer960@example.com,1,40대,High
CUST100241,Female,45.0,Gwangju,Basic,6.0,43500.0,124700.0,3.8,2026-04-26,N,fashion,2023-10-23,customer241@example.com,0,40대,Low
CUST100805,Female,60.0,Gwangju,Gold,9.0,218800.0,427600.0,3.1,2026-06-22,N,electronics,2025-01-03,customer805@example.com,0,60대 이상,Medium
CUST100709,Female,27.0,Daegu,Gold,11.0,139700.0,638100.0,4.7,2026-04-20,N,fashion,2022-03-01,customer709@example.com,1,20대 이하,High
CUST101109,Female,53.0,Daejeon,Basic,11.0,62200.0,332800.0,2.0,2026-03-20,N,home,2022-01-10,customer1109@example.com,0,50대,Medium
CUST100835,Female,37.0,Seoul,Basic,13.0,62200.0,362000.0,3.9,2026-06-20,N,fashion,2020-07-31,customer835@example.com,1,30대,Medium
CUST100111,Female,30.0,Seoul,Gold,6.0,156000.0,527400.0,3.3,2026-02-19,N,fashion,2023-02-15,customer111@example.com,0,30대,Medium
CUST100329,Female,47.0,Seoul,VIP,7.0,199900.0,812900.0,2.7,2026-06-02,N,sports,2025-05-06,customer329@example.com,1,40대,High
CUST100521,Female,29.0,Gyeonggi,Basic,17.0,119600.0,323400.0,4.5,2026-03-10,N,beauty,2025-06-09,customer521@example.com,1,20대 이하,Medium
CUST101239,Female,42.0,Gyeonggi,Basic,8.0,100400.0,373700.0,3.3,2026-04-14,Y,food,2023-12-06,customer1239@example.com,0,40대,Medium
CUST101102,Female,34.0,Gyeonggi,Gold,6.0,148700.0,509500.0,4.7,2026-03-13,Y,beauty,2020-08-12,customer1102@example.com,1,30대,Medium
CUST100124,Female,38.0,Gyeonggi,Basic,8.0,149400.0,456100.0,2.9,2026-05-08,Y,electronics,2020-12-27,customer124@example.com,0,30대,Medium
CUST100436,Female,53.0,Seoul,Basic,15.0,70800.0,519700.0,4.8,2026-04-07,N,beauty,2020-09-01,customer436@example.com,1,50대,Medium
CUST101194,Female,46.0,Daejeon,Basic,7.0,45800.0,154200.0,3.3,2026-06-02,N,fashion,2022-12-29,customer1194@example.com,0,40대,Low
CUST100215,Female,26.0,Seoul,Gold,6.0,131600.0,132700.0,3.9,2026-04-21,Y,fashion,2021-12-27,customer215@example.com,1,20대 이하,Low
CUST100094,Female,47.0,Gwangju,Basic,7.0,7900.0,7200.0,5.0,2026-03-27,N,fashion,2023-07-31,customer94@example.com,0,40대,Low
CUST101419,Female,54.0,Daegu,Gold,5.0,140200.0,357800.0,4.1,2026-06-11,Y,sports,2021-10-29,customer1419@example.com,1,50대,Medium
CUST100508,Female,35.0,Incheon,Gold,11.0,110700.0,578300.0,3.3,2025-10-17,N,food,2024-07-01,customer508@example.com,1,30대,High
CUST100963,Female,50.0,Incheon,Basic,8.0,81000.0,274200.0,2.5,2026-06-05,N,food,2022-12-21,customer963@example.com,0,50대,Medium
CUST100878,Female,54.0,Daegu,VIP,8.0,216200.0,849000.0,4.6,2026-05-26,Y,home,2024-04-14,customer878@example.com,1,50대,High
CUST100238,Female,50.0,Gyeonggi,Silver,10.0,92600.0,248700.0,4.4,2026-04-04,N,food,2021-03-26,customer238@example.com,1,50대,Medium
CUST101475,Female,57.0,Gyeonggi,Silver,11.0,172000.0,715600.0,4.2,2026-05-18,Y,electronics,2021-09-01,customer1475@example.com,1,50대,High
CUST100864,Female,40.0,Busan,Basic,8.0,127500.0,582300.0,4.6,2026-06-10,N,fashion,2023-08-08,customer864@example.com,1,40대,High
CUST101033,Female,32.0,Gyeonggi,Basic,8.0,46800.0,98100.0,3.6,2026-01-15,Y,beauty,2024-06-06,customer1033@example.com,0,30대,Low
CUST100676,Male,40.0,Gyeonggi,Basic,4.0,16400.0,14400.0,2.5,2026-04-13,Y,home,2024-05-12,customer676@example.com,0,40대,Low
CUST101375,Female,42.0,Gwangju,Gold,6.0,113000.0,111700.0,4.6,2026-01-17,N,home,2024-03-27,customer1375@example.com,0,40대,Low
CUST101137,Female,60.0,Seoul,VIP,4.0,162600.0,358000.0,3.1,2026-04-22,N,home,2021-05-08,customer1137@example.com,1,60대 이상,Medium
CUST100932,Female,61.0,Gwangju,Silver,10.0,201500.0,641700.0,2.6,2026-06-23,N,sports,2023-10-18,customer932@example.com,0,60대 이상,High
CUST100544,Female,48.0,Busan,Basic,11.0,91900.0,250300.0,3.0,2026-04-14,N,fashion,2024-01-11,customer544@example.com,0,40대,Medium
CUST100125,Female,52.0,Seoul,Silver,13.0,124500.0,554700.0,3.5,2026-04-20,N,fashion,2021-11-10,customer125@example.com,0,50대,High
CUST101126,Female,37.0,Busan,Basic,15.0,85700.0,480000.0,3.9,2026-05-07,N,fashion,2023-01-04,customer1126@example.com,1,30대,Medium
CUST100511,Female,33.0,Seoul,Gold,7.0,194400.0,616200.0,4.5,2026-03-16,N,electronics,2023-04-29,customer511@example.com,0,30대,High
CUST101401,Female,19.0,Gyeonggi,SILVER,6.0,116900.0,252000.0,3.4,2026-05-31,Y,home,2022-12-02,customer1401@example.com,0,20대 이하,Medium
CUST101075,Female,27.0,Incheon,Silver,8.0,179100.0,305500.0,3.8,2026-03-30,N,food,2024-06-01,customer1075@example.com,1,20대 이하,Medium
CUST101412,Female,52.0,Daejeon,Basic,5.0,188000.0,210300.0,3.9,2026-05-24,Y,electronics,2024-12-28,customer1412@example.com,1,50대,Medium
CUST101485,Female,48.0,Gwangju,Basic,6.0,123200.0,128500.0,4.8,2026-06-16,N,electronics,2024-06-21,customer1485@example.com,0,40대,Low
CUST100542,Female,43.0,Seoul,Basic,12.0,217400.0,417600.0,3.3,2026-03-15,N,electronics,2022-01-13,customer542@example.com,1,40대,Medium
CUST100324,Female,41.0,Incheon,Basic,8.0,40500.0,43500.0,3.7,2026-05-13,N,home,2020-10-29,customer324@example.com,0,40대,Low
CUST100182,Female,31.0,Busan,Silver,12.0,113200.0,331700.0,2.6,2026-04-11,N,fashion,2023-08-11,customer182@example.com,0,30대,Medium
CUST100488,Female,45.0,Seoul,VIP,10.0,254775.0,1075975.0,3.0,2026-03-20,N,fashion,2025-10-10,customer488@example.com,1,40대,High
CUST100892,Female,30.0,Gwangju,Basic,8.0,57700.0,196800.0,2.6,2026-04-14,N,fashion,2022-09-10,customer892@example.com,1,30대,Medium
CUST101069,Female,40.0,Gyeonggi,Gold,8.0,96600.0,84600.0,5.0,2026-05-23,N,food,2021-03-15,customer1069@example.com,1,40대,Low
CUST100866,Female,54.0,Gyeonggi,Silver,9.0,144500.0,259400.0,3.1,2026-03-16,N,electronics,2020-08-29,customer866@example.com,0,50대,Medium
CUST101395,Female,36.0,Gyeonggi,Basic,8.0,37800.0,36100.0,3.2,2026-06-16,N,sports,2023-04-25,customer1395@example.com,0,30대,Low
CUST100388,Female,18.0,Seoul,VIP,11.0,205300.0,842100.0,3.5,2025-12-15,N,sports,2021-07-11,customer388@example.com,1,20대 이하,High
CUST100764,Female,29.0,Gyeonggi,Basic,5.0,48000.0,87800.0,4.5,2026-05-24,Y,beauty,2025-06-17,customer764@example.com,0,20대 이하,Low
CUST100475,Female,33.0,Seoul,Basic,10.0,104700.0,426900.0,4.2,2026-04-16,Y,home,2023-08-11,customer475@example.com,1,30대,Medium
CUST100644,Female,40.0,Seoul,Silver,11.0,64900.0,296100.0,4.9,2026-06-08,Y,fashion,2025-04-30,customer644@example.com,1,40대,Medium
CUST100464,Female,36.0,Seoul,Basic,10.0,112300.0,427200.0,4.0,2026-05-11,Y,sports,2025-03-08,customer464@example.com,0,30대,Medium
CUST100437,Female,38.0,Busan,Basic,15.0,105700.0,796900.0,2.3,2026-01-16,Y,beauty,2025-11-29,customer437@example.com,0,30대,High
CUST100759,Female,31.0,Daegu,Basic,5.0,79100.0,254400.0,3.0,2026-02-07,N,food,2020-12-18,customer759@example.com,1,30대,Medium
CUST100406,Female,39.0,Daejeon,Basic,9.0,117100.0,401900.0,3.2,2026-05-20,Y,food,2024-03-15,customer406@example.com,1,30대,Medium
CUST100627,Female,39.0,Daegu,Gold,15.0,147700.0,1056100.0,4.8,2025-12-08,Y,fashion,2024-09-22,customer627@example.com,1,30대,High
CUST100274,Female,25.0,Gwangju,Gold,12.0,133400.0,694000.0,2.6,2026-04-01,Y,home,2025-12-19,customer274@example.com,1,20대 이하,High
CUST100364,Female,32.0,Seoul,VIP,6.0,131000.0,408100.0,3.9,2026-05-01,N,food,2022-06-22,customer364@example.com,1,30대,Medium
CUST100875,Female,33.0,Gyeonggi,Silver,9.0,152900.0,739500.0,4.2,2026-04-03,Y,home,2025-12-15,customer875@example.com,0,30대,High
CUST100774,Female,31.0,Incheon,Basic,8.0,144100.0,588600.0,3.6,2026-04-18,Y,sports,2024-04-19,customer774@example.com,0,30대,High
CUST100666,Female,46.0,Seoul,Silver,11.0,143300.0,419900.0,4.2,2026-02-17,Y,sports,2021-09-30,customer666@example.com,1,40대,Medium
CUST101295,Female,44.0,Daegu,Basic,10.0,103800.0,233300.0,4.0,2026-06-07,N,fashion,2022-11-13,customer1295@example.com,1,40대,Medium
CUST101414,Female,34.0,Gyeonggi,Gold,9.0,104300.0,238200.0,2.6,2026-02-09,Y,fashion,2023-11-22,customer1414@example.com,0,30대,Medium
CUST100581,Female,23.0,Gyeonggi,Basic,11.0,126200.0,695100.0,3.8,2026-02-22,Y,food,2024-12-01,customer581@example.com,0,20대 이하,High
CUST100354,Female,42.0,Gwangju,Basic,5.0,109100.0,187200.0,3.4,2026-06-09,Y,electronics,2021-05-18,customer354@example.com,1,40대,Medium
CUST101046,Female,34.0,Incheon,Basic,10.0,57000.0,326900.0,3.1,2026-06-04,N,food,2024-08-23,customer1046@example.com,1,30대,Medium
CUST101004,Female,23.0,Incheon,Silver,7.0,91600.0,240200.0,4.8,2025-08-31,Y,fashion,2024-01-08,customer1004@example.com,0,20대 이하,Medium
CUST101280,Male,28.0,Gyeonggi,Gold,10.0,148300.0,291200.0,3.4,2026-04-28,N,home,2021-02-28,customer1280@example.com,1,20대 이하,Medium
CUST100980,Female,69.0,Seoul,Silver,8.0,146700.0,420800.0,2.3,2025-12-07,N,sports,2025-01-30,customer980@example.com,0,60대 이상,Medium
CUST100824,Female,24.0,Busan,Basic,5.0,85100.0,163700.0,4.5,2026-03-24,Y,food,2020-08-12,customer824@example.com,1,20대 이하,Low
CUST100101,Female,23.0,Daegu,basic,4.0,75500.0,68100.0,2.9,2026-05-14,Y,beauty,2024-12-24,customer101@example.com,0,20대 이하,Low
CUST100342,Female,35.0,Gyeonggi,Gold,9.0,146800.0,432400.0,3.7,2026-04-02,Y,fashion,2024-11-06,customer342@example.com,1,30대,Medium
CUST101321,Female,25.0,Daejeon,Silver,8.0,125900.0,518500.0,2.3,2026-02-03,Y,electronics,2023-04-30,customer1321@example.com,0,20대 이하,Medium
CUST100378,Female,34.0,Incheon,Silver,5.0,68000.0,126200.0,3.6,2026-05-26,N,food,2023-04-27,customer378@example.com,0,30대,Low
CUST100363,Female,36.0,Gyeonggi,Silver,13.0,109400.0,553400.0,3.1,2026-05-09,N,beauty,2022-04-23,customer363@example.com,0,30대,High
CUST100976,Female,33.0,Busan,Basic,11.0,159300.0,908200.0,3.2,2026-02-12,N,sports,2025-05-11,customer976@example.com,0,30대,High
CUST100825,Female,37.0,Gyeonggi,Basic,12.0,49400.0,208800.0,3.5,2026-03-27,N,beauty,2022-06-14,customer825@example.com,0,30대,Medium
CUST101121,Female,28.0,Seoul,Silver,8.0,62400.0,223700.0,4.0,2026-03-17,Y,beauty,2025-03-27,customer1121@example.com,0,20대 이하,Medium
CUST100383,Female,29.0,Seoul,Basic,6.0,51600.0,171900.0,4.1,2026-06-11,Y,fashion,2025-10-21,customer383@example.com,0,20대 이하,Low
CUST100414,Female,21.0,Daejeon,Basic,6.0,76200.0,71300.0,3.1,2026-05-05,Y,sports,2026-01-02,customer414@example.com,0,20대 이하,Low
CUST100359,Female,45.0,Gyeonggi,Silver,11.0,127300.0,230100.0,2.8,2026-05-28,N,fashion,2021-05-23,customer359@example.com,1,40대,Medium
CUST101086,Female,66.0,Daegu,Basic,8.0,56400.0,158600.0,3.7,2026-05-06,N,fashion,2023-12-24,customer1086@example.com,0,60대 이상,Low
CUST100881,Female,57.0,Busan,Silver,16.0,115600.0,886300.0,2.8,2026-06-02,N,food,2025-10-21,customer881@example.com,1,50대,High
CUST101115,Female,44.0,Daegu,Basic,10.0,131900.0,722700.0,4.0,2026-06-28,Y,beauty,2025-01-04,customer1115@example.com,1,40대,High
CUST100402,Female,34.0,Busan,Silver,13.0,144700.0,889800.0,3.2,2026-02-01,Y,home,2024-05-10,customer402@example.com,1,30대,High
CUST101300,Female,28.0,Gyeonggi,Gold,7.0,56000.0,176600.0,4.3,2026-01-04,N,sports,2022-07-21,customer1300@example.com,0,20대 이하,Low
CUST101037,Female,39.0,Seoul,Gold,10.0,194900.0,386900.0,4.5,2026-04-16,Y,electronics,2025-01-31,customer1037@example.com,1,30대,Medium
CUST100316,Female,25.0,Gwangju,SILVER,8.0,135600.0,549700.0,2.8,2026-01-16,N,beauty,2021-05-25,customer316@example.com,0,20대 이하,High
CUST100525,Female,24.0,Gyeonggi,Gold,10.0,81800.0,336600.0,2.4,2026-06-23,N,food,2020-10-29,customer525@example.com,1,20대 이하,Medium
CUST100083,Female,41.0,Seoul,Gold,15.0,206600.0,1075975.0,3.2,2026-06-06,Y,electronics,2025-08-02,customer83@example.com,1,40대,High
CUST100913,Female,20.0,Incheon,VIP,10.0,200300.0,921200.0,4.4,2026-02-21,Y,fashion,2023-08-04,customer913@example.com,1,20대 이하,High
CUST101240,Female,34.0,Incheon,Basic,9.0,146400.0,741800.0,3.6,2026-06-01,Y,electronics,2025-01-29,customer1240@example.com,1,30대,High
CUST101302,Female,49.0,Gyeonggi,Gold,9.0,145000.0,622000.0,3.8,2026-05-28,N,fashion,2025-02-24,customer1302@example.com,0,40대,High
CUST100079,Female,69.5,Busan,Silver,7.0,102000.0,199900.0,3.1,2026-01-02,N,fashion,2025-10-25,customer79@example.com,0,60대 이상,Medium
CUST100685,Female,53.0,Incheon,Basic,10.0,92100.0,407000.0,3.9,2026-03-06,Y,fashion,2024-02-09,customer685@example.com,1,50대,Medium
CUST101317,Female,37.0,Busan,Basic,3.0,83200.0,85100.0,4.1,2026-04-23,N,sports,2023-01-01,customer1317@example.com,0,30대,Low
CUST100143,Female,43.0,Gwangju,Gold,5.0,164300.0,298200.0,3.2,2026-05-18,Y,sports,2022-12-13,customer143@example.com,1,40대,Medium
CUST100863,Female,30.0,Gyeonggi,Silver,7.0,163200.0,713000.0,4.6,2026-01-21,N,fashion,2021-05-02,customer863@example.com,0,30대,High
CUST100711,Female,36.0,Busan,Basic,3.0,35700.0,34600.0,3.9,2026-05-01,Y,fashion,2022-11-23,customer711@example.com,0,30대,Low
CUST100928,Female,47.0,Gyeonggi,Gold,11.0,157600.0,735500.0,4.2,2026-02-13,Y,food,2024-04-05,customer928@example.com,0,40대,High
CUST100448,Female,43.0,Seoul,Basic,5.0,117500.0,237600.0,3.9,2026-05-30,N,electronics,2024-05-16,customer448@example.com,0,40대,Medium
CUST100239,Female,30.0,Seoul,Basic,10.0,69500.0,315600.0,4.2,2026-05-23,Y,food,2023-08-11,customer239@example.com,1,30대,Medium
CUST101353,Female,47.0,Daegu,basic,13.0,149700.0,488400.0,4.2,2026-04-09,Y,electronics,2020-10-16,customer1353@example.com,1,40대,Medium
CUST100798,Female,35.0,Daejeon,Basic,12.0,138800.0,772100.0,2.7,2026-01-15,Y,sports,2023-08-09,customer798@example.com,0,30대,High
CUST101405,Female,45.0,Seoul,Silver,11.0,185400.0,519000.0,3.2,2026-05-25,Y,electronics,2022-05-21,customer1405@example.com,1,40대,Medium
CUST101018,Female,32.0,Daegu,Gold,9.0,152400.0,674000.0,5.0,2026-06-04,N,fashion,2023-12-16,customer1018@example.com,1,30대,High
CUST100918,Female,51.0,Gyeonggi,Basic,6.0,110300.0,193300.0,4.5,2026-04-01,Y,electronics,2023-07-19,customer918@example.com,0,50대,Medium
CUST100967,Female,27.0,Daegu,Gold,8.0,166400.0,542600.0,2.9,2026-03-13,N,fashion,2020-08-06,customer967@example.com,1,20대 이하,High
CUST101158,Female,37.0,Gyeonggi,Silver,6.0,85000.0,247700.0,1.8,2026-04-26,Y,food,2023-04-11,customer1158@example.com,0,30대,Medium
CUST100344,Female,28.0,Gyeonggi,Gold,13.0,176400.0,889400.0,4.2,2026-04-06,N,beauty,2023-04-07,customer344@example.com,1,20대 이하,High
CUST101186,Female,18.0,Busan,Basic,9.0,74800.0,336600.0,4.1,2026-05-31,Y,food,2023-12-27,customer1186@example.com,1,20대 이하,Medium
CUST100731,Female,32.0,Seoul,Basic,15.0,119500.0,305400.0,3.0,2026-05-08,Y,sports,2024-06-30,customer731@example.com,1,30대,Medium
CUST101310,Female,40.0,Gyeonggi,Basic,9.0,89800.0,381300.0,3.9,2026-01-08,Y,food,2025-03-30,customer1310@example.com,1,40대,Medium
CUST100126,Female,22.0,Daegu,Silver,8.0,29400.0,55800.0,3.0,2026-06-10,N,food,2021-10-22,customer126@example.com,0,20대 이하,Low
CUST100250,Female,32.0,Seoul,Basic,8.0,5000.0,22200.0,3.6,2026-04-23,Y,food,2021-03-21,customer250@example.com,0,30대,Low
CUST100515,Female,35.0,Busan,Gold,9.0,145100.0,738700.0,4.3,2026-04-06,Y,food,2024-02-15,customer515@example.com,1,30대,High
CUST100440,Female,45.0,Seoul,Basic,15.0,148500.0,893400.0,4.5,2026-04-29,N,beauty,2023-09-24,customer440@example.com,1,40대,High
CUST100843,Female,47.0,Busan,Basic,10.0,87100.0,158600.0,3.9,2026-04-17,Y,sports,2020-12-14,customer843@example.com,0,40대,Low
CUST100975,Female,47.0,Seoul,Gold,7.0,109300.0,95100.0,4.2,2026-04-30,N,fashion,2021-02-20,customer975@example.com,0,40대,Low
CUST101474,Female,44.0,Seoul,Silver,13.0,142400.0,965500.0,3.0,2026-03-24,N,electronics,2020-09-11,customer1474@example.com,1,40대,High
CUST101244,Female,38.0,Gyeonggi,Basic,7.0,84400.0,187100.0,3.9,2026-02-22,Y,food,2022-10-29,customer1244@example.com,0,30대,Medium
CUST101418,Female,48.0,Seoul,Gold,11.0,112300.0,209800.0,3.0,2026-04-02,N,home,2021-02-21,customer1418@example.com,0,40대,Medium
CUST100045,Female,46.0,Daegu,Basic,14.0,109700.0,499900.0,2.5,2026-05-09,N,home,2020-11-23,customer45@example.com,1,40대,Medium
CUST101078,Female,46.0,Daegu,Basic,11.0,140600.0,776800.0,3.1,2026-05-02,N,fashion,2023-11-17,customer1078@example.com,1,40대,High
CUST100314,Female,31.0,Seoul,Silver,9.0,143900.0,317600.0,2.9,2026-06-17,Y,fashion,2023-11-01,customer314@example.com,0,30대,Medium
CUST101030,Female,33.0,Daejeon,Basic,10.0,180000.0,546600.0,4.2,2026-02-11,N,electronics,2021-06-21,customer1030@example.com,0,30대,High
CUST101409,Female,48.0,Busan,Basic,9.0,129800.0,257400.0,4.0,2026-04-23,N,electronics,2021-12-15,customer1409@example.com,1,40대,Medium
CUST100745,Female,31.0,Seoul,Silver,11.0,175400.0,475300.0,3.1,2026-06-25,Y,electronics,2023-02-08,customer745@example.com,1,30대,Medium
CUST100033,Female,65.0,Gwangju,Gold,13.0,184300.0,577600.0,4.4,2026-06-22,N,fashion,2022-09-01,customer33@example.com,1,60대 이상,High
CUST101001,Female,54.0,Daejeon,Basic,10.0,73000.0,156600.0,3.8,2026-05-31,Y,food,2021-12-07,customer1001@example.com,0,50대,Low
CUST100995,Female,32.0,Daejeon,Basic,8.0,106800.0,318700.0,3.5,2026-02-05,N,home,2023-04-06,customer995@example.com,0,30대,Medium
CUST100330,Female,35.0,Gwangju,Basic,7.0,55400.0,148600.0,2.7,2026-05-13,N,home,2024-10-10,customer330@example.com,0,30대,Low
CUST101187,Female,49.0,Gyeonggi,Gold,8.0,217900.0,607900.0,2.1,2026-05-15,Y,electronics,2023-07-19,customer1187@example.com,1,40대,High
CUST101349,Female,26.0,Gwangju,Gold,9.0,123800.0,316400.0,4.7,2026-04-10,N,beauty,2023-06-18,customer1349@example.com,0,20대 이하,Medium
CUST101487,Female,18.0,Seoul,Basic,11.0,176000.0,756100.0,3.3,2026-05-23,Y,electronics,2024-08-04,customer1487@example.com,1,20대 이하,High
CUST100110,Female,42.0,Daejeon,Silver,10.0,106100.0,345700.0,3.9,2026-06-14,Y,fashion,2023-11-05,customer110@example.com,0,40대,Medium
CUST100151,Female,20.0,Seoul,Gold,9.0,214700.0,961700.0,4.6,2026-04-15,Y,home,2024-03-23,customer151@example.com,1,20대 이하,High
CUST100968,Female,60.0,Gwangju,Basic,11.0,237800.0,1075975.0,3.5,2026-04-20,N,electronics,2024-07-07,customer968@example.com,0,60대 이상,High
CUST100669,Female,49.0,Incheon,Silver,7.0,118800.0,408100.0,3.6,2026-03-17,N,beauty,2025-08-06,customer669@example.com,1,40대,Medium
CUST100781,Female,49.0,Busan,Basic,9.0,221600.0,945600.0,4.2,2026-05-20,N,electronics,2020-07-07,customer781@example.com,1,40대,High
CUST101354,Female,57.0,Daejeon,gold,16.0,158300.0,424000.0,2.5,2026-04-01,N,fashion,2024-12-20,customer1354@example.com,0,50대,Medium
CUST100699,Female,23.0,Gwangju,Gold,9.0,80000.0,139700.0,2.7,2026-04-18,Y,home,2025-12-31,customer699@example.com,0,20대 이하,Low
CUST101150,Female,21.0,Seoul,Basic,6.0,48200.0,106800.0,3.7,2026-05-21,Y,food,2021-02-15,customer1150@example.com,0,20대 이하,Low
CUST100971,Female,33.0,Seoul,Basic,10.0,167200.0,468700.0,4.2,2026-06-02,N,electronics,2021-12-29,customer971@example.com,0,30대,Medium
CUST100965,Female,42.0,Gyeonggi,Basic,12.0,119100.0,691100.0,3.0,2026-03-02,N,sports,2021-03-19,customer965@example.com,1,40대,High
CUST101499,Female,38.0,Gwangju,Silver,6.0,86700.0,77500.0,4.4,2026-01-23,N,home,2021-09-22,customer1499@example.com,0,30대,Low
CUST100187,Female,39.0,Gyeonggi,Silver,11.0,155700.0,691800.0,2.6,2026-03-04,Y,fashion,2021-03-20,customer187@example.com,1,30대,High
CUST101099,Female,37.0,Seoul,Basic,10.0,128700.0,238900.0,4.1,2026-04-15,Y,food,2021-12-19,customer1099@example.com,0,30대,Medium
CUST100583,Female,48.0,Gyeonggi,Silver,12.0,100600.0,604400.0,3.8,2026-05-25,N,fashion,2025-07-07,customer583@example.com,0,40대,High
CUST101290,Female,54.0,Gyeonggi,Basic,7.0,74700.0,74200.0,4.4,2026-03-24,Y,home,2021-01-17,customer1290@example.com,1,50대,Low
CUST100043,Female,27.0,Gyeonggi,Silver,7.0,132900.0,424400.0,2.3,2026-03-12,Y,electronics,2023-08-24,customer43@example.com,0,20대 이하,Medium
CUST101189,Female,49.0,Gwangju,Basic,11.0,65600.0,294700.0,1.8,2026-05-12,N,fashion,2020-07-30,customer1189@example.com,1,40대,Medium
CUST101339,Female,46.0,Gyeonggi,Basic,7.0,157000.0,590100.0,5.0,2026-05-05,N,electronics,2021-10-11,customer1339@example.com,1,40대,High
CUST101328,Male,47.0,Gyeonggi,Basic,7.0,64000.0,134700.0,4.7,2026-06-22,N,fashion,2023-06-04,customer1328@example.com,0,40대,Low
CUST101304,Female,39.0,Gyeonggi,Basic,12.0,111900.0,436100.0,4.6,2026-01-26,Y,sports,2025-06-03,customer1304@example.com,1,30대,Medium
CUST100652,Female,45.0,Busan,VIP,10.0,148100.0,454300.0,4.9,2026-03-13,Y,fashion,2023-01-27,customer652@example.com,1,40대,Medium
CUST101444,Female,53.0,Gyeonggi,Basic,17.0,118500.0,700300.0,3.2,2026-05-19,Y,fashion,2025-10-11,customer1444@example.com,0,50대,High
CUST100617,Female,38.0,Daegu,Gold,13.0,154000.0,931200.0,4.5,2026-05-19,N,beauty,2023-03-31,customer617@example.com,1,30대,High
CUST100500,Female,48.0,Busan,Silver,5.0,56400.0,122800.0,3.9,2026-04-23,Y,home,2025-01-01,customer500@example.com,0,40대,Low
CUST101135,Female,51.0,Daegu,Basic,10.0,78500.0,442300.0,2.0,2026-03-25,Y,sports,2025-05-13,customer1135@example.com,0,50대,Medium
CUST101399,Female,41.0,Daegu,VIP,6.0,158300.0,164400.0,3.1,2026-04-21,N,sports,2023-04-28,customer1399@example.com,0,40대,Low
CUST100693,Female,33.0,Gyeonggi,Basic,12.0,100600.0,562700.0,3.5,2025-09-11,N,home,2024-05-29,customer693@example.com,0,30대,High
CUST100278,Female,41.0,Busan,basic,6.0,116500.0,124800.0,3.6,2026-04-07,Y,electronics,2021-07-29,customer278@example.com,0,40대,Low
CUST100586,Female,40.0,Gyeonggi,Silver,10.0,126600.0,235900.0,2.3,2026-04-20,Y,food,2021-08-06,customer586@example.com,0,40대,Medium
CUST100897,Female,39.0,Daejeon,silver,10.0,103400.0,516000.0,4.3,2026-05-23,Y,home,2021-08-11,customer897@example.com,1,30대,Medium
CUST101041,Female,29.0,Gyeonggi,Basic,12.0,167400.0,359600.0,4.0,2026-03-22,N,electronics,2022-09-27,customer1041@example.com,1,20대 이하,Medium
CUST100547,Female,22.0,Busan,Silver,6.0,107800.0,119300.0,2.7,2026-04-13,Y,fashion,2023-05-25,customer547@example.com,0,20대 이하,Low
CUST101149,Female,44.0,Daejeon,silver,10.0,50700.0,224300.0,1.9,2026-06-04,Y,sports,2023-01-06,customer1149@example.com,0,40대,Medium
CUST100269,Female,51.0,Seoul,Basic,9.0,116100.0,330100.0,2.7,2026-05-05,N,fashion,2021-05-14,customer269@example.com,0,50대,Medium
CUST101285,Female,44.0,Seoul,Basic,9.0,45200.0,122700.0,4.2,2026-04-10,N,food,2022-08-20,customer1285@example.com,0,40대,Low
CUST101493,Female,49.0,Daejeon,Gold,10.0,191900.0,1075975.0,2.8,2026-01-29,Y,home,2020-10-20,customer1493@example.com,1,40대,High
CUST101468,Female,39.0,Daejeon,Silver,7.0,119900.0,408500.0,3.8,2026-04-14,N,food,2023-12-25,customer1468@example.com,1,30대,Medium
CUST101047,Female,69.5,Seoul,Silver,11.0,144300.0,470900.0,3.6,2026-04-21,N,fashion,2023-12-31,customer1047@example.com,1,60대 이상,Medium
CUST100100,Female,69.5,Seoul,Basic,4.0,136400.0,138800.0,4.3,2026-06-13,N,electronics,2021-12-22,customer100@example.com,1,60대 이상,Low
CUST101333,Female,44.0,Seoul,Silver,6.0,106300.0,235200.0,3.4,2026-06-16,Y,electronics,2025-07-13,customer1333@example.com,1,40대,Medium
CUST101009,Female,50.0,Gyeonggi,Basic,7.0,17100.0,30400.0,2.6,2026-04-09,Y,sports,2025-06-09,customer1009@example.com,0,50대,Low
CUST101357,Female,42.0,Daejeon,Silver,12.0,77500.0,149400.0,3.5,2026-06-02,Y,fashion,2024-02-22,customer1357@example.com,1,40대,Low
CUST101124,Female,28.0,Busan,Silver,3.0,53500.0,100600.0,3.6,2026-01-13,Y,food,2021-09-14,customer1124@example.com,0,20대 이하,Low
CUST100024,Female,44.0,Seoul,Silver,5.0,82900.0,94900.0,4.5,2026-05-30,N,fashion,2023-08-06,customer24@example.com,1,40대,Low
CUST100108,Female,39.0,Busan,Basic,9.0,100500.0,517600.0,3.4,2026-05-30,Y,beauty,2023-01-22,customer108@example.com,1,30대,Medium
CUST100810,Female,30.0,Seoul,Silver,8.0,115500.0,259200.0,4.4,2026-02-07,Y,beauty,2021-07-15,customer810@example.com,0,30대,Medium
CUST100426,Female,50.0,Gwangju,VIP,11.0,197900.0,848900.0,4.1,2026-04-30,N,home,2021-08-06,customer426@example.com,1,50대,High
CUST100611,Female,44.0,Busan,Basic,12.0,102400.0,384400.0,3.3,2026-03-29,N,beauty,2025-05-05,customer611@example.com,1,40대,Medium
CUST101223,Female,55.0,Daegu,Basic,10.0,73100.0,311000.0,2.9,2026-03-29,N,sports,2025-09-29,customer1223@example.com,0,50대,Medium
CUST100010,Female,49.0,Seoul,Basic,9.0,135500.0,646800.0,3.1,2026-06-26,N,beauty,2025-06-03,customer10@example.com,1,40대,High
CUST100815,Female,46.0,Gyeonggi,Basic,13.0,89900.0,437400.0,3.9,2026-05-20,N,fashion,2023-04-06,customer815@example.com,1,40대,Medium
CUST100517,Female,59.0,Gyeonggi,Basic,5.0,41000.0,94200.0,4.2,2026-02-19,Y,fashion,2022-08-21,customer517@example.com,1,50대,Low
CUST100271,Female,50.0,Seoul,Gold,8.0,206600.0,357300.0,3.0,2025-12-20,Y,electronics,2022-11-18,customer271@example.com,0,50대,Medium
CUST100167,Female,52.0,Daejeon,Silver,9.0,166300.0,696700.0,3.8,2026-04-09,Y,beauty,2022-07-07,customer167@example.com,1,50대,High
CUST100509,Female,34.0,Incheon,Basic,5.0,85400.0,175700.0,4.4,2026-04-23,N,food,2024-03-02,customer509@example.com,0,30대,Low
CUST100962,Male,23.0,Daegu,Silver,6.0,80200.0,150800.0,3.6,2025-08-26,Y,fashion,2022-12-28,customer962@example.com,0,20대 이하,Low
CUST101416,Female,31.0,Seoul,Silver,11.0,197000.0,355600.0,4.1,2026-04-27,Y,electronics,2023-04-07,customer1416@example.com,0,30대,Medium
CUST100309,Female,59.0,Gyeonggi,Basic,14.0,136900.0,835600.0,4.1,2026-06-11,N,fashion,2023-04-17,customer309@example.com,1,50대,High
CUST100262,Female,24.0,Seoul,Basic,11.0,127700.0,437900.0,5.0,2026-06-14,N,sports,2020-09-12,customer262@example.com,1,20대 이하,Medium
CUST100429,Female,37.0,Seoul,Gold,6.0,145900.0,286900.0,4.1,2026-01-01,Y,home,2025-05-30,customer429@example.com,0,30대,Medium
CUST100135,Female,18.0,Incheon,Silver,12.0,204000.0,1075975.0,4.4,2026-06-19,N,food,2023-11-18,customer135@example.com,1,20대 이하,High
CUST100114,Female,69.5,Seoul,Basic,7.0,140300.0,602200.0,4.8,2026-05-16,N,beauty,2023-07-10,customer114@example.com,1,60대 이상,High
CUST101096,Female,45.0,Busan,Basic,10.0,141000.0,251400.0,3.2,2026-06-16,Y,food,2020-09-18,customer1096@example.com,1,40대,Medium
CUST100917,Female,32.0,Seoul,Silver,10.0,182200.0,971400.0,4.4,2026-06-14,N,beauty,2025-09-05,customer917@example.com,1,30대,High
CUST101213,Female,31.0,Seoul,VIP,11.0,210200.0,899800.0,3.7,2026-04-21,Y,fashion,2020-10-26,customer1213@example.com,1,30대,High
CUST100785,Female,42.0,Gyeonggi,Silver,10.0,79600.0,355700.0,2.8,2026-02-28,N,fashion,2024-02-04,customer785@example.com,0,40대,Medium
CUST101481,Female,54.0,Gyeonggi,Basic,14.0,92200.0,313300.0,4.6,2026-04-22,Y,beauty,2022-06-06,customer1481@example.com,1,50대,Medium
CUST101478,Female,50.0,Incheon,Basic,12.0,107600.0,567400.0,1.4,2026-04-14,N,fashion,2021-10-15,customer1478@example.com,0,50대,High
CUST100549,Female,41.0,Seoul,Basic,9.0,128700.0,490300.0,4.4,2026-05-11,N,electronics,2025-04-28,customer549@example.com,1,40대,Medium
CUST101276,Female,47.0,Seoul,Basic,7.0,126900.0,384100.0,4.1,2025-10-28,N,fashion,2025-07-19,customer1276@example.com,0,40대,Medium
CUST100862,Female,65.0,Daegu,Basic,8.0,84500.0,370000.0,3.6,2026-03-28,Y,sports,2025-06-18,customer862@example.com,0,60대 이상,Medium
CUST101128,Female,37.0,Gyeonggi,Basic,8.0,61600.0,262100.0,3.6,2026-04-27,N,sports,2021-01-11,customer1128@example.com,0,30대,Medium
CUST100979,Female,27.0,Gyeonggi,Gold,7.0,123500.0,352800.0,3.9,2026-02-21,Y,fashion,2020-12-04,customer979@example.com,0,20대 이하,Medium
CUST100694,Female,27.0,Seoul,Basic,8.0,111900.0,206100.0,4.7,2026-02-10,N,sports,2023-07-28,customer694@example.com,0,20대 이하,Medium
CUST100852,Female,51.0,Gyeonggi,Basic,5.0,110600.0,110700.0,3.0,2026-03-01,Y,electronics,2020-07-11,customer852@example.com,1,50대,Low
CUST100505,Female,47.0,Seoul,Silver,8.0,96600.0,194000.0,3.3,2026-05-13,Y,fashion,2024-10-07,customer505@example.com,0,40대,Medium
CUST100225,Female,35.0,Daegu,Basic,7.0,68700.0,234900.0,2.4,2026-05-12,N,fashion,2023-06-06,customer225@example.com,1,30대,Medium
CUST100421,Female,27.0,Busan,Silver,10.0,165100.0,771700.0,3.2,2026-05-29,Y,fashion,2021-08-04,customer421@example.com,1,20대 이하,High
CUST100538,Female,30.0,Daejeon,Silver,6.0,155700.0,416300.0,3.5,2026-03-04,N,fashion,2022-04-21,customer538@example.com,0,30대,Medium
CUST100775,Female,48.0,Gyeonggi,Gold,6.0,95800.0,270000.0,3.0,2026-05-08,N,sports,2023-06-05,customer775@example.com,0,40대,Medium
CUST100540,Female,45.0,Seoul,Silver,14.0,168700.0,765600.0,3.5,2026-05-17,N,home,2023-11-29,customer540@example.com,1,40대,High
CUST101206,Female,44.0,Daejeon,Silver,10.0,32200.0,89200.0,4.9,2026-05-11,Y,fashion,2023-05-02,customer1206@example.com,1,40대,Low
CUST100002,Female,44.0,Busan,Gold,11.0,222400.0,942000.0,3.6,2026-01-23,N,electronics,2022-09-25,customer2@example.com,1,40대,High
CUST100770,Female,46.0,Gyeonggi,Basic,13.0,106500.0,365700.0,1.9,2026-05-23,N,beauty,2025-11-06,customer770@example.com,1,40대,Medium
CUST100993,Female,36.0,Incheon,gold,11.0,248700.0,1075975.0,5.0,2026-05-22,Y,electronics,2023-12-02,customer993@example.com,1,30대,High
CUST101341,Female,36.0,Seoul,Silver,5.0,73800.0,78600.0,4.1,2026-02-26,N,fashion,2022-03-17,customer1341@example.com,0,30대,Low
CUST100956,Female,38.0,Daejeon,VIP,7.0,157500.0,690200.0,3.4,2026-06-21,N,fashion,2021-02-21,customer956@example.com,1,30대,High
CUST101316,Female,41.0,Seoul,Silver,13.0,197100.0,918800.0,2.8,2026-02-06,N,electronics,2020-12-05,customer1316@example.com,1,40대,High
CUST100141,Female,65.0,Gyeonggi,Basic,5.0,53300.0,117500.0,4.2,2026-05-24,Y,food,2023-10-07,customer141@example.com,0,60대 이상,Low
CUST100580,Female,32.0,Daegu,Basic,8.0,67900.0,268700.0,3.8,2026-03-17,N,fashion,2021-01-08,customer580@example.com,0,30대,Medium
CUST100275,Female,44.0,Gyeonggi,Basic,10.0,76700.0,157200.0,4.6,2026-05-29,N,sports,2025-03-24,customer275@example.com,0,40대,Low
CUST100477,Female,49.0,Busan,Silver,9.0,134900.0,741100.0,4.0,2026-03-07,N,fashion,2024-10-04,customer477@example.com,0,40대,High
CUST101428,Female,33.0,Gyeonggi,Gold,6.0,131800.0,295600.0,4.5,2026-04-24,N,food,2024-10-13,customer1428@example.com,1,30대,Medium
CUST101238,Male,35.0,Daegu,Gold,9.0,194800.0,402300.0,4.9,2026-05-21,Y,beauty,2022-09-13,customer1238@example.com,0,30대,Medium
CUST101192,Female,46.0,Daejeon,VIP,6.0,231900.0,251100.0,4.7,2026-05-23,N,electronics,2023-06-27,customer1192@example.com,0,40대,Medium
CUST100830,Female,42.0,Seoul,Gold,6.0,178500.0,184600.0,2.3,2026-04-21,Y,sports,2021-05-03,customer830@example.com,0,40대,Low
CUST100004,Female,46.0,Gyeonggi,Silver,11.0,86200.0,181200.0,3.3,2026-06-01,N,fashion,2023-04-25,customer4@example.com,0,40대,Low
CUST101378,Female,44.0,Gyeonggi,Gold,7.0,187800.0,582500.0,4.4,2026-06-13,Y,food,2024-03-21,customer1378@example.com,1,40대,High
CUST101448,Female,35.0,Incheon,Basic,9.0,94700.0,247400.0,3.8,2026-05-22,N,fashion,2024-08-06,customer1448@example.com,0,30대,Medium
CUST100096,Female,38.0,Incheon,Silver,14.0,54200.0,259100.0,2.8,2026-05-06,N,fashion,2021-10-16,customer96@example.com,0,30대,Medium
CUST100526,Female,19.0,Daejeon,Gold,10.0,121400.0,230500.0,3.2,2026-03-13,N,fashion,2023-04-08,customer526@example.com,0,20대 이하,Medium
CUST100760,Female,55.0,Seoul,Gold,7.0,145000.0,303900.0,2.7,2026-04-13,N,beauty,2023-06-08,customer760@example.com,0,50대,Medium
CUST100885,Female,61.0,Daegu,Basic,10.0,63000.0,141500.0,3.3,2026-01-20,N,home,2020-11-09,customer885@example.com,0,60대 이상,Low
CUST100938,Female,28.0,Seoul,Basic,7.0,130000.0,593200.0,4.4,2026-03-18,Y,electronics,2021-06-16,customer938@example.com,1,20대 이하,High
CUST100869,Female,68.0,Daejeon,Gold,8.0,109400.0,334900.0,3.5,2026-06-19,N,home,2023-06-26,customer869@example.com,1,60대 이상,Medium
CUST100332,Female,49.0,Gwangju,VIP,17.0,167100.0,750600.0,4.4,2026-06-04,Y,fashion,2020-10-07,customer332@example.com,1,40대,High
CUST100304,Female,50.0,Seoul,Basic,6.0,88200.0,291600.0,3.3,2026-05-09,N,electronics,2021-11-24,customer304@example.com,0,50대,Medium
CUST101367,Female,39.0,Seoul,Basic,10.0,150600.0,585800.0,4.0,2026-04-16,Y,electronics,2023-04-05,customer1367@example.com,1,30대,High
CUST100683,Female,37.0,Daegu,Basic,10.0,92200.0,445000.0,4.3,2026-06-13,N,fashion,2021-08-08,customer683@example.com,1,30대,Medium
CUST100512,Female,47.0,Seoul,Basic,6.0,106100.0,182000.0,3.3,2026-03-27,N,electronics,2024-04-11,customer512@example.com,0,40대,Low
CUST100289,Female,32.0,Seoul,Silver,11.0,117400.0,386500.0,3.4,2026-04-03,Y,fashion,2021-02-21,customer289@example.com,1,30대,Medium
CUST101205,Female,45.0,Busan,Basic,9.0,74000.0,246600.0,3.4,2026-04-11,Y,beauty,2024-01-18,customer1205@example.com,0,40대,Medium
CUST100588,Female,66.0,Gyeonggi,Basic,5.0,104400.0,334700.0,3.2,2026-06-17,Y,food,2021-12-26,customer588@example.com,0,60대 이상,Medium
CUST100191,Female,18.0,Incheon,Silver,12.0,97600.0,206400.0,3.0,2026-02-03,N,beauty,2022-01-06,customer191@example.com,0,20대 이하,Medium
CUST100660,Female,42.0,Seoul,Basic,8.0,182200.0,718900.0,4.2,2026-04-25,N,electronics,2021-10-07,customer660@example.com,1,40대,High
CUST100189,Female,18.0,Gyeonggi,Basic,7.0,106700.0,227000.0,3.4,2026-02-02,Y,fashion,2023-06-13,customer189@example.com,0,20대 이하,Medium
CUST100236,Male,38.0,Seoul,Silver,10.0,218000.0,905600.0,3.8,2026-03-10,Y,electronics,2025-09-29,customer236@example.com,1,30대,High
CUST101495,Female,35.0,Daejeon,Basic,9.0,124100.0,334200.0,4.1,2026-04-07,Y,sports,2023-12-04,customer1495@example.com,1,30대,Medium
CUST100548,Female,51.0,Incheon,Gold,9.0,133900.0,596200.0,3.1,2026-02-18,N,beauty,2022-05-02,customer548@example.com,0,50대,High
CUST101488,Female,35.0,Gwangju,Gold,6.0,91000.0,83100.0,2.3,2026-05-30,Y,home,2023-10-22,customer1488@example.com,0,30대,Low
CUST101391,Female,41.0,Seoul,VIP,10.0,137500.0,759100.0,4.3,2026-02-14,Y,beauty,2021-06-20,customer1391@example.com,1,40대,High
CUST101107,Female,41.0,Gyeonggi,Basic,6.0,78500.0,69000.0,3.5,2026-06-22,N,fashion,2023-10-20,customer1107@example.com,0,40대,Low
CUST100073,Female,32.0,Gyeonggi,Gold,14.0,157500.0,461500.0,3.9,2026-04-15,Y,home,2025-10-04,customer73@example.com,0,30대,Medium
CUST100466,Female,18.0,Daegu,Gold,10.0,169600.0,554100.0,2.6,2025-11-23,Y,home,2025-07-24,customer466@example.com,0,20대 이하,High
CUST101433,Female,24.0,Daejeon,Basic,8.0,63200.0,109700.0,2.9,2026-05-01,N,home,2023-02-24,customer1433@example.com,0,20대 이하,Low
CUST101347,Female,37.0,Daejeon,Gold,11.0,111200.0,632100.0,3.2,2026-03-27,N,food,2022-06-25,customer1347@example.com,1,30대,High
CUST100134,Female,37.0,Daejeon,Silver,7.0,81000.0,89300.0,2.5,2026-02-01,Y,fashion,2022-08-20,customer134@example.com,0,30대,Low
CUST100205,Female,37.0,Gwangju,Gold,8.0,135500.0,404600.0,3.5,2026-05-10,Y,fashion,2022-03-08,customer205@example.com,1,30대,Medium
CUST100443,Female,55.0,Seoul,Silver,7.0,82300.0,93600.0,3.6,2026-05-09,Y,food,2021-06-05,customer443@example.com,0,50대,Low
CUST101210,Female,38.0,Gyeonggi,Gold,7.0,190100.0,650000.0,4.0,2026-05-06,N,beauty,2020-07-17,customer1210@example.com,1,30대,High
CUST100251,Female,37.0,Daejeon,Basic,9.0,97100.0,97400.0,3.1,2026-05-07,N,food,2025-10-13,customer251@example.com,0,30대,Low
CUST100727,Female,62.0,Seoul,Basic,4.0,56300.0,55100.0,2.3,2026-06-02,N,food,2022-02-11,customer727@example.com,0,60대 이상,Low
CUST101045,Female,48.0,Gyeonggi,Basic,7.0,119800.0,245900.0,3.4,2026-05-15,N,sports,2022-03-02,customer1045@example.com,0,40대,Medium
CUST100279,Female,42.0,Busan,Basic,9.0,116900.0,246800.0,3.4,2026-04-13,N,fashion,2023-03-15,customer279@example.com,0,40대,Medium
CUST100912,Female,60.0,Daejeon,Basic,12.0,43200.0,127700.0,1.5,2026-06-07,Y,fashion,2024-12-16,customer912@example.com,0,60대 이상,Low
CUST100290,Female,22.0,Incheon,Gold,14.0,214200.0,1075975.0,4.1,2026-03-02,N,fashion,2023-09-04,customer290@example.com,0,20대 이하,High
CUST100746,Female,52.0,Gwangju,Basic,15.0,144800.0,573500.0,3.4,2026-06-17,N,electronics,2023-03-12,customer746@example.com,1,50대,High
CUST100640,Female,48.0,Incheon,Basic,4.0,113400.0,105900.0,3.0,2026-03-31,N,electronics,2022-06-30,customer640@example.com,0,40대,Low
CUST100900,Female,48.0,Busan,Gold,12.0,78800.0,157700.0,2.1,2026-04-28,Y,fashion,2025-05-10,customer900@example.com,0,40대,Low
CUST100058,Female,46.0,Incheon,Basic,9.0,162100.0,454800.0,4.2,2026-06-04,Y,electronics,2021-10-21,customer58@example.com,1,40대,Medium
CUST100842,Female,35.0,Seoul,Basic,7.0,117300.0,306800.0,3.6,2026-05-10,Y,beauty,2022-01-01,customer842@example.com,1,30대,Medium
CUST101017,Female,37.0,Gyeonggi,Basic,11.0,84100.0,229600.0,3.8,2026-06-12,N,sports,2022-02-24,customer1017@example.com,0,30대,Medium
CUST101443,Female,39.0,Seoul,Basic,12.0,144500.0,495700.0,5.0,2026-06-06,N,electronics,2022-07-23,customer1443@example.com,1,30대,Medium
CUST100619,Female,36.0,Gwangju,Silver,8.0,108000.0,467900.0,4.7,2026-04-28,Y,fashion,2024-03-08,customer619@example.com,1,30대,Medium
CUST101164,Female,36.0,Seoul,Basic,8.0,72000.0,127800.0,3.6,2026-04-08,N,beauty,2022-04-19,customer1164@example.com,0,30대,Low
CUST101325,Female,56.0,Daejeon,Silver,11.0,192400.0,395700.0,5.0,2025-11-13,Y,fashion,2025-12-07,customer1325@example.com,1,50대,Medium
CUST100352,Female,44.0,Gyeonggi,Basic,14.0,58600.0,305800.0,3.3,2026-05-08,Y,sports,2024-07-17,customer352@example.com,1,40대,Medium
CUST101072,Female,53.0,Seoul,Gold,8.0,149300.0,627900.0,2.5,2026-04-01,Y,food,2022-09-28,customer1072@example.com,1,50대,High
CUST100306,Female,62.0,Gwangju,Basic,7.0,148300.0,476200.0,4.4,2026-05-07,N,electronics,2025-06-21,customer306@example.com,0,60대 이상,Medium
CUST101202,Female,45.0,Gyeonggi,Basic,10.0,116700.0,201500.0,3.5,2026-04-02,N,beauty,2024-11-16,customer1202@example.com,1,40대,Medium
CUST100246,Female,28.0,Seoul,Basic,12.0,130800.0,684300.0,4.9,2026-03-28,N,beauty,2021-04-09,customer246@example.com,0,20대 이하,High
CUST100481,Female,35.0,Gyeonggi,VIP,8.0,176400.0,589500.0,4.1,2026-04-29,Y,beauty,2025-03-07,customer481@example.com,1,30대,High
CUST101322,Female,43.0,Seoul,VIP,9.0,254775.0,1075975.0,3.9,2026-02-16,Y,food,2025-05-08,customer1322@example.com,1,40대,High
CUST101139,Female,32.0,Incheon,Basic,13.0,78200.0,479900.0,3.5,2026-03-30,N,food,2024-12-09,customer1139@example.com,0,30대,Medium
CUST101425,Female,32.0,Gwangju,Silver,6.0,110700.0,364200.0,2.7,2026-01-11,N,fashion,2024-08-27,customer1425@example.com,0,30대,Medium
CUST100284,Female,43.0,Gwangju,Basic,6.0,134900.0,150000.0,3.7,2026-05-05,Y,electronics,2021-07-30,customer284@example.com,0,40대,Low
CUST100292,Female,38.0,Seoul,Basic,12.0,205600.0,1075975.0,3.3,2026-04-20,Y,electronics,2021-05-28,customer292@example.com,1,30대,High
CUST100982,Female,57.0,Seoul,Gold,11.0,208300.0,954600.0,4.0,2025-11-03,N,sports,2020-07-08,customer982@example.com,1,50대,High
CUST101023,Female,28.0,Gyeonggi,VIP,5.0,122700.0,269000.0,4.3,2026-05-10,N,beauty,2024-07-22,customer1023@example.com,1,20대 이하,Medium
CUST101229,Female,33.0,Busan,Silver,9.0,52800.0,161300.0,2.6,2026-04-13,N,home,2023-09-20,customer1229@example.com,0,30대,Low
CUST101275,Female,31.0,Seoul,Basic,11.0,120700.0,407600.0,3.4,2026-05-18,Y,beauty,2025-07-29,customer1275@example.com,1,30대,Medium
CUST101162,Female,44.0,Gyeonggi,Basic,9.0,119900.0,121300.0,5.0,2026-04-21,N,food,2024-06-10,customer1162@example.com,1,40대,Low
CUST100826,Female,35.0,Daejeon,Silver,5.0,103400.0,188700.0,3.8,2026-06-07,N,fashion,2023-01-22,customer826@example.com,0,30대,Medium
CUST100946,Female,34.0,Gyeonggi,Silver,7.0,163200.0,299700.0,4.4,2026-05-11,Y,electronics,2022-10-13,customer946@example.com,1,30대,Medium
CUST100221,Female,38.0,Seoul,Basic,5.0,59900.0,58300.0,3.5,2026-04-11,N,beauty,2022-08-15,customer221@example.com,0,30대,Low
CUST100062,Female,63.0,Incheon,Basic,8.0,18100.0,62500.0,4.2,2026-06-24,Y,beauty,2025-03-04,customer62@example.com,0,60대 이상,Low
CUST101014,Female,49.0,Gyeonggi,Silver,10.0,92500.0,328600.0,4.3,2025-12-07,N,beauty,2022-07-24,customer1014@example.com,0,40대,Medium
CUST101373,Female,34.0,Gwangju,Basic,14.0,142200.0,767100.0,2.8,2026-01-31,N,beauty,2021-05-15,customer1373@example.com,1,30대,High
CUST101265,Female,35.0,Gyeonggi,Basic,8.0,101300.0,112100.0,4.9,2026-03-25,Y,fashion,2024-07-20,customer1265@example.com,0,30대,Low
CUST101492,Female,45.0,Gyeonggi,Silver,12.0,134700.0,264000.0,2.0,2026-04-08,Y,home,2023-04-26,customer1492@example.com,0,40대,Medium
CUST101197,Female,23.0,Gyeonggi,Silver,4.0,122800.0,112800.0,4.1,2026-04-15,N,electronics,2021-04-15,customer1197@example.com,1,20대 이하,Low
CUST100327,Female,59.0,Daejeon,Basic,15.0,89800.0,642000.0,4.1,2026-05-22,N,home,2024-12-24,customer327@example.com,1,50대,High
CUST101477,Female,33.0,Busan,Basic,14.0,116000.0,537000.0,4.6,2026-05-30,Y,fashion,2022-08-15,customer1477@example.com,1,30대,Medium
CUST101111,Female,36.0,Gyeonggi,Basic,11.0,43100.0,177300.0,3.9,2026-05-05,N,home,2022-02-15,customer1111@example.com,1,30대,Low
CUST101114,Female,46.0,Daejeon,Basic,4.0,43100.0,92400.0,3.6,2026-01-15,Y,beauty,2021-01-22,customer1114@example.com,1,40대,Low
CUST101494,Female,31.0,Gyeonggi,Basic,8.0,84400.0,226100.0,4.7,2026-02-11,Y,beauty,2020-09-25,customer1494@example.com,1,30대,Medium
CUST100441,Female,54.0,Seoul,Silver,11.0,121000.0,579800.0,2.6,2026-05-12,N,food,2020-12-21,customer441@example.com,0,50대,High
CUST100319,Female,52.0,Daegu,Silver,6.0,129300.0,135400.0,3.2,2026-02-19,N,fashion,2025-05-31,customer319@example.com,1,50대,Low
CUST100273,Female,39.0,Seoul,Gold,10.0,245700.0,1075975.0,5.0,2026-05-16,N,electronics,2024-10-26,customer273@example.com,1,30대,High
CUST101368,Female,43.0,Daejeon,Basic,9.0,118400.0,262000.0,3.8,2026-05-02,Y,electronics,2023-01-05,customer1368@example.com,0,40대,Medium
CUST101397,Female,35.0,Busan,Basic,10.0,6900.0,38500.0,4.2,2026-04-18,N,food,2022-07-25,customer1397@example.com,1,30대,Low
CUST100724,Female,28.0,Gwangju,Basic,10.0,48900.0,219600.0,3.7,2026-06-12,Y,fashion,2021-11-04,customer724@example.com,1,20대 이하,Medium
CUST101311,Female,42.0,Seoul,Silver,9.0,44100.0,199100.0,3.8,2026-05-27,N,food,2022-07-28,customer1311@example.com,0,40대,Medium
CUST100389,Female,31.0,Gyeonggi,Silver,7.0,138800.0,387200.0,3.9,2026-05-16,Y,fashion,2022-09-30,customer389@example.com,1,30대,Medium
CUST100260,Female,36.0,Gwangju,Silver,10.0,156100.0,891700.0,3.4,2026-04-07,N,electronics,2023-04-09,customer260@example.com,1,30대,High
CUST100174,Female,44.0,Incheon,Silver,7.0,81000.0,360500.0,3.2,2026-03-23,N,beauty,2024-08-13,customer174@example.com,0,40대,Medium
CUST100153,Female,24.0,Gwangju,Basic,5.0,122900.0,255000.0,3.3,2026-02-02,N,electronics,2021-08-27,customer153@example.com,0,20대 이하,Medium
CUST100816,Female,36.0,Busan,VIP,13.0,209900.0,1075975.0,3.2,2026-02-26,N,beauty,2024-10-03,customer816@example.com,1,30대,High
CUST100338,Female,31.0,Gyeonggi,Gold,5.0,156000.0,178600.0,2.9,2026-06-29,N,beauty,2020-10-14,customer338@example.com,0,30대,Low
CUST100431,Female,33.0,Seoul,Basic,6.0,134700.0,272200.0,3.5,2026-05-04,Y,electronics,2023-04-27,customer431@example.com,0,30대,Medium
CUST100194,Female,32.0,Gyeonggi,Basic,9.0,108400.0,211700.0,2.4,2026-04-01,N,electronics,2022-09-11,customer194@example.com,0,30대,Medium
CUST101039,Female,37.0,Incheon,Basic,13.0,60600.0,381000.0,2.9,2026-02-28,N,sports,2022-08-18,customer1039@example.com,0,30대,Medium
CUST100233,Female,40.0,Gyeonggi,Basic,7.0,108500.0,354100.0,3.9,2026-06-11,N,electronics,2021-02-17,customer233@example.com,1,40대,Medium
CUST100209,Female,22.0,Seoul,Silver,13.0,108700.0,405100.0,3.9,2026-05-17,Y,fashion,2024-05-05,customer209@example.com,0,20대 이하,Medium
CUST101451,Female,37.0,Gwangju,Basic,11.0,103100.0,274800.0,1.7,2026-06-06,N,sports,2022-12-02,customer1451@example.com,0,30대,Medium
CUST100539,Female,32.0,Gwangju,silver,6.0,81200.0,160500.0,4.3,2026-05-22,N,beauty,2023-09-14,customer539@example.com,1,30대,Low
CUST100468,Female,38.0,Incheon,Basic,9.0,91500.0,366000.0,3.6,2026-05-19,Y,beauty,2021-02-28,customer468@example.com,0,30대,Medium
CUST100684,Female,27.0,Gyeonggi,SILVER,10.0,108000.0,477200.0,2.6,2026-02-01,N,food,2025-02-22,customer684@example.com,1,20대 이하,Medium
CUST100796,Female,49.0,Seoul,Gold,7.0,135200.0,352900.0,3.0,2026-06-04,Y,fashion,2021-03-11,customer796@example.com,1,40대,Medium
CUST100893,Female,32.0,Seoul,Basic,6.0,22000.0,43300.0,3.5,2026-04-29,N,fashion,2022-07-21,customer893@example.com,0,30대,Low
CUST100996,Female,36.0,Incheon,Basic,7.0,64800.0,257500.0,2.3,2026-02-23,Y,home,2021-03-31,customer996@example.com,0,30대,Medium
CUST100752,Female,41.0,Gwangju,Silver,10.0,203900.0,465100.0,4.0,2026-03-09,Y,electronics,2023-12-30,customer752@example.com,0,40대,Medium
CUST101050,Female,30.0,Seoul,Basic,8.0,100800.0,295700.0,2.8,2026-03-16,N,sports,2023-03-06,customer1050@example.com,0,30대,Medium
CUST100507,Female,43.0,Seoul,Basic,10.0,118700.0,516200.0,4.2,2026-05-24,N,food,2025-07-13,customer507@example.com,1,40대,Medium
CUST100827,Female,40.0,Seoul,Silver,13.0,74500.0,452000.0,3.8,2026-03-24,Y,fashion,2023-10-14,customer827@example.com,1,40대,Medium
CUST101140,Female,35.0,Seoul,Basic,8.0,100000.0,257200.0,4.4,2026-03-13,N,fashion,2023-07-20,customer1140@example.com,1,30대,Medium
CUST100820,Female,43.0,Gyeonggi,Basic,8.0,126600.0,435500.0,3.6,2026-04-07,N,fashion,2024-06-24,customer820@example.com,0,40대,Medium
CUST100137,Female,29.0,Busan,basic,5.0,57400.0,111300.0,3.3,2026-02-28,N,fashion,2023-07-03,customer137@example.com,0,20대 이하,Low
CUST100630,Female,18.0,Seoul,Basic,6.0,70600.0,72600.0,3.5,2026-01-26,N,home,2021-11-17,customer630@example.com,0,20대 이하,Low
CUST100450,Female,30.0,Gwangju,Gold,12.0,124700.0,511800.0,4.4,2026-04-30,N,sports,2021-12-01,customer450@example.com,1,30대,Medium
CUST100439,Female,46.0,Gwangju,Basic,9.0,102600.0,353200.0,3.3,2026-04-10,Y,food,2022-04-01,customer439@example.com,0,40대,Medium
CUST100203,Female,32.0,Daejeon,VIP,5.0,92900.0,180500.0,3.7,2026-04-05,N,food,2020-06-28,customer203@example.com,1,30대,Low
CUST100646,Female,53.0,Incheon,Silver,12.0,117800.0,218200.0,4.3,2026-01-29,Y,fashion,2023-07-13,customer646@example.com,0,50대,Medium
CUST101348,Female,45.0,Gwangju,Basic,13.0,101300.0,518900.0,2.4,2026-05-02,Y,home,2024-04-16,customer1348@example.com,1,40대,Medium
CUST100403,Female,36.0,Busan,Basic,14.0,205700.0,1075975.0,3.1,2026-04-06,N,electronics,2023-11-25,customer403@example.com,1,30대,High
CUST101436,Female,43.0,Seoul,Gold,11.0,176700.0,563700.0,4.6,2026-05-14,N,electronics,2022-02-17,customer1436@example.com,1,40대,High
CUST101345,Female,44.0,Incheon,Basic,3.0,88000.0,98700.0,2.8,2026-03-27,N,beauty,2023-10-18,customer1345@example.com,0,40대,Low
CUST100336,Female,55.0,Gwangju,Gold,11.0,160100.0,283000.0,3.0,2026-03-11,N,food,2024-10-08,customer336@example.com,0,50대,Medium
CUST100034,Female,46.0,Seoul,Silver,9.0,150900.0,424000.0,4.1,2025-11-26,N,home,2021-04-13,customer34@example.com,0,40대,Medium
CUST101306,Female,26.0,Seoul,Silver,12.0,61700.0,210600.0,5.0,2026-04-05,Y,fashion,2023-03-14,customer1306@example.com,1,20대 이하,Medium
CUST101394,Female,34.0,Gwangju,Gold,4.0,167800.0,338900.0,4.1,2026-06-05,N,home,2025-03-06,customer1394@example.com,1,30대,Medium
CUST100906,Female,19.0,Seoul,Silver,9.0,67400.0,74400.0,4.5,2026-04-12,N,home,2025-08-09,customer906@example.com,0,20대 이하,Low
CUST100889,Female,46.0,Gyeonggi,Basic,8.0,75100.0,69500.0,3.9,2026-05-26,N,fashion,2024-11-13,customer889@example.com,1,40대,Low
CUST100484,Female,54.0,Daejeon,silver,10.0,98100.0,344600.0,4.5,2026-03-02,N,fashion,2022-01-19,customer484@example.com,1,50대,Medium
CUST100457,Female,41.0,Daegu,Gold,11.0,207100.0,901000.0,3.0,2026-05-21,N,fashion,2021-03-13,customer457@example.com,1,40대,High
CUST101421,Female,41.0,Gwangju,Basic,12.0,218700.0,920800.0,4.2,2026-05-28,N,electronics,2020-08-04,customer1421@example.com,1,40대,High
CUST101422,Female,46.0,Gyeonggi,Gold,12.0,232300.0,458000.0,2.6,2026-06-04,Y,electronics,2025-07-23,customer1422@example.com,1,40대,Medium
CUST101309,Female,41.0,Seoul,Gold,13.0,145700.0,589900.0,2.4,2026-03-18,N,fashion,2023-02-09,customer1309@example.com,0,40대,High
CUST100499,Female,25.0,Busan,Basic,10.0,159900.0,282800.0,3.1,2026-05-27,N,electronics,2024-11-18,customer499@example.com,0,20대 이하,Medium
CUST101146,Female,67.0,Gyeonggi,VIP,10.0,243400.0,962400.0,4.5,2026-03-23,N,electronics,2020-07-25,customer1146@example.com,0,60대 이상,High
CUST100390,Female,32.0,Seoul,Basic,9.0,83600.0,189400.0,3.1,2026-02-15,Y,food,2024-03-20,customer390@example.com,1,30대,Medium
CUST100574,Female,39.0,Seoul,Silver,15.0,45900.0,224100.0,4.2,2026-04-24,N,food,2023-08-03,customer574@example.com,1,30대,Medium
CUST100357,Female,32.0,Gyeonggi,Silver,7.0,90800.0,290500.0,3.9,2026-05-27,Y,fashion,2022-12-13,customer357@example.com,1,30대,Medium
CUST100022,Female,43.0,Seoul,Silver,5.0,68900.0,147400.0,3.0,2026-05-27,N,food,2025-12-22,customer22@example.com,0,40대,Low
CUST101288,Female,35.0,Seoul,VIP,12.0,177800.0,834300.0,4.1,2026-06-05,N,fashion,2022-07-09,customer1288@example.com,1,30대,High
CUST100771,Female,23.0,Gyeonggi,Basic,10.0,5000.0,23000.0,4.2,2026-04-21,Y,fashion,2024-07-12,customer771@example.com,0,20대 이하,Low
CUST100155,Female,23.0,Seoul,SILVER,7.0,83900.0,84000.0,4.8,2026-04-09,N,beauty,2024-05-22,customer155@example.com,0,20대 이하,Low
CUST100808,Female,21.0,Busan,Silver,11.0,173000.0,638700.0,4.1,2025-11-15,Y,electronics,2023-08-01,customer808@example.com,0,20대 이하,High
CUST100081,Female,64.0,Seoul,Silver,9.0,125700.0,567500.0,3.6,2026-06-15,Y,fashion,2023-04-07,customer81@example.com,1,60대 이상,High
CUST100620,Female,27.0,Daejeon,Silver,4.0,55300.0,51400.0,3.6,2026-03-18,N,beauty,2025-06-03,customer620@example.com,0,20대 이하,Low
CUST100099,Female,56.0,Gyeonggi,Silver,5.0,110300.0,237700.0,4.2,2025-11-09,Y,food,2020-10-10,customer99@example.com,0,50대,Medium
CUST100210,Female,34.0,Gyeonggi,basic,11.0,46900.0,183400.0,3.2,2026-06-09,Y,food,2023-05-11,customer210@example.com,0,30대,Low
CUST100157,Female,35.0,Gyeonggi,Gold,7.0,134300.0,286600.0,4.3,2026-01-29,Y,beauty,2021-04-08,customer157@example.com,1,30대,Medium
CUST101287,Female,36.0,Gyeonggi,Gold,12.0,132600.0,547400.0,4.4,2026-05-06,N,sports,2023-08-31,customer1287@example.com,1,30대,High
CUST101141,Female,30.0,Daejeon,Silver,7.0,161000.0,322300.0,4.6,2026-05-29,N,electronics,2021-10-28,customer1141@example.com,1,30대,Medium
CUST100655,Female,24.0,Daegu,Gold,12.0,132400.0,253600.0,3.6,2026-06-14,N,beauty,2022-01-14,customer655@example.com,1,20대 이하,Medium
CUST100819,Female,28.0,Gyeonggi,Silver,11.0,193700.0,1075975.0,3.5,2026-05-01,Y,electronics,2023-02-17,customer819@example.com,1,20대 이하,High
CUST100280,Female,40.0,Gwangju,VIP,5.0,134800.0,294900.0,4.9,2026-03-14,Y,home,2024-08-09,customer280@example.com,0,40대,Medium
CUST100986,Female,31.0,Daejeon,Basic,7.0,70200.0,76500.0,3.1,2026-06-16,Y,food,2024-05-13,customer986@example.com,1,30대,Low
CUST100720,Female,42.0,Gwangju,Silver,11.0,153300.0,267300.0,3.4,2026-03-15,Y,food,2023-08-01,customer720@example.com,1,40대,Medium
CUST100301,Female,32.0,Daejeon,VIP,8.0,245000.0,496800.0,3.8,2025-12-17,N,electronics,2022-06-18,customer301@example.com,0,30대,Medium
CUST101007,Female,28.0,Seoul,Silver,9.0,156800.0,687900.0,2.3,2026-06-11,Y,fashion,2021-03-03,customer1007@example.com,1,20대 이하,High
CUST101467,Female,34.0,Busan,Gold,10.0,242500.0,445600.0,4.1,2026-03-31,N,electronics,2024-03-29,customer1467@example.com,1,30대,Medium
CUST101230,Female,18.0,Seoul,Silver,13.0,211000.0,1075975.0,3.4,2026-05-29,N,electronics,2021-06-07,customer1230@example.com,1,20대 이하,High
CUST100651,Female,43.0,Seoul,gold,10.0,176500.0,917700.0,2.4,2026-04-28,Y,food,2025-09-24,customer651@example.com,1,40대,High
CUST100553,Female,48.0,Gyeonggi,VIP,7.0,239800.0,1037400.0,2.6,2026-05-11,N,beauty,2023-02-22,customer553@example.com,1,40대,High
CUST101389,Female,21.0,Seoul,Gold,8.0,229200.0,1075975.0,4.0,2026-03-04,Y,electronics,2020-09-15,customer1389@example.com,0,20대 이하,High
CUST100729,Female,39.0,Seoul,Silver,11.0,191600.0,594300.0,4.1,2026-05-02,Y,electronics,2023-08-16,customer729@example.com,1,30대,High
CUST100621,Female,49.0,Incheon,Silver,12.0,72700.0,471200.0,3.2,2026-06-18,N,sports,2022-07-29,customer621@example.com,0,40대,Medium
CUST100178,Female,32.0,Seoul,Silver,9.0,137000.0,496200.0,3.2,2026-02-23,N,electronics,2021-10-08,customer178@example.com,1,30대,Medium
CUST100089,Female,35.0,Seoul,Silver,10.0,147100.0,270600.0,4.2,2026-05-12,N,food,2023-06-18,customer89@example.com,1,30대,Medium
CUST100202,Female,33.0,Seoul,VIP,13.0,183200.0,610700.0,4.7,2026-04-01,N,home,2022-10-10,customer202@example.com,1,30대,High
CUST100371,Female,25.0,Gyeonggi,Gold,8.0,93300.0,93600.0,4.4,2026-03-01,N,home,2024-06-29,customer371@example.com,0,20대 이하,Low
CUST101120,Female,18.0,Gyeonggi,Gold,10.0,138400.0,646000.0,2.9,2026-04-13,N,beauty,2025-01-08,customer1120@example.com,0,20대 이하,High
CUST101179,Female,45.0,Seoul,Basic,11.0,66300.0,371000.0,3.9,2026-04-05,N,food,2021-08-18,customer1179@example.com,1,40대,Medium
CUST100040,Female,53.0,Daejeon,Basic,14.0,88500.0,601300.0,3.5,2025-10-27,N,home,2025-03-06,customer40@example.com,1,50대,High
CUST101227,Female,39.0,Seoul,Basic,10.0,147300.0,271200.0,4.5,2026-05-01,Y,electronics,2024-11-03,customer1227@example.com,0,30대,Medium
CUST101108,Female,30.0,Daejeon,Basic,11.0,177100.0,713100.0,3.0,2026-05-02,N,electronics,2024-08-06,customer1108@example.com,1,30대,High
CUST100423,Female,49.0,Gwangju,Silver,13.0,89500.0,439100.0,3.7,2026-06-03,N,food,2025-09-05,customer423@example.com,1,40대,Medium
CUST100226,Female,21.0,Daejeon,Gold,5.0,131800.0,262100.0,2.7,2026-05-18,N,beauty,2021-12-01,customer226@example.com,1,20대 이하,Medium
CUST100723,Female,52.0,Gwangju,silver,11.0,119100.0,337600.0,3.6,2025-11-02,N,home,2023-05-05,customer723@example.com,0,50대,Medium
CUST101011,Female,36.0,Busan,Basic,6.0,120100.0,116400.0,3.6,2026-04-01,N,beauty,2025-09-27,customer1011@example.com,0,30대,Low
CUST101119,Female,47.0,Busan,Gold,9.0,191600.0,901600.0,3.6,2026-06-04,Y,beauty,2024-01-14,customer1119@example.com,1,40대,High
CUST100116,Female,27.0,Daejeon,Basic,15.0,209400.0,1075975.0,3.0,2026-04-09,N,food,2022-04-24,customer116@example.com,1,20대 이하,High
CUST100129,Female,41.0,Seoul,Basic,12.0,132800.0,435400.0,2.9,2026-05-20,Y,food,2021-10-07,customer129@example.com,0,40대,Medium
CUST101091,Female,26.0,Gwangju,Basic,14.0,132400.0,832400.0,3.4,2026-03-19,Y,beauty,2024-03-04,customer1091@example.com,1,20대 이하,High
CUST101274,Female,48.0,Seoul,Silver,3.0,157300.0,157700.0,5.0,2026-04-17,Y,electronics,2022-12-21,customer1274@example.com,0,40대,Low
CUST100487,Female,57.0,Seoul,Basic,9.0,116200.0,469400.0,3.3,2026-04-10,Y,electronics,2023-12-31,customer487@example.com,1,50대,Medium
CUST100656,Female,47.0,Seoul,Basic,11.0,69600.0,204100.0,2.3,2026-03-16,N,fashion,2024-10-30,customer656@example.com,0,40대,Medium
CUST100922,Female,43.0,Daegu,Silver,6.0,78000.0,147300.0,4.9,2026-01-31,Y,food,2025-05-19,customer922@example.com,0,40대,Low
CUST101263,Female,30.0,Seoul,Silver,11.0,86500.0,280700.0,3.8,2026-06-06,Y,beauty,2021-03-30,customer1263@example.com,1,30대,Medium
CUST100577,Female,20.0,Daejeon,Basic,10.0,145500.0,254200.0,4.0,2026-06-03,N,beauty,2021-10-21,customer577@example.com,1,20대 이하,Medium
CUST101245,Female,34.0,Gwangju,Gold,7.0,196200.0,574000.0,2.2,2026-04-17,N,electronics,2023-08-01,customer1245@example.com,0,30대,High
CUST100777,Female,42.0,Busan,Basic,5.0,11200.0,20300.0,3.5,2026-06-02,Y,fashion,2022-04-11,customer777@example.com,1,40대,Low
CUST100614,Female,53.0,Seoul,Gold,9.0,104800.0,222700.0,4.4,2026-05-19,Y,fashion,2025-02-20,customer614@example.com,1,50대,Medium
CUST100374,Female,30.0,Seoul,Silver,7.0,122900.0,324400.0,3.8,2026-06-11,Y,beauty,2022-05-05,customer374@example.com,0,30대,Medium
CUST100702,Female,51.0,Busan,Silver,6.0,106400.0,202400.0,3.1,2026-05-13,N,fashion,2021-12-13,customer702@example.com,1,50대,Medium
CUST100404,Female,40.0,Seoul,Basic,8.0,71800.0,251500.0,4.7,2026-03-06,Y,sports,2021-01-05,customer404@example.com,0,40대,Medium
CUST100385,Female,28.0,Daejeon,Silver,7.0,29500.0,98000.0,3.8,2026-04-12,N,food,2022-02-11,customer385@example.com,0,20대 이하,Low
CUST100016,Female,32.0,Gyeonggi,Basic,7.0,96600.0,180300.0,3.2,2025-12-08,Y,home,2023-11-11,customer16@example.com,1,30대,Low
CUST100516,Female,49.0,Daegu,Silver,5.0,124300.0,142700.0,4.2,2025-12-29,N,fashion,2020-11-07,customer516@example.com,0,40대,Low
CUST100880,Female,27.0,Daejeon,Basic,9.0,99800.0,258800.0,4.0,2026-05-04,N,electronics,2025-06-06,customer880@example.com,0,20대 이하,Medium
CUST100696,Female,39.0,Seoul,Basic,10.0,118500.0,398100.0,4.3,2026-04-16,Y,beauty,2024-09-08,customer696@example.com,1,30대,Medium
CUST100444,Female,29.0,Busan,Basic,14.0,105100.0,473000.0,3.6,2026-06-08,N,beauty,2024-03-23,customer444@example.com,0,20대 이하,Medium
CUST100460,Female,48.0,Seoul,Basic,6.0,63600.0,124600.0,3.3,2025-11-09,Y,beauty,2020-08-20,customer460@example.com,0,40대,Low
CUST101089,Female,36.0,Incheon,Basic,16.0,140000.0,417300.0,3.0,2026-05-08,N,fashion,2020-07-06,customer1089@example.com,1,30대,Medium
CUST100416,Female,29.0,Incheon,Basic,15.0,65200.0,318600.0,2.7,2026-06-22,N,home,2025-02-05,customer416@example.com,1,20대 이하,Medium
CUST100949,Female,51.0,Gyeonggi,Silver,6.0,34900.0,59700.0,4.4,2026-03-15,N,fashion,2023-05-18,customer949@example.com,0,50대,Low
CUST100258,Female,43.0,Seoul,VIP,13.0,199200.0,1075975.0,3.2,2026-04-30,Y,beauty,2021-09-24,customer258@example.com,1,40대,High
CUST100392,Female,43.0,Gyeonggi,Basic,9.0,138700.0,417000.0,4.0,2026-04-28,N,electronics,2022-01-19,customer392@example.com,0,40대,Medium
CUST100809,Female,42.0,Gyeonggi,Basic,11.0,172700.0,799600.0,4.5,2026-03-14,Y,electronics,2025-05-15,customer809@example.com,1,40대,High
CUST101044,Female,47.0,Daejeon,Gold,6.0,104300.0,92800.0,4.3,2026-05-14,N,food,2023-11-27,customer1044@example.com,1,40대,Low
CUST100737,Female,47.0,Seoul,Basic,14.0,134600.0,486200.0,1.4,2026-02-10,Y,beauty,2022-02-17,customer737@example.com,1,40대,Medium
CUST100506,Female,30.0,Busan,Silver,8.0,113100.0,383600.0,4.0,2026-05-15,Y,electronics,2024-10-31,customer506@example.com,0,30대,Medium
CUST101260,Female,45.0,Seoul,Basic,6.0,98000.0,221300.0,2.4,2026-05-09,N,food,2020-10-04,customer1260@example.com,0,40대,Medium
