CustomerID,Gender,Age,Region,MembershipLevel,VisitCount,AveragePurchaseAmount,TotalPurchaseAmount,SatisfactionScore,LastPurchaseDate,CouponUsed,PreferredCategory,SignupDate,Email,PurchaseStatus
CUST101486,Female,40,,silver,5,75000.0,139800.0,3.7,2026-02-07,N,Beauty,2022-12-03,customer1486@example.com,0
CUST100113,Male,39, GYEONGGI ,Basic,7,74400.0,159200.0,4.8,2026-04-22,N,Home,2021-07-16,customer113@example.com,1
CUST100168,Male,105,Gwangju,Silver,12,185800.0,1055800.0,4.5,2026-06-06,N,Beauty,2022-02-15,customer168@example.com,1
CUST101212,Male,44,Daegu,VIP,7,153900.0,413200.0,4.5,2026-05-07,N,Home,2021-10-27,customer1212@example.com,1
CUST100312,Male,37,Gyeonggi,Basic,14,123700.0,576000.0,4.0,2026-04-16, n ,Home,2025-11-08,customer312@example.com,1
CUST101049,female,45,Gwangju,Silver,10,69300.0,123000.0,3.7,,Y,Fashion,2024-01-05,customer1049@example.com,0
CUST100600,Female,47,Daejeon,VIP,10,272600.0,1164900.0,2.6,2026-01-31,Y,Beauty,2025-01-28,customer600@example.com,1
CUST100050,Male,26,Busan,Silver,3,43900.0,40700.0,4.1,2026-01-21,Y,Home,2021-07-01,customer50@example.com,0
CUST101364,Male,56,Daejeon,Gold,7,210800.0,443500.0,5.0,2026-06-12,Y,Food,2024-05-03,customer1364@example.com,1
CUST100518,Male,42,Seoul,Basic,6,81700.0,70700.0,2.4,2026-03-19,N,Fashion,2023-10-13,customer518@example.com,0
CUST100037,Female,53, GYEONGGI ,Basic,10,153900.0,629800.0,4.4,2026-02-18,N,Electronics,2024-09-05,customer37@example.com,1
CUST101156,Male,23,Gyeonggi,Basic,12,67700.0,451500.0,4.2,2026-03-31,Y,Home,2022-06-12,customer1156@example.com,1
CUST101054,Male,34,Seoul,Gold,10,123400.0,378100.0,2.7,2026-05-04,N,beauty,2021-07-04,customer1054@example.com,1
CUST100375,Male,34,Daejeon,Basic,13,148300.0,609500.0,3.3,2026-04-24,Y,Fashion,2021-08-28,customer375@example.com,0
CUST100673,Male,39,Seoul,Gold,9,130800.0,269800.0,3.6,2026-01-26,N,Sports,2022-06-06,customer673@example.com,1
CUST100626,Male,46,Gyeonggi,Silver,13,135000.0,879100.0,4.4,2026-05-15,N,Food,2020-07-25,customer626@example.com,1
CUST100747,Male,52,Busan,Silver,6,103800.0,209600.0,2.2,2026-05-01,Y,Home,2025-03-03,customer747@example.com,0
CUST100629,Female,47,Seoul,Silver,6,95700.0,107500.0,5.0,2026-01-17,Y,Beauty,2021-04-16,customer629@example.com,0
CUST101271,Female,31,Seoul,Basic,13,51500.0,350700.0,4.0,2026-06-02,N,Fashion,2023-11-26,customer1271@example.com,0
CUST100741,Female,46,Gyeonggi,Basic,8,147500.0,534600.0,4.0,2026-06-15,Y,Beauty,2025-08-12,customer741@example.com,1
CUST100757,Male,37,Seoul,Basic,5,5000.0,10300.0,3.8,2026-06-29,N,Sports,2023-10-28,customer757@example.com,0
CUST100561,Male,44,Daegu,Silver,9,87400.0,194800.0,3.9,2026-05-17,N,Home,2021-06-28,customer561@example.com,0
CUST101393,Male,53,Seoul,Gold,10,,448300.0,3.5,2026-06-15,N,Beauty,2025-02-28,customer1393@example.com,1
CUST100140,Male,29,Busan,Silver,9,174700.0,378900.0,2.5,2026-02-03,Y,Electronics,2024-01-05,customer140@example.com,0
CUST100883,female,43,Gyeonggi,Basic,7,113600.0,360500.0,3.9,2026/01/15,Y,Sports,2022-02-13,customer883@example.com,0
CUST100658,Female,50,Seoul,Basic,4,53600.0,98500.0,3.8,2026-06-12,N,Food,2022-07-26,customer658@example.com,0
CUST100195,Female,18,Seoul,Basic,7,32000.0,114300.0,4.8,2026-06-12,No,Fashion,2025-11-17,customer195@example.com,0
CUST100201,Male,45,Gyeonggi,Gold,13,222500.0,998300.0,2.7,2026/04/02,N,Home,2024-08-08,customer201@example.com,1
CUST100803,Female,25,Seoul,Basic,10,114400.0,434400.0,3.4,2026/05/23,Y,Food,2020-08-18,customer803@example.com,1
CUST100148,Male,57,Incheon,Silver,9,99600.0,207200.0,2.9,2026-05-26,N,Food,2021-04-07,customer148@example.com,0
CUST101071,Female,56,Daejeon,Basic,10,87700.0,320000.0,2.4,2026-05-28,Y,Sports,2025-01-01,customer1071@example.com,0
CUST100419,Female,20,Seoul,Basic,6,102300.0,225100.0,2.2,2026-06-11,N,Fashion,2023-08-19,customer419@example.com,0
CUST100567,Other,54,Seoul,Basic,9,145500.0,469900.0,4.5,2026.05.07,N,Sports,2020-07-31,customer567@example.com,1
CUST100783,Male,22,Gyeonggi,Basic,4,49700.0,42300.0,2.2,2026-03-19,No,Fashion,2024-07-22,customer783@example.com,0
CUST101360,Male,42,Seoul,Gold,7,137900.0,143200.0,3.1,2026-04-29,Y,Food,2023-06-07,customer1360@example.com,0
CUST101252,Male,46,Busan,Basic,9,97500.0,498600.0,5.0,2025-12-07,Y,Beauty,2020-08-21,customer1252@example.com,0
CUST101204,Male,51,Seoul,Silver,7,140300.0,276100.0,2.6,2026-06-04,N,Home,2021-11-10,customer1204@example.com,0
CUST100911,Female,25,Seoul,Gold,12,145900.0,642700.0,3.4,2026-06-21,N,Beauty,2023-11-16,customer911@example.com,1
CUST100343,Female,42,Gyeonggi,Basic,5,23100.0,45100.0,4.1,2026-01-23,N,Fashion,2022-10-24,customer343@example.com,0
CUST100259,Male,26,Seoul,gold,12,112600.0,366200.0,4.1,2025-11-15,N,Food,2024-01-08,customer259@example.com,0
CUST100056,Female,21,Seoul,Basic,10,73400.0,166300.0,4.7,2026-04-13,N,Fashion,2023-01-17,customer56@example.com,0
CUST100405,Female,41,Daejeon,Silver,7,110900.0,197500.0,4.2,2026-04-25,N,Beauty,2025-09-27,customer405@example.com,1
CUST100053,Male,44,Busan,Basic,6,117900.0,209800.0,3.7,2026-05-31,No,Fashion,2020-08-20,customer53@example.com,1
CUST101233,Female,44,Gyeonggi,Gold,8,135800.0,237800.0,4.0,2026-05-25,Y,Fashion,2022-07-03,customer1233@example.com,1
CUST100522,Male,46,Gwangju,Basic,14,145600.0,660300.0,4.4,2026-02-07,Y,Fashion,2025-10-20,customer522@example.com,1
CUST100978,Male,28,Daegu,Basic,14,131700.0,1120600.0,4.1,2026-03-08,N,Fashion,2022-06-24,customer978@example.com,1
CUST100261,Male,25,Incheon,VIP,4,156600.0,314300.0,3.7,2026-05-20,Y,Sports,2025-05-15,customer261@example.com,1
CUST100459,Female,47,Daejeon,Basic,4,5000.0,10700.0,3.8,2026-05-30,N,Home,2022-12-18,customer459@example.com,0
CUST100283,Female,38,Seoul,Silver,8,101300.0,363900.0,3.6,2026-04-18,N,Sports,2024-06-22,customer283@example.com,0
CUST100599,Male,29,Daegu,VIP,10,241900.0,645200.0,3.6,2026-04-21,N,Food,2021-12-31,customer599@example.com,1
CUST100888,Female,54,Busan,Silver,8,195400.0,858800.0,3.4,2026-05-12,N,Electronics,2024-12-14,customer888@example.com,1
CUST101370,Male,38, GYEONGGI ,,13,190800.0,1456300.0,3.3,2026-03-09,N,Electronics,2025-05-15,customer1370@example.com,1
CUST100554,Female,49,Gyeonggi,Silver,12,116900.0,378300.0,3.2,2026-01-02,Y,Electronics,2021-06-10,customer554@example.com,0
CUST100848, FEMALE ,27,Gwangju,VIP,16,280400.0,1593800.0,4.3,2026-04-28,Y,Beauty,2020-10-06,customer848@example.com,1
CUST101052,Male,47,Gwangju,Gold,5,136500.0,408100.0,2.4,2026-05-18,Y,Home,2022-04-02,customer1052@example.com,1
CUST100127,Female,39,Daegu,Basic,6,13700.0,28100.0,2.8,2026-04-30,N,Home,2023-09-26,customer127@example.com,0
CUST100311,Female,46,Busan,Basic,7,108700.0,319900.0,5.0,2026-04-22,N,Food,2020-11-13,customer311@example.com,0
CUST100828,Female,50,Incheon,Basic,15,112500.0,810200.0,4.2,2026-04-23,Y,Fashion,2021-07-29,customer828@example.com,1
CUST100425,Male,22,Gyeonggi, Basic ,10,103200.0,228800.0,4.9,2026-06-20,N,Sports,2025-03-30,customer425@example.com,1
CUST101257,Male,43,Gwangju,Basic,13,154600.0,452600.0,3.2,2026-04-04,No,Fashion,2023-04-09,customer1257@example.com,1
CUST100520,Male,43,Gwangju,Basic,9,96100.0,337200.0,3.2,2026-04-29,Y,Home,2022-08-11,customer520@example.com,1
CUST101042,Male,27,Incheon,Basic,10,95800.0,322600.0,3.9,2025-11-30,N,Food,2025-12-04,customer1042@example.com,1
CUST100115,Male,51,Gyeonggi,Silver,7,116900.0,475900.0,4.8,2026-05-23,Y,Sports,2023-01-26,customer115@example.com,1
CUST100966,Female,40,Busan,Basic,4,86500.0,156000.0,3.1,2026-05-25,N,Food,2022-02-13,customer966@example.com,0
CUST100898,Male,39,Seoul,Silver,6,51300.0,159700.0,2.7,2026-06-22,N,Fashion,2020-07-21,customer898@example.com,0
CUST100865,Other,,Gyeonggi,VIP,9,209200.0,445200.0,3.4,2026-04-08,Y,Sports,2025-03-17,customer865@example.com,1
CUST100158,Male,37,Seoul,VIP,10,213600.0,597100.0,3.9,2026-02-06,N,Food,2024-07-09,customer158@example.com,1
CUST100480,Male,50,Seoul,Basic,6,87600.0,89000.0,4.3,2026-05-03,N, Beauty ,2024-05-02,customer480@example.com,0
CUST100734,Male,39,Gyeonggi,Silver,9,110000.0,245700.0,3.3,2026-03-29,N,Home,2023-09-23,customer734@example.com,0
CUST101379,Male,62,Busan,Basic,7,45100.0,97400.0,4.2,2026-04-19,N,Sports,2025-06-24,customer1379@example.com,0
CUST100206,Male,27,Gyeonggi,Silver,14,132800.0,628300.0,3.6,2026-04-11,Y,Sports,2024-05-18,customer206@example.com,0
CUST101293,Female,43,Busan,Basic,5,172000.0,483700.0,4.1,2026-05-11,Y,Electronics,2024-02-12,customer1293@example.com,1
CUST100042,Female,44,Seoul,Silver,5,131000.0,288900.0,2.7,2026-04-20,N,Fashion,2022-10-15,customer42@example.com,0
CUST100252,Male,46,Gyeonggi,Basic,7,,231400.0,4.2,2026-04-04,Y,Fashion,2024-12-29,customer252@example.com,1
CUST100411,male,24,Gyeonggi,Gold,10,155700.0,276800.0,3.6,2026-04-17,Y,Sports,2022-03-31,customer411@example.com,1
CUST100891,Female,37,Daegu,Basic,4,44300.0,18000000,,2026-02-08,Y,Beauty,2025-04-26,customer891@example.com,0
CUST100884,Male,22,Incheon,Basic,12,87500.0,517800.0,4.7,2026-02-11,Y,Fashion,2024-06-21,customer884@example.com,0
CUST100469,Male,30,Gyeonggi,Silver,17,212700.0,701600.0,3.9,2025-12-21,Y,Electronics,2022-12-23,customer469@example.com,1
CUST101073,Female,40,Seoul,Gold,9,102000.0,464800.0,,2026-03-01,N,Home,2020-11-07,customer1073@example.com,1
CUST100463,Female,41,Gwangju,gold,9,44900.0,149500.0,2.4,2026-04-20,N,Fashion,06-03-2023,customer463@example.com,0
CUST100299,Female,36,Incheon,Basic,12,95400.0,517600.0,3.2,2026-03-24,N,Food,2022-05-22,customer299@example.com,1
CUST101254,Female,28,Gyeonggi,Basic,9,"131,600",404200.0,5.0,2026-06-05,Yes,Food,2021-09-27,customer1254@example.com,1
CUST100146,Female,33,Gyeonggi,Basic,8,"45,600",47900.0,2.3,2026-05-29,Y,Food,2024-04-30,customer146@example.com,0
CUST100701,Male,34,Busan,Basic,7,124400.0,408900.0,4.3,2026-05-31,Y,beauty,2020-08-10,customer701@example.com,1
CUST100999,Female,,Gyeonggi,Basic,6,79900.0,257900.0,3.5,,N,Food,2021-05-31,customer999@example.com,0
CUST100590,Female,46,Daegu,Silver,10,122600.0,675000.0,3.1,2026-01-30,Y,Food,2021-06-09,customer590@example.com,0
CUST101337,Male,23,,Basic,8,46900.0,92600.0,3.7,2026-05-16,N,Fashion,2025-06-15,customer1337@example.com,0
CUST101301,Female,22,Gyeonggi,Gold,8,180100.0,335600.0,3.4,2026-04-29,N,Electronics,2021-10-13,customer1301@example.com,1
CUST100103,Male,37,Daejeon,Basic,5,69900.0,178900.0,4.2,2026-03-22,N,Food,2025-05-26,customer103@example.com,1
CUST100527,Female,41,Seoul,Basic,7,50000.0,98800.0,3.3,2026-04-17,N,Home,2022-11-21,customer527@example.com,0
CUST100791,Female,34,Busan,Silver,12,207400.0,1334100.0,3.3,2026-02-09,Y,Sports,2021-07-04,customer791@example.com,1
CUST100419,Female,20,Seoul,Basic,6,102300.0,225100.0,2.2,2026-06-11,N,Fashion,2023-08-19,customer419@example.com,0
CUST101372,Female,25,Seoul,Silver,8,59900.0,221100.0,4.6,2026-03-28,N,Food,2025-12-16,customer1372@example.com,1
CUST101218,Female,63,Seoul,Gold,8,127200.0,439700.0,4.0,2026-03-06,N,Beauty,2024-07-22,customer1218@example.com,1
CUST100214,Female,38,Seoul,VIP,11,235200.0,811300.0,3.3,2026-06-07,N,Electronics,2023-11-02,customer214@example.com,1
CUST100870,Female,37,,Basic,9,50100.0,163900.0,4.5,2026-03-15,Y,Beauty,2024-02-06,customer870@example.com,0
CUST100349,Female,35,Seoul,Gold,9,165400.0,814500.0,,2026-05-29,Y,Home,2025-01-31,customer349@example.com,1
CUST101196,Male,39,Gyeonggi,Gold,12,91500.0,176900.0,3.8,2026-02-01,Y,Food,2020-10-16,customer1196@example.com,1
CUST100961,Female,39,Seoul,VIP,9,292600.0,669500.0,3.2,,N,Electronics,2022-01-17,customer961@example.com,0
CUST101258,Female,31,Gyeonggi,Basic,3,5000.0,5600.0,,2026-05-31,Y,Home,2024-12-24,customer1258@example.com,0
CUST100991,Male,39,Seoul,Silver,11,169800.0,389500.0,3.9,2026-01-15,N,Fashion,2023-06-01,customer991@example.com,0
CUST100598,Male,50,Gwangju,Silver,10,126100.0,262700.0,2.2,2026-05-12,N,Beauty,2020-09-14,customer598@example.com,0
CUST100455,Male,34,Seoul,Silver,170,116300.0,121000.0,3.0,2026/03/14,Y,Fashion,2025-10-25,customer455@example.com,0
CUST100307,Male,39,seoul,Gold,7,145300.0,394300.0,2.5,2026-03-07,N,Fashion,2023-08-01,customer307@example.com,0
CUST100914,Male,34,Daejeon,Basic,9,56000.0,52300.0,3.7,2026-03-13,N,Food,2025-11-15,customer914@example.com,0
CUST100014,Male,50,Daegu,Silver,12,162300.0,21000000,4.1,2026-03-06,Y,Electronics,2025-12-21,customer14@example.com,1
CUST100046,Male,26,Gwangju,Silver,10,150400.0,460200.0,4.7,2026-05-07,Y,Fashion,2022-07-14,customer46@example.com,1
CUST101057,Male,31,Gyeonggi,Basic,7,103500.0,286300.0,3.3,2026-05-17,N,Food,2025-12-24,customer1057@example.com,0
CUST100592,Female,38,Seoul,Silver,11,133800.0,833100.0,4.6,2026-05-28,N,Beauty,2022-02-26,customer592@example.com,1
CUST100625,Female,33,Gyeonggi,Silver,10,106500.0,465300.0,4.5,2026-03-07,Y,Home,2025-06-28,customer625@example.com,1
CUST101043,F,31,Seoul,VIP,6,255100.0,777400.0,3.2,2026-05-24,Y,Food,2021-11-13,customer1043@example.com,1
CUST101190,Male,45,Gyeonggi,Basic,4,64700.0,118600.0,4.3,2026-05-23,Y,Home,2024-08-11,customer1190@example.com,0
CUST100595,Male,42,Gyeonggi,Basic,10,143400.0,728100.0,3.0,2026-04-28,N,Food,2021-08-17,customer595@example.com,0
CUST100391,Male,41,Seoul,Silver,8,146900.0,406900.0,3.2,2026-05-18,Y,Food,2023-11-27,customer391@example.com,1
CUST100501,Female,47,Daegu,SILVER,11,92600.0,417900.0,4.4,2026-04-28,N,Food,2021-05-15,customer501@example.com,1
CUST100218, FEMALE ,32,Seoul,Basic,16,154200.0,475100.0,2.7,2026-05-23,N,Home,2025-06-09,customer218@example.com,1
CUST100576,Male,42,Daejeon,Gold,5,202000.0,390900.0,4.4,2026-04-09,Y,Beauty,2023-04-07,customer576@example.com,1
CUST100117,Male,28,Seoul,Basic,8,48500.0,160000.0,,2026-03-30, n ,Electronics,2024-12-09,customer117@example.com,1
CUST100766,Male,49,Gyeonggi,Gold,7,205300.0,217500.0,4.5,2026-03-08,Y,Home,2021-03-07,customer766@example.com,1
CUST100647,Female,53,Incheon,Gold,9,162200.0,485300.0,4.3,2026-04-04,N,Food,2025-04-21,customer647@example.com,1
CUST101132,Male,18,Seoul,Gold,7,129100.0,120300.0,3.5,2026-06-20,N,Fashion,2023-08-14,customer1132@example.com,0
CUST100001,Male,60,Gyeonggi,Basic,9,106900.0,475000.0,4.2,2026-05-31,N,Home,2024-09-25,customer1@example.com,1
CUST100061,Female,48,Daegu,VIP,15,174800.0,747800.0,3.2,2026-06-25,N,Beauty,2021-09-29,customer61@example.com,1
CUST101460,Male,53,Gyeonggi,Silver,10,133400.0,364900.0,3.1,2026-02-19,N,Home,2021-04-26,customer1460@example.com,0
CUST100325,Female,51,Gwangju,Gold,11,198400.0,1091900.0,3.3,2026-01-26,N,Food,2025-11-13,customer325@example.com,1
CUST100019,Male,33,Gyeonggi,Basic,9,72100.0,313900.0,3.7,2026-02-12,N,Beauty,2022-03-02,customer19@example.com,0
CUST101200,Female,18,Busan,Basic,9,61300.0,196000.0,3.0,2025-12-15,N,Fashion,2025-05-23,customer1200@example.com,0
CUST101056,Female,44,Busan,Silver,10,96600.0,450400.0,1.8,2025-12-24,N,Home,2021-02-11,customer1056@example.com,0
CUST100890,Male,38,Busan,Basic,8,71000.0,186500.0,3.6,2026-05-21,Y,Beauty,2023-06-12,customer890@example.com,0
CUST100077,Female,57,Gwangju,Silver,17,,711200.0,2.7,2026-05-05,Y,Electronics,2024-12-09,customer77@example.com,1
CUST100495,Female,50,Gyeonggi,Basic, 11 ,108600.0,298300.0,3.7,2026-02-20,N,Sports,2023-03-11,customer495@example.com,1
CUST100780,,52,seoul,Basic,14,21500.0,142600.0,2.1,2026-05-06,N,Food,2022-12-18,customer780@example.com,0
CUST100924,Female,38,Incheon,Basic,12,126400.0,646800.0,4.4,2026-01-05,Y,Fashion,2021-03-18,customer924@example.com,1
CUST100358,Female,41,Gyeonggi,Basic,8,66300.0,120700.0,4.5,2026-04-04,Y,Fashion,2023-09-22,customer358@example.com,0
CUST100797,Female,43,Incheon,Silver,9,117500.0,322000.0,,2026-06-05,N,Beauty,2024-09-15,customer797@example.com,0
CUST100029,Female,42,Daegu,Basic,4,65900.0,12000000,3.7,2026-01-12,Y,Electronics,2023-02-17,customer29@example.com,0
CUST101035,Female,40,Seoul,Silver,11,137700.0,581100.0,3.8,2026-06-21,Y,Fashion,2022-08-10,customer1035@example.com,1
CUST100012,Female,32,Seoul,Basic,8,91500.0,236200.0,4.8,2026-05-03,Y,Fashion,2025-12-18,customer12@example.com,1
CUST100742,Female,42,Gyeonggi,Silver,12,,428500.0,2.1,2026-05-30,N,Home,2023-02-08,customer742@example.com,1
CUST100387,Female,32,Seoul,Basic, 6 ,49700.0,54300.0,2.2,2026-01-17,N,Sports,2024-01-15,customer387@example.com,0
CUST100243,Male,23,Gyeonggi,Basic,12,54400.0,117200.0,5.0,2026-05-23,N,Food,2024-12-22,customer243@example.com,0
CUST100235,Male,18,Gyeonggi,Basic,5,28900.0,31300.0,4.8,2026-04-08,N,Fashion,2022-06-24,customer235@example.com,0
CUST100453, FEMALE ,,Gyeonggi,Gold,12,171200.0,339400.0,3.2,2026-06-24,N,Fashion,2024-08-10,customer453@example.com,1
CUST100102,Female,56,Daejeon,Silver,11,86600.0,198800.0,4.9,2026-06-04,N,Fashion,2021-08-09,customer102@example.com,1
CUST100422,Other,46,Gyeonggi,gold,13,133700.0,374300.0,3.6,2026-04-05, n ,Beauty,2021-04-19,customer422@example.com,1
CUST100530,Male,38,Gyeonggi,Gold,11,118300.0,439300.0,3.7,2026-03-24,Y,Sports,2022-04-15,customer530@example.com,1
CUST101145,Male,36,Daegu,Basic,9,27100.0,75000.0,3.3,2026-04-19,N,Home,2020-09-18,customer1145@example.com,1
CUST100031,Female,52,Seoul,Basic,16,"176,400",1248100.0,3.3,2026-03-29,N,Fashion,2024-05-20,customer31@example.com,1
CUST101061,Female,32,Daejeon,Basic,12,113000.0,595700.0,4.5,2026-04-24,Y,Sports,2025-02-12,customer1061@example.com,1
CUST100948,Male,29,Daejeon,Silver,6,10500.0,23400.0,2.5,2026-03-16,N,fashion,2025-02-01,customer948@example.com,0
CUST101195,Male,48,Gwangju,Gold,8,112500.0,486700.0,3.3,2026-04-05,N,Food,2025-06-30,customer1195@example.com,1
CUST100802,Female,56,Seoul,Gold,11,144000.0,654000.0,2.3,2026-06-01,Y, Beauty ,2021-10-06,customer802@example.com,0
CUST100310,Female,61,Incheon,Basic,9,45500.0,92200.0,3.3,2026-06-02,Y,Sports,2025-03-28,customer310@example.com,0
CUST100631,Male,,Seoul,Silver,6,66100.0,70600.0,3.8,2026-06-16,N,FASHION,2023-09-14,customer631@example.com,0
CUST100543,Female,35,Gyeonggi,Basic,6,101700.0,190400.0,3.2,2026-02-27,Y,Electronics,2024-05-27,customer543@example.com,0
CUST100846,Female,36,Daejeon,,9,150800.0,438100.0,2.7,2026-05-29,N,Beauty,2021-05-12,customer846@example.com,1
CUST100080,Male,23,Seoul,Silver,9,154000.0,294700.0,2.4,2026-06-01,Yes,Food,2022-11-16,customer80@example.com,0
CUST100877,Male,31,Daegu,Basic,9,,359600.0,3.1,2026-03-11,N,Fashion,2024-12-07,customer877@example.com,0
CUST100762,Male,50,Seoul,Silver,6,114700.0,229400.0,4.1,2026-06-06,N,Food,2022-12-14,customer762@example.com,0
CUST100149,Female,38,Gwangju,Gold,5,240000.0,440500.0,3.4,2026-01-08,Y,Electronics,2024-09-15,customer149@example.com,1
CUST100718,Female,42, Seoul ,Silver,11,83400.0,481600.0,3.8,2026-02-19,Y,Home,2022-07-15,customer718@example.com,1
CUST100584,Male,34,Seoul,Basic,16,91800.0,283000.0,3.6,2025-08-29,N,Food,2024-09-13,customer584@example.com,1
CUST100689,Male,50,Gyeonggi,Silver,7,61200.0,136300.0,3.6,2026-06-04,N,Food,2024-08-17,customer689@example.com,0
CUST100951,Female,40,Busan,Basic,11,89600.0,571000.0,2.3,2026-03-02,Y,Food,2023-12-19,customer951@example.com,1
CUST100707,Female,29,Seoul,Basic,6,95300.0,184900.0,4.5,2026-05-28,Yes,Beauty,2021-08-24,customer707@example.com,0
CUST100032,Male,54,Daegu,Silver,9,125800.0,585100.0,3.4,2026-05-19, n ,Fashion,2025-10-05,customer32@example.com,1
CUST100674,Male,51,Daegu,Basic,13,73700.0,157500.0,3.8,2026-03-12,N,Sports,2024-10-25,customer674@example.com,1
CUST100068,Female,47,Daejeon,VIP,9,258300.0,717100.0,3.1,2026-05-13,N,Home,2025-12-11,customer68@example.com,1
CUST100216,Male,39,Incheon,Gold,9,188000.0,742200.0,4.0,2026-06-01,N,Home,2023-05-16,customer216@example.com,1
CUST101454,Female,33,,Basic,9,125600.0,549200.0,3.4,2026-04-20,Yes,Beauty,2020-08-13,customer1454@example.com,0
CUST100557,Male,31,Gwangju,Gold,3,137100.0,289900.0,5.0,2026-05-18,N,Home,2024-08-20,customer557@example.com,1
CUST100650,Female,22,Daejeon,Basic,8,72200.0,131200.0,4.0,2026-04-21,N,Fashion,2022-12-28,customer650@example.com,0
CUST100118,Female,58,Seoul,VIP,8,135300.0,134900.0,3.0,2026-01-19,Y,Fashion,2023-12-09,customer118@example.com,1
CUST100417,Female,35,Daegu,Basic,14,119800.0,679800.0,4.6,2026-03-26,Y,Electronics,2021-09-18,customer417@example.com,1
CUST100832,Female,53,Gyeonggi,Gold,11,74400.0,265800.0,5.0,2026-05-11,N,Sports,2021-07-27,customer832@example.com,1
CUST101157,Female,36,Seoul,Basic,9,58900.0,55000.0,1.1,2026-05-09,Y,Food,2025-11-26,customer1157@example.com,0
CUST100639,Male,38,Gyeonggi,Basic,17,131200.0,661800.0,2.5,2026-05-12,Y,Home,2024-03-01,customer639@example.com,1
CUST100333,Female,29,Gyeonggi, Basic ,9,43700.0,93100.0,4.8,2026-05-18,N,Food,2023-01-22,customer333@example.com,1
CUST100957,Male,34,Incheon,Basic,9,145900.0,271200.0,3.4,2025-12-24,Y,Beauty,2021-01-26,customer957@example.com,0
CUST101319,Female,44,Daejeon,Basic,11,95700.0,309200.0,4.3,2026-06-06,No,Fashion,2020-10-26,customer1319@example.com,1
CUST100180,Female,34,Gyeonggi,Silver,11,162500.0,852300.0,2.9,2026-04-12,Y,Beauty,2021-09-26,customer180@example.com,0
CUST101407,Female,29세,Incheon,Gold,8,173400.0,487300.0,3.5,2026-02-02,Y,Home,2022-11-01,customer1407@example.com,1
CUST100098,Male,38,Gyeonggi,Basic,9,36000.0,103000.0,2.9,2026-06-04,N,Food,2025-10-12,customer98@example.com,0
CUST100015,Male,33세,Gwangju,Basic,17,178400.0,1521800.0,3.7,2026-05-22,Y,Electronics,2022-02-19,customer15@example.com,1
CUST100256,Female,26,,VIP,13,147600.0,942000.0,3.4,2026-02-02,N,Food,2022-01-06,customer256@example.com,1
CUST100227,Male,47,Seoul,Basic,9,56400.0,196400.0,3.7,2026-06-22,Y,Home,2021-08-05,customer227@example.com,0
CUST100072,Male,56, GYEONGGI ,Basic,7,83600.0,237400.0,3.9,2026-04-10, n ,Home,2025-08-18,customer72@example.com,0
CUST100027,Female,27,Gwangju,Silver,8,147300.0,491600.0,3.4,2026-06-16,N,Electronics,2024-06-21,customer27@example.com,0
CUST100565,Male,26,Seoul,Gold,21,242400.0,2058000.0,3.5,2026-04-11,Y,Fashion,2024-03-14,customer565@example.com,1
CUST100017,Male,25,Seoul,VIP,11,180600.0,598800.0,4.1,2026-01-05,N,Fashion,2021-02-27,customer17@example.com,1
CUST100323,Male,26,Daegu,Silver,4,138900.0,139600.0,3.1,2026-06-23,Y,Home,2022-03-30,customer323@example.com,0
CUST100412,Male,53,Seoul,Basic,10,130000.0,595400.0,4.1,2026-04-27,Y,Electronics,2025-01-01,customer412@example.com,1
CUST101074,Female,43,Seoul,Gold,12,184500.0,549000.0,2.8,2026-06-21,Y,Beauty,2020-07-20,customer1074@example.com,1
CUST100768,Male,46,Daegu,Basic,7,145500.0,128600.0,3.3,2026-05-03,Y, Electronics ,2025-02-01,customer768@example.com,1
CUST100193,Female,18,Daejeon,silver,7,106100.0,107800.0,4.0,2026-04-04,N,Electronics,2024-01-10,customer193@example.com,0
CUST100245,Male,39,Incheon,Basic,6,47700.0,43500.0,3.9,2026-05-08,Y,Fashion,2022-12-30,customer245@example.com,1
CUST100321,Female,45,Seoul,Basic,7,97400.0,97700.0,3.3,2026-06-12,Y,Home,2024-07-06,customer321@example.com,0
CUST100985,Female,45,,Gold,7,134400.0,460100.0,3.9,2026-04-30,N,Fashion,2022-03-05,customer985@example.com,0
CUST101256,Male,32,Busan,Gold,12,201500.0,1152300.0,3.9,2026-05-16,N,Fashion,2024-12-20,customer1256@example.com,1
CUST101006,Male,47,Seoul,VIP,4,235100.0,520300.0,1.6,2026-05-15,N,Electronics,2023-03-31,customer1006@example.com,0
CUST101116,Female,35,Gyeonggi,Basic,12,89600.0,372200.0,3.9,2026-04-27,N,Food,2024-01-28,customer1116@example.com,1
CUST101059,F,52세,Gyeonggi,,7,121700.0,265700.0,4.1,2026-03-10,Y,Sports,2021-05-04,customer1059@example.com,0
CUST101491,Male,18,Seoul,Basic,9,108000.0,275900.0,2.0,2026-04-07,Y,Electronics,2021-10-04,customer1491@example.com,0
CUST100197,Male,34,Daejeon,Basic,8,5000.0,10300.0,,2026-05-15,N,Sports,2022-08-11,customer197@example.com,0
CUST100546,Male,36,Daegu,Basic,13,124400.0,216600.0,3.4,2026-02-24,N,Food,2020-07-25,customer546@example.com,0
CUST101259,Female,33,Gyeonggi,Silver,10,154000.0,343100.0,5.0,2026-05-13,N,Fashion,2021-02-26,customer1259@example.com,0
CUST100801, MALE ,36,Incheon,Silver,11,124900.0,275100.0,3.0,2026-05-28,Y,Sports,2023-03-23,customer801@example.com,0
CUST100156,Female,50,Seoul,Basic,9,204800.0,457300.0,4.3,2026-05-08,Y,Electronics,2025-05-21,customer156@example.com,1
CUST100821,Other,25,Seoul,Basic,3,125400.0,108500.0,5.0,2026-04-14,N,Electronics,2023-09-04,customer821@example.com,0
CUST100772,Female,31,Incheon,Silver,7,127000.0,366300.0,3.5,2026-05-27,N,Beauty,2025-05-12,customer772@example.com,1
CUST101021,M,53,Gyeonggi,Gold,11,129500.0,30000000,4.7,2026-06-08,N,Fashion,2025-05-31,customer1021@example.com,1
CUST100594,Male,30,Gyeonggi,Basic,6,81300.0,280100.0,3.4,2026-05-04,Y,Fashion,2021-11-21,customer594@example.com,1
CUST100638,Female,36,Seoul,Silver,6,75800.0,143100.0,4.0,2026-04-23,N,Food,2022-04-23,customer638@example.com,0
CUST101153,Female,40,Incheon,Basic,10,139800.0,782300.0,3.4,2026-02-18,N,Fashion,2022-07-05,customer1153@example.com,1
CUST100228,Female,36,Seoul,Basic,4,78900.0,160600.0,4.1,2026-05-14,Y,Food,2023-02-04,customer228@example.com,0
CUST100725,Female,43,Seoul,silver,9,141700.0,476800.0,3.5,2026-06-08,N,Beauty,2023-10-14,customer725@example.com,0
CUST101250,Female,41,Gwangju,Silver,9,167200.0,366800.0,3.1,2026-04-27,Y,Electronics,2021-01-04,customer1250@example.com,0
CUST101292,Female,50,Seoul,Silver,11,115900.0,373200.0,3.7,2026-04-06, y ,Home,2023-06-17,customer1292@example.com,0
CUST101010,Male,56,Incheon,Basic,5,14400.0,28800.0,3.0,2026-01-27,N,Fashion,2023-08-23,customer1010@example.com,0
CUST100472,Male,21,Seoul,Basic,9,64100.0,164900.0,3.6,2026-02-13,Y,Fashion,2024-10-11,customer472@example.com,0
CUST100276,Male,47,Busan,Silver,6,169800.0,175500.0,3.5,2026-06-17,Y,Electronics,2021-02-12,customer276@example.com,1
CUST101266,Female,30,Gwangju,Silver,13,106100.0,330400.0,,2026-06-10,N,Food,2021-05-12,customer1266@example.com,0
CUST100231,Female,57,Incheon,Basic,13,85200.0,442700.0,4.0,2026-05-04,Y,Sports,2021-06-07,customer231@example.com,1
CUST101095,Female,26,Seoul,Silver,5,92100.0,101500.0,4.9,2026-05-20,N,Food,2022-07-07,customer1095@example.com,0
CUST101497,Male,36,Incheon,Gold,10,136300.0,652200.0,3.7,2026-03-18,Y,Home,2025-01-11,customer1497@example.com,0
CUST100664,,57,Seoul,Basic,14,66800.0,281200.0,3.0,2026-05-09,Y,Home,2021-10-10,customer664@example.com,0
CUST100789,Male,51,Gyeonggi,Basic,8,74300.0,234700.0,4.1,2026-03-12,N,Beauty,2020-07-13,customer789@example.com,0
CUST101247,Male,25,Daejeon,Basic,8,99600.0,93700.0,4.1,2026-05-08,Y,Electronics,2024-04-04,customer1247@example.com,1
CUST100556,Female,38,Seoul,Basic,9,71700.0,156900.0,4.0,2026-04-11,No,Fashion,2020-12-22,customer556@example.com,0
CUST100286,Male,18,Seoul,Silver,16,102300.0,831200.0,3.0,2026-04-05,N,Fashion,2025-01-26,customer286@example.com,0
CUST100977,Other,33,Busan,Basic,8,46000.0,163900.0,5.0,2026-03-29,Y,Beauty,2025-04-05,customer977@example.com,1
CUST100641,Female,38,Daejeon,Silver,12,149900.0,302600.0,3.4,2026-05-23,N,Fashion,2024-07-16,customer641@example.com,0
CUST100082,Female,36,Daejeon, Gold ,7,143100.0,399500.0,3.4,2026-05-11,Y,Fashion,2020-09-23,customer82@example.com,0
CUST101437,Male,53,Daejeon,basic,9,94900.0,384200.0,4.1,2026-05-25,N,Fashion,2022-12-23,customer1437@example.com,0
CUST100569,Female,42,Gyeonggi,Basic,6,59100.0,118800.0,4.5,2026-04-12,N,Food,05-05-2022,customer569@example.com,0
CUST100285,Male,52,Daejeon,Gold,6,99800.0,175200.0,2.0,2026-06-06,N,Home,2023-05-04,customer285@example.com,0
CUST101144,Other,26,Seoul,VIP,8,143000.0,612500.0,4.1,2026-03-12,Y,Sports,2021-03-18,customer1144@example.com,1
CUST101453,Female,23,Daegu,VIP,8,174500.0,350100.0,4.0,2026-03-30,N,Sports,2025-02-11,customer1453@example.com,1
CUST101067,Female,18,Seoul,Basic,7,95800.0,216200.0,1.8,2026-02-10,Y,Electronics,2022-06-10,customer1067@example.com,0
CUST100593,Female,33,Gyeonggi,Basic,14,214200.0,761200.0,3.7,2026-05-09,N,Beauty,2025-07-20,customer593@example.com,1
CUST100597,Female,26,Gyeonggi,Gold,10,192400.0,710900.0,4.5,2025-11-25,N,Sports,2020-09-14,customer597@example.com,1
CUST101289,Female,39,Daegu,Silver,14,69500.0,259800.0,1.6,2026-05-25,Y,Home,2023-05-20,customer1289@example.com,1
CUST100044,Female,40,Busan,VIP,14,196100.0,1120200.0,4.4,2026-05-18,Y,Fashion,2021-02-02,customer44@example.com,1
CUST100272,Male,33,Gyeonggi,Gold,7,111100.0,205600.0,3.7,2026.04.05,N,Fashion,2025-07-24,customer272@example.com,1
CUST101450,Male,41,Busan,basic,6,35100.0,40100.0,3.1,2026-05-29,Y,Sports,2024-02-27,customer1450@example.com,1
CUST101125,Female,47,Gyeonggi,Basic,6,54100.0,49300.0,3.7,2026-02-28,N,,2020-08-20,customer1125@example.com,0
CUST101088,Male,27,Incheon,Basic,13,71400.0,292000.0,2.9,2026-04-05,Y,Sports,2021-08-14,customer1088@example.com,0
CUST100510,female,57,Gyeonggi, Gold ,14,,824700.0,4.1,2025-11-17,N,Fashion,2022-06-01,customer510@example.com,1
CUST100447,Male,49,Gwangju,Basic,8,80300.0,245200.0,4.4,2026-06-24,N,Home,2024-04-01,customer447@example.com,1
CUST100876,,24,Daejeon,Basic,11,90300.0,507900.0,4.7,2026-04-11,No,Home,2021-02-12,customer876@example.com,1
CUST100853,Male,37,Daejeon,Silver,9,186100.0,592300.0,3.7,2026-02-08,Y,electronics,2025-02-13,customer853@example.com,1
CUST101476,Male,55,Daejeon,Silver,6,36700.0,113500.0,5.0,2026-06-03,Y,Fashion,2021-08-24,customer1476@example.com,1
CUST101000,Female,51,Incheon,Silver,8,"147,300",133400.0,3.8,2026-06-09,N,Beauty,2025-12-18,customer1000@example.com,0
CUST100537,Male,37,Seoul,Basic,12,41900.0,274800.0,4.5,2026-04-04,Y,Beauty,2025-06-30,customer537@example.com,1
CUST100849,Male,43,Gyeonggi,Basic,8,59900.0,51600.0,4.3,2026-06-24,Y,Fashion,2025-01-10,customer849@example.com,0
CUST101106,Male,21,gyeonggi,Basic,6,43300.0,111000.0,3.0,2026-05-01,Y,Fashion,2022-09-21,customer1106@example.com,0
CUST100021,Other,25,Daejeon,Basic,11,83400.0,213200.0,4.3,2026-01-04,N,Beauty,2021-09-30,customer21@example.com,0
CUST100573,Female,49,Seoul,Basic,8,70600.0,226600.0,3.8,2026-05-08,N,Beauty,2024-07-14,customer573@example.com,0
CUST100482,Male,24,Gyeonggi,VIP,7,139800.0,272200.0,4.3,2026-02-06,Y,Food,2025-11-15,customer482@example.com,0
CUST100084,Female,38,Gyeonggi,Basic,7,116200.0,228700.0,2.5,2026-04-09,N,Beauty,2023-08-08,customer84@example.com,0
CUST101386,Female,52,Gyeonggi,Silver,8,143600.0,447100.0,4.7,2026-04-17, y ,Electronics,2024-07-17,customer1386@example.com,1
CUST100715,Male,56,Seoul,Silver,10,99600.0,352300.0,3.6,2026-02-27,N,Beauty,2025-08-26,customer715@example.com,0
CUST101298,Male,47,Seoul,Basic,6,51600.0,152300.0,2.8,2026-01-05,N,Fashion,2023-04-16,customer1298@example.com,0
CUST100179,Female,39,Gwangju,Silver,9,44400.0,180900.0,3.9,2026-05-17,N,Food,2025-10-27,customer179@example.com,0
CUST100353,Female,55,Gyeonggi,VIP,15,,489000.0,3.3,2026-04-19,Y,Sports,2024-07-15,customer353@example.com,1
CUST100186,Female,40, Seoul ,Silver,12,127000.0,476300.0,4.5,2026-06-21,Y,Home,2024-11-18,customer186@example.com,0
CUST100493,Female,37,Seoul,Gold,11,194600.0,779500.0,4.4,2025-12-27,N,Beauty,2021-11-03,customer493@example.com,1
CUST100347,Female,31,Seoul,VIP,10,277700.0,1417700.0,2.6,2026-03-17,N,electronics,2024-10-25,customer347@example.com,1
CUST100497,Female,35,Gyeonggi,Basic,8,16400.0,49600.0,3.6,2026-03-28,Y,Beauty,2024-10-31,customer497@example.com,1
CUST101064,Male,46,Seoul, Gold ,9,143400.0,759800.0,3.4,2026-02-15,N,Fashion,2023-02-07,customer1064@example.com,1
CUST100566,Male,33,Incheon,Silver,5,118300.0,380900.0,3.4,2026-06-04,N,Sports,2025-04-26,customer566@example.com,1
CUST100769,Male,33,Seoul,Basic,10,121500.0,254600.0,4.1,,N,Fashion,2023-08-26,customer769@example.com,1
CUST101094,Female,36,Gyeonggi,Basic,13,97200.0,321000.0,4.3,2026-03-04,N,Food,2022-10-30,customer1094@example.com,1
CUST101466,Female,57,Seoul,Basic,10,70400.0,139700.0,,2026-04-21,Y,Fashion,2024-02-01,customer1466@example.com,0
CUST101207,Male,59,Daegu,Silver,8,245800.0,743300.0,3.6,2026-05-17,Y,Electronics,2024-11-09,customer1207@example.com,1
CUST100972,Male,none,Seoul,,12,133600.0,468900.0,3.0,,N,Food,2022-06-11,customer972@example.com,1
CUST101427,Male,42,Incheon,Silver,3,93700.0,86300.0,2.2,2026-06-01,N,Fashion,2023-09-22,customer1427@example.com,0
CUST100691,Male,39,Daejeon,Basic,8,46300.0,142200.0,4.4,,Y,Sports,2025-07-01,customer691@example.com,0
CUST100264,male,32,Seoul,Gold,4,72000.0,122900.0,4.2,2026-04-30,Y,Food,2024-06-26,customer264@example.com,0
CUST100104,Female,41,Daejeon,Basic,14,156900.0,715600.0,3.6,2026-06-06,Y,Electronics,2020-08-30,customer104@example.com,1
CUST101079,Male,42,Gyeonggi,Silver,8,94000.0,422200.0,3.6,2026-03-26,N,Food,2025-06-13,customer1079@example.com,0
CUST101188,Male,43,Daegu,Silver,19,169900.0,535700.0,4.7,2026-05-16,No,Beauty,2023-05-19,customer1188@example.com,1
CUST100270,female,,Gyeonggi,Basic,8,80800.0,87600.0,4.9,2026-03-10,N,Sports,2024-08-16,customer270@example.com,0
CUST101178,Female,56,Daejeon,Silver,11,125800.0,350400.0,3.9,2026-04-25,N,Sports,2024-04-04,customer1178@example.com,1
CUST101060,Female,40, GYEONGGI ,Silver,7,98100.0,309000.0,5.0,2026-05-15,Y,Sports,2024-07-01,customer1060@example.com,1
CUST100494,Female,41,Gwangju,silver,6,148300.0,325400.0,2.7,2026-06-21,Y,Electronics,2022-08-01,customer494@example.com,0
CUST100612,Female,49,Gyeonggi,Gold,7,100100.0,101100.0,3.1,2025-12-29,N,Home,2024-08-02,customer612@example.com,0
CUST100945,Female,25,Daejeon,VIP,9,193200.0,731100.0,5.0,,N,Home,2023-06-26,customer945@example.com,1
CUST100633,Female,21,Seoul,Silver,11,185000.0,585100.0,5.0,2026-05-11,Y,Electronics,2020-11-26,customer633@example.com,1
CUST100355,Female,39,Incheon,Silver,12,170700.0,358700.0,3.3,2026-03-25,N,Sports,2024-02-07,customer355@example.com,0
CUST101323,Female,18,Gyeonggi,Basic,5,70100.0,126700.0,1.6,2026-04-28,Y,Fashion,2022-11-27,customer1323@example.com,0
CUST100528,Male,57,Seoul,Silver,9,149500.0,384900.0,4.1,2026-05-31,N,Beauty,2021-05-24,customer528@example.com,0
CUST101015,Male,34,Daegu,VIP,6,178000.0,184200.0,3.4,2026-05-09,Y,Sports,2023-10-08,customer1015@example.com,0
CUST101161,Male,32,Busan,VIP,9,146300.0,331900.0,3.5,2026-02-18,N,Food,2020-12-17,customer1161@example.com,0
CUST101358,Female,57,Gyeonggi,Basic,14,141600.0,663800.0,4.7,2026-04-17,Y,Fashion,2025-04-27,customer1358@example.com,1
CUST100575,Male,37,Gyeonggi,Silver,10,137000.0,240000.0,5.0,2026-06-26,N,Fashion,2020-07-04,customer575@example.com,1
CUST100055,Female,30,Gyeonggi,basic,6,63900.0,146700.0,3.8,2026-04-13,Y,Food,2024-01-07,customer55@example.com,0
CUST100790,Male,43,Daejeon,Gold,6,80700.0,142500.0,3.9,2026-05-02,Y,Home,2021-06-30,customer790@example.com,0
CUST100714,Female,32,Gyeonggi,Silver,11,134300.0,305900.0,4.0,2026-05-04,Y,Electronics,2022-01-14,customer714@example.com,1
CUST101329,Male,41,Gyeonggi,Basic,7,54000.0,58200.0,3.0,2026-04-26,N,Fashion,2020-06-30,customer1329@example.com,0
CUST100147,Male,50,Daejeon,SILVER,12,196900.0,872300.0,3.9,2026-05-20,N,Electronics,2020-07-23,customer147@example.com,1
CUST101130,Female,39,Incheon,Silver,8,127600.0,466600.0,4.6,2026-03-25,Y,Fashion,2025-09-04,customer1130@example.com,0
CUST100908,Female,18,Daejeon,Basic,4,24000.0,27600.0,3.7,2026-02-13,N,Sports,2024-03-25,customer908@example.com,0
CUST101480,Male,44,Seoul,VIP,8,177900.0,311700.0,3.0,2026-05-19,N,Sports,2025-05-05,customer1480@example.com,0
CUST101234,Male,32,Seoul,VIP,9,212600.0,908200.0,2.6,2026-04-15,Y,Home,2021-08-20,customer1234@example.com,1
CUST100596,Female,48,Gwangju,Gold,7,143400.0,367600.0,3.7,2026-02-11,Y,Sports,2022-12-03,customer596@example.com,0
CUST100844,Male,46,Gyeonggi,Basic,15,146400.0,559500.0,2.9,2026-04-29,N,Food,2020-07-13,customer844@example.com,1
CUST101093,Female,54,Busan,Basic,12,77000.0,217000.0,5.0,,N,Fashion,2022-04-19,customer1093@example.com,0
CUST100088,Male,41,Incheon,Silver,11,157300.0,783200.0,3.3,2026-05-17,Y,Beauty,2020-09-27,customer88@example.com,0
CUST100622,Male,39,Gyeonggi,Silver,10,126100.0,442900.0,4.2,2026-06-20,N,Home,2025-09-15,customer622@example.com,1
CUST100675,Female,38,Seoul,Gold,5,152200.0,343000.0,3.2,2026-05-28,N,Food,2021-05-19,customer675@example.com,0
CUST100112,Male,38,Busan,Silver,10,99100.0,212100.0,3.9,2026-02-17,Yes,Food,2021-01-20,customer112@example.com,0
CUST100672,Male,46,Gyeonggi,Basic,150,124400.0,468800.0,4.4,2026-06-06,N,,2022-08-05,customer672@example.com,1
CUST101251,Female,25,Gyeonggi,Basic,12,124500.0,516500.0,4.3,2026/02/22,N,Home,2024-11-03,customer1251@example.com,1
CUST101198,,30,Daegu,Basic,13,89900.0,461000.0,3.3,2025-12-17,N,Home,2024-12-02,customer1198@example.com,0
CUST100841,Female,32,Gyeonggi,VIP,11,190700.0,830100.0,2.7,2026-03-07,N,Home,2024-02-09,customer841@example.com,1
CUST100253,Male,42,Busan,VIP,8,147600.0,145500.0,3.5,2026-06-05,N,Fashion,2022-09-26,customer253@example.com,1
CUST100223,Female,54,,gold,10,101400.0,191800.0,3.8,2026/05/27,Y,Beauty,2024-03-27,customer223@example.com,1
CUST101400,Female,38,Gyeonggi,VIP,7,142700.0,268000.0,5.0,2026-05-13,N,fashion,2020-12-26,customer1400@example.com,1
CUST100483,Male,38,Gwangju, Basic ,7,83700.0,92700.0,3.8,2026-05-09,No,Fashion,2025-05-09,customer483@example.com,0
CUST101270,,49,Daejeon,Basic,9,81100.0,154000.0,4.0,2026-03-24,Y,Electronics,2022-04-20,customer1270@example.com,0
CUST100894,Male,46,Gyeonggi,Basic,10,140100.0,735200.0,2.6,2026-05-31,Y,Beauty,2021-04-25,customer894@example.com,1
CUST100690,Male,43,Seoul,VIP,7,219500.0,564000.0,2.8,2026-06-04,N,Electronics,2021-05-30,customer690@example.com,1
CUST100558,Male,57,Gyeonggi,Silver,9,181000.0,619800.0,3.1,2026-03-31,Y,fashion,2022-05-31,customer558@example.com,1
CUST100953,Female,41,busan,Basic,14,130400.0,707100.0,3.8,2026-06-13,N,Food,2023-11-23,customer953@example.com,1
CUST100901,Male,25,Gyeonggi,Silver,7,51100.0,158000.0,4.9,2026-06-05,N,Food,2025-04-14,customer901@example.com,0
CUST100703,Female,25,seoul,Basic,9,131900.0,666300.0,3.1,2026-04-11,Y,Electronics,2022-05-10,customer703@example.com,1
CUST100454, MALE ,28,Daegu,Silver,7,156800.0,331600.0,4.5,2026-06-03,N,Sports,2025-06-25,customer454@example.com,1
CUST100367,Male,33,Seoul,Basic,5,104900.0,115400.0,4.3,2026-02-09,N,Electronics,2025-03-24,customer367@example.com,0
CUST100154,Other,49,Seoul,Silver,3,97300.0,169700.0,3.9,2026-03-28,N,Home,2022-03-03,customer154@example.com,1
CUST100823,Male,41,Incheon,Basic,6,26900.0,72100.0,4.1,2026-04-29,Y,Home,2024-03-29,customer823@example.com,1
CUST100902,Male,,Busan,Basic,3,80200.0,69700.0,3.5,2026-04-23,N,Food,2024-04-25,customer902@example.com,0
CUST100489,Female,30,Seoul,Basic,11,94000.0,427400.0,3.9,2026/06/11,N,Sports,2022-05-19,customer489@example.com,1
CUST100555,Male,32,Incheon,Basic,7,36700.0,108400.0,3.2,2026-04-21,N,Home,2022-12-06,customer555@example.com,0
CUST100855,Male,18,Incheon,Basic,4,135300.0,151200.0,3.5,2026-04-22,Y,Fashion,2021-01-30,customer855@example.com,1
CUST100461,Female,47,Daejeon,Silver,9,118500.0,336500.0,2.9,2026-06-13,Y,Food,2023-06-14,customer461@example.com,0
CUST100705,Female,35,Gwangju,Basic,11,73400.0,384700.0,3.3,2026-04-16,N,Home,2021-01-19,customer705@example.com,0
CUST100854,Female,63,Seoul,Basic,8,143300.0,630100.0,4.2,2026-05-14,N,Electronics,2024-05-09,customer854@example.com,0
CUST101148,Female,27,Busan,Gold,2,85700.0,79200.0,3.3,2026-05-03,Y,Beauty,2021-02-19,customer1148@example.com,0
CUST101438,Male,49,Gwangju,Basic,13,44000.0,129600.0,2.8,2026-05-18,Y,Sports,2020-08-12,customer1438@example.com,0
CUST101469,,33,Gyeonggi,Basic,7,,245100.0,4.0,2026-04-30,Y,Beauty,2020-07-04,customer1469@example.com,0
CUST100899,Male,47,Daegu,silver,11,117200.0,395400.0,4.8,2026-04-18,N,Fashion,2021-03-01,customer899@example.com,0
CUST101264,Male,46,Incheon,Basic,6,104600.0,313600.0,3.5,2026-06-11,N,Fashion,2025-04-10,customer1264@example.com,0
CUST101385,Female,54,Incheon,Gold,12,145700.0,637600.0,2.9,2026-04-07,N,Fashion,2021-04-30,customer1385@example.com,1
CUST101382,Female,41,Gyeonggi,Basic,9,42800.0,189400.0,3.9,2026-06-03,Y,Home,27-03-2022,customer1382@example.com,0
CUST100807,Male,30,Gyeonggi,Basic,5,97100.0,268900.0,3.5,2026-04-05,Y,Beauty,2022-05-01,customer807@example.com,0
CUST101284,Male,45,Gyeonggi,Gold,12,143400.0,904800.0,3.0,2026-05-02,Y,Beauty,2021-10-26,customer1284@example.com,1
CUST100165,Female,35,Gyeonggi,Gold,12,116500.0,630000.0,3.7,2026/06/24,N,Fashion,2024-06-20,customer165@example.com,1
CUST100695,Male,35,Gwangju,Basic,7,178500.0,201300.0,3.9,2026-03-13,Y,electronics,2025-05-01,customer695@example.com,0
CUST101053,Female,35,Seoul,Silver,11,142900.0,666000.0,2.9,2026-06-15,N,Beauty,2022-10-06,customer1053@example.com,1
CUST100237,Male,42,Seoul,Basic,8,130400.0,134700.0,4.6,2026-04-21,N,Electronics,2024-12-28,customer237@example.com,1
CUST101336,Female,38,Seoul,Silver,16,,900000.0,3.1,2026-03-26,N,,2021-07-29,customer1336@example.com,1
CUST101087,Female,36,Gyeonggi,Silver,13,117700.0,469300.0,3.3,2026-03-03,N,Home,2025-08-09,customer1087@example.com,0
CUST100551,Female,47,Incheon,Basic,15,56800.0,490100.0,4.6,2026/04/22,N,Food,2020-12-16,customer551@example.com,1
CUST100686,Male,50,Daegu,Gold,5,116900.0,111200.0,2.8,2026-06-22,N,Home,2021-12-13,customer686@example.com,0
CUST101216,Female,30,Busan,Silver,11,160000.0,712100.0,3.5,2026-05-02,N,Beauty,2024-06-12,customer1216@example.com,1
CUST100939,Male,,Seoul,Silver,7,53900.0,46000.0,4.2,2026-04-25,Y,Home,2023-04-08,customer939@example.com,1
CUST100190,Other,44,Incheon,Silver,13,175300.0,889100.0,4.9,2026-01-27,N,Sports,2023-05-23,customer190@example.com,1
CUST100536,Male,32,Gyeonggi,Silver,5,115300.0,197200.0,3.2,2026-05-17,N,Beauty,2022-12-19,customer536@example.com,0
CUST100919,Female,40,Gwangju,Gold,8,147700.0,519800.0,3.1,2026-06-06,Y,,2020-09-17,customer919@example.com,1
CUST100435,Female,,Gyeonggi,Silver,12,228200.0,760300.0,3.7,2026-06-12,N,Electronics,2023-12-15,customer435@example.com,1
CUST101430,Male,31,Gyeonggi,basic,7,151200.0,342000.0,3.3,2026-01-17,N,Electronics,2021-04-16,customer1430@example.com,0
CUST100624, FEMALE ,59,Incheon,Basic,10,84800.0,148800.0,5.0,2026-05-04,Y,Home,2021-07-04,customer624@example.com,0
CUST100442,Male,41,Seoul,Basic,5,99900.0,227000.0,3.5,2026-06-17,Y,Fashion,2022-02-15,customer442@example.com,0
CUST100184,Male,44,Seoul,Basic,12,,468300.0,2.3,2026-06-13,N,Fashion,2024-07-28,customer184@example.com,0
CUST100028,Male,38,Seoul,Basic,4,89100.0,101000.0,3.4,2026-05-19,N,Sports,2023-06-23,customer28@example.com,0
CUST100452,Male,46,Busan,Silver,10,172100.0,752500.0,4.7,2026-03-24,N,Sports,2021-04-09,customer452@example.com,1
CUST100266,F,40,Seoul,Silver,4,56600.0,116000.0,4.4,2026-04-06,N,Food,2021-05-31,customer266@example.com,0
CUST100882,Female,23,Daejeon,Gold,6,98500.0,181600.0,4.5,2026-06-20,Y,Fashion,2022-04-01,customer882@example.com,1
CUST100432,Female,45,Gyeonggi,Silver,13,136600.0,664700.0,2.8,2026-03-30,Y,Food,2022-05-23,customer432@example.com,1
CUST100915,,43,Gyeonggi,basic,8,112100.0,357600.0,3.8,2026-05-01,N,Home,2024-09-28,customer915@example.com,0
CUST101377,Female,37,Seoul,Basic,7,154900.0,350300.0,3.1,2026-02-19,N,Electronics,2021-05-26,customer1377@example.com,0
CUST100748,Male,46,Busan,Basic,10,87900.0,171400.0,3.8,2026-03-06,Y,Food,2025-01-02,customer748@example.com,1
CUST101118,Male,43,Gyeonggi,VIP,8,198300.0,380100.0,3.8,2026-06-05,Y,Food,2021-11-27,customer1118@example.com,1
CUST100438,Male,25,Gyeonggi,Gold,6,152600.0,404300.0,3.7,2026-05-20,Y,Home,2025-10-14,customer438@example.com,1
CUST100535,Male,45,Daegu,,7,64200.0,217000.0,4.4,2026-06-06,Y,Food,2025-03-21,customer535@example.com,0
CUST101262,Female,43,Incheon,Silver,9,157200.0,361400.0,3.7,2026-03-09,Y,Electronics,2023-02-21,customer1262@example.com,0
CUST101165,Female,44,Gwangju,Basic,11,127800.0,676500.0,3.6,2026-04-18,N, Beauty ,2021-04-27,customer1165@example.com,0
CUST100984,Female,37,Gyeonggi,Basic,14,87700.0,396900.0,2.4,2026-05-12, n ,Beauty,2024-10-01,customer984@example.com,1
CUST101359,Male,40,Gyeonggi,Basic,6,,400200.0,3.2,2026-05-18,Y,Fashion,2025-04-13,customer1359@example.com,1
CUST101440,Male,38,Incheon,Basic,10,,330100.0,5.0,2026-04-27,No,Sports,2022-08-11,customer1440@example.com,1
CUST101410,Male,53,Gyeonggi,Silver,9,61800.0,256700.0,3.1,2026-06-26,Y,,2021-01-13,customer1410@example.com,0
CUST100532,Female,38, Busan ,Gold,8,131400.0,351700.0,4.3,2026-06-10,Y,Food,2022-09-24,customer532@example.com,0
CUST101029,F,37,Gyeonggi,Silver,7,,190200.0,4.2,2026-04-03,N,FASHION,2021-05-23,customer1029@example.com,0
CUST100162,male,19,Gyeonggi,Silver,9,116500.0,376600.0,3.0,2026-02-07,N,Beauty,2022-01-12,customer162@example.com,0
CUST100474,Male,31,Seoul,Basic,9,82400.0,147200.0,4.0,2026-04-22,Y,Food,2025-03-11,customer474@example.com,0
CUST100739,Female,25,Gwangju,Basic,12,152100.0,795600.0,3.8,2026-04-21,N,Beauty,2021-11-01,customer739@example.com,1
CUST100735,Male,26,Daegu,Silver,11,137100.0,776800.0,2.0,2026-06-08,N,Beauty,2024-07-10,customer735@example.com,1
CUST100123,Male,51,Gyeonggi,Basic,9,227300.0,660900.0,3.7,2026-04-27,N,Electronics,2021-07-01,customer123@example.com,1
CUST100550,Female,44,Daegu,Basic,9,111300.0,436500.0,3.1,2026-04-03,Y,Fashion,2021-01-15,customer550@example.com,0
CUST100375,Male,34,Daejeon,Basic,13,148300.0,609500.0,3.3,2026-04-24,Y,Fashion,2021-08-28,customer375@example.com,0
CUST100467,Male,29,Gyeonggi,Silver,10,132100.0,701300.0,3.5,2025-12-28,N,Fashion,2020-07-10,customer467@example.com,0
CUST100142,Female,47,Gwangju,Silver,6,54800.0,114800.0,2.6,2026-05-17,Y,Fashion,2025-03-27,customer142@example.com,0
CUST100169,Female,52,,Basic,8,26300.0,45400.0,3.5,2026-05-12, n ,Beauty,2020-07-02,customer169@example.com,0
CUST101168,Male,24,Daejeon,Basic,19,132000.0,739900.0,3.3,2026-04-21,Yes,Food,2024-02-09,customer1168@example.com,1
CUST101387,Male,53,Daejeon,Basic,12,106300.0,573800.0,3.8,2026-04-21,Y,Fashion,2023-04-25,customer1387@example.com,1
CUST101185,Male,39,Gyeonggi,Basic,130,41100.0,133900.0,4.5,2026-03-30,Y,Home,2020-07-09,customer1185@example.com,0
CUST101431,Male,37,seoul,Silver,9,56400.0,155700.0,2.5,2026-02-18,Y,Beauty,2020-10-15,customer1431@example.com,1
CUST101226,Male,31,Gyeonggi,Basic,6,5000.0,5300.0,4.4,2026-06-08,Y,Sports,2020-08-28,customer1226@example.com,1
CUST100504,Female,50,Gyeonggi,Silver,10,102800.0,354900.0,2.8,2026-05-03,Y,Food,2022-01-06,customer504@example.com,1
CUST101081,Male,51,Gyeonggi,Basic,4,89500.0,94600.0,3.3,2026-05-20,N,Electronics,2022-12-08,customer1081@example.com,0
CUST100559,Female,54,Gwangju,Basic,6,43400.0,93700.0,4.4,2026-04-12,Y,Beauty,2022-11-20,customer559@example.com,0
CUST100175,Female,36,Gyeonggi,VIP,13,271200.0,1656700.0,4.1,2026-04-03,Y,Electronics,2024-01-19,customer175@example.com,1
CUST100208,Female,46,Seoul,Basic,9,140000.0,408600.0,3.0,2026-03-06,N,Fashion,2024-02-06,customer208@example.com,0
CUST100514,Other,31,Incheon,Gold,13,257000.0,683700.0,2.7,2026-05-01,Yes,Electronics,2021-08-14,customer514@example.com,1
CUST100874,Female,53,Gyeonggi,Basic,8,57500.0,195200.0,3.4,2026-05-08,N,Beauty,2025-03-09,customer874@example.com,0
CUST100418,Female,61,Gyeonggi,Gold,7,205500.0,753000.0,2.7,2026-03-26,N,Electronics,2023-03-07,customer418@example.com,0
CUST100950,Female,45,Seoul,Silver,6,92700.0,90300.0,4.7,2026-05-10,Y,Fashion,2024-05-03,customer950@example.com,0
CUST100161,Female,48,Daejeon,Basic,9,71900.0,244800.0,5.0,2026-04-12,N,Beauty,2022-02-08,customer161@example.com,0
CUST101131,,37,Incheon,VIP,7,265400.0,303400.0,3.4,2026-06-04,Y,Sports,2025-02-27,customer1131@example.com,0
CUST100190,Other,44,Incheon,Silver,13,175300.0,889100.0,4.9,2026-01-27,N,Sports,2023-05-23,customer190@example.com,1
CUST101166,Female,23,,Silver,7,130800.0,449300.0,4.1,2026-04-08,Y,Sports,2021-04-23,customer1166@example.com,1
CUST101278,Female,38,Gwangju,Basic,12,133000.0,346000.0,3.5,2026-05-07,N,Home,2025-03-06,customer1278@example.com,0
CUST100465,Male,43,Seoul,Basic,4,86000.0,183700.0,3.4,2026-06-27,No,Electronics,2022-05-06,customer465@example.com,0
CUST100563,Female,39,Seoul,Basic,11,34900.0,95900.0,,2026-01-31,Y,Sports,2022-05-03,customer563@example.com,0
CUST100635,Male,34,Gyeonggi,Basic,8,100000.0,315800.0,2.6,2026-04-25,N,Sports,2025-06-09,customer635@example.com,1
CUST101415,Male,45,Seoul,Silver,7,43200.0,127900.0,3.3,2026-05-05,N,Fashion,2022-05-08,customer1415@example.com,0
CUST101392,Female,,Busan,Basic,12,195700.0,626500.0,3.6,2026-06-16,N,Electronics,2024-10-03,customer1392@example.com,1
CUST100829,Male,45,Gyeonggi, Basic ,10,107100.0,379600.0,4.9,2026-02-08,N,Electronics,2021-03-13,customer829@example.com,0
CUST101097,Female,46,Seoul,Silver,8,139700.0,585200.0,3.7,2026-03-04,N,Home,2021-07-03,customer1097@example.com,0
CUST100628,Female,31,Gwangju,Gold,9,87200.0,84200.0,3.3,2026-05-25,N,Food,2024-02-09,customer628@example.com,0
CUST100229,Male,59,Busan,Gold,10,177400.0,307100.0,2.5,2026-04-29,Y,Home,2023-10-12,customer229@example.com,1
CUST100903,Male,18,Gyeonggi,Basic,8,51900.0,97900.0,5.0,2026-02-26,Y,Home,2021-09-13,customer903@example.com,0
CUST100943,F,43,Daejeon,Silver,5,36800.0,68300.0,4.1,2026-06-10,N,beauty,2021-10-13,customer943@example.com,0
CUST100248,Female,47,Gwangju,Silver,10,,288100.0,2.8,2026-05-29,N,Fashion,2024-12-12,customer248@example.com,0
CUST100868,Female,33,Seoul,Silver,11,98600.0,621900.0,5.0,,Y,Fashion,2023-08-31,customer868@example.com,1
CUST100039,Male,40,Seoul,Gold,9,156500.0,350100.0,4.9,2025-10-09,Y,Home,2021-12-28,customer39@example.com,1
CUST101019,Female,18,Gyeonggi,Gold,11,177400.0,601300.0,2.8,2026-06-16,N,Beauty,2025-12-23,customer1019@example.com,0
CUST100341,Male,34,Gyeonggi,Silver,8,65600.0,112500.0,4.6,2026-05-23,N,fashion,2025-12-25,customer341@example.com,0
CUST100926,Male,42,Daejeon,Silver,8,169100.0,25000000,4.9,2026-04-03,N,Sports,2024-02-28,customer926@example.com,0
CUST100529,Male,47,Gyeonggi,Basic,11,78100.0,393500.0,2.2,2026-05-29,N,Fashion,2025-08-03,customer529@example.com,0
CUST100653, MALE ,37,Seoul,Basic,9,142300.0,501000.0,5.0,2026-06-02,Y,Food,2025-10-19,customer653@example.com,1
CUST100738,Male,26,Busan,Silver,7,106100.0,278500.0,3.7,2026-06-06,Y,Beauty,2021-01-23,customer738@example.com,1
CUST100836,Female,38,Busan, Gold ,10,84000.0,479700.0,3.2,2026-01-24,N,Fashion,2024-06-16,customer836@example.com,0
CUST101020,Female,38, GYEONGGI ,Gold,8,126100.0,414800.0,3.5,2026-06-17,Y,Food,2022-02-21,customer1020@example.com,1
CUST101284,Male,45,Gyeonggi,Gold,12,143400.0,904800.0,3.0,2026-05-02,Y,Beauty,2021-10-26,customer1284@example.com,1
CUST100331,Female,20,Daejeon,Basic,10,82200.0,167500.0,4.6,2026-06-12,N,Fashion,2024-09-22,customer331@example.com,1
CUST100719,Female,32,Daegu,,17,105000.0,716600.0,4.4,2026-05-24,N,Sports,2023-02-09,customer719@example.com,1
CUST100318,Male,26,Gyeonggi,Gold,5,75400.0,143500.0,4.3,2026-03-01,N,Home,2021-06-06,customer318@example.com,0
CUST101200,Female,18,Busan,Basic,9,61300.0,196000.0,3.0,2025-12-15,N,Fashion,2025-05-23,customer1200@example.com,0
CUST100346,Male,29,Busan,VIP,9,163400.0,308000.0,2.5,,Y,Sports,2023-12-14,customer346@example.com,1
CUST100994,Female,48,Seoul,VIP,4,191200.0,204800.0,,2026-05-02,Y,Home,2020-09-17,customer994@example.com,0
CUST100758, MALE ,39,Gwangju,Basic,8,133400.0,267000.0,3.2,2026-05-17,N,electronics,2025-11-07,customer758@example.com,1
CUST100490,Male,55,Gwangju,Silver,5,101900.0,90100.0,4.7,2026-03-21,N,Sports,2023-12-02,customer490@example.com,0
CUST100833,Female,48,Busan,Basic,10,161500.0,698800.0,3.3,2025/12/22,N,Home,2021-04-16,customer833@example.com,0
CUST100795,Female,29,gyeonggi,Basic,11,119500.0,414500.0,3.5,2026-05-13,N,Beauty,2021-10-06,customer795@example.com,0
CUST100281,Male,45,Busan,Basic,6,85500.0,183800.0,3.8,2026-05-13,Y,Home,2025-11-01,customer281@example.com,0
CUST100851,Female,45,Seoul,Basic,7,103700.0,227000.0,3.6,2026-03-24,N,Food,2022-08-16,customer851@example.com,1
CUST100054,Female,44세,Seoul,VIP,11,113400.0,474600.0,4.6,2026-06-04,N,Food,2025-12-28,customer54@example.com,1
CUST100896,Female,48,Seoul,Basic,6,98100.0,221600.0,3.4,2026-05-11,N,Beauty,2022-01-12,customer896@example.com,0
CUST101151,Male,35,Busan,Basic,6,77400.0,153500.0,3.7,2026-04-01,N,Home,2025-06-17,customer1151@example.com,0
CUST100076,Female,,Daegu,Basic,5,5000.0,5000.0,3.2,2026-06-07,N,Food,2023-02-07,customer76@example.com,0
CUST101404,Female,25,Gyeonggi,Gold,6,135600.0,353400.0,4.8,2025-09-30,N,Fashion,2020-10-27,customer1404@example.com,0
CUST100887,Male,18,Incheon,Basic,6,81200.0,224100.0,4.2,2026-02-12,Y,Fashion,2023-10-30,customer887@example.com,1
CUST101025,Other,30,Daejeon,Basic,9,117200.0,341400.0,3.8,2025-12-25,N,Food,2022-02-11,customer1025@example.com,0
CUST101396,Male,44,Seoul,Silver,9,95100.0,272300.0,4.2,2026-06-19,Y,Food,2023-12-19,customer1396@example.com,1
CUST100602,Male,53,Seoul,Basic,12,138000.0,627200.0,3.3,2026-04-06,N,Electronics,2022-10-26,customer602@example.com,1
CUST101138,Female,57,,Basic,8,82000.0,144100.0,4.9,2026-05-26,N,Home,2024-01-18,customer1138@example.com,1
CUST101231,,43,Seoul,Basic,7,25300.0,57500.0,3.1,2026-04-13,N,Sports,2025-06-18,customer1231@example.com,0
CUST101283,Male,57,Gyeonggi,Gold,9,168200.0,954800.0,,2026-02-27,N,Food,2020-08-15,customer1283@example.com,1
CUST100222,Male,33,Daejeon,Basic,9,165500.0,499400.0,4.4,2026-04-03,Y, Electronics ,2024-07-08,customer222@example.com,1
CUST101142,Female,44,Seoul,Basic,10,143900.0,413400.0,4.3,2026-05-14,N,Sports,2022-05-09,customer1142@example.com,1
CUST100607,Female,63,Gyeonggi,Gold,12,204000.0,1129400.0,3.0,2026-06-01,N,Beauty,2025-10-02,customer607@example.com,1
CUST101458,Male,60,Gyeonggi,Gold,15,152100.0,283200.0,3.5,2026-01-22,Y,Fashion,2023-06-22,customer1458@example.com,0
CUST100591,Male,38,Seoul,VIP,7,195200.0,379100.0,3.3,2026-06-04,Y,Fashion,2024-07-24,customer591@example.com,1
CUST100381,Male,45,Gyeonggi,Silver,7,75100.0,236800.0,4.3,2026-02-17,Y,Home,2025-04-26,customer381@example.com,1
CUST101313,Female,24,,Silver,8,155300.0,556000.0,3.1,2026-05-27,Yes,Electronics,2020-08-20,customer1313@example.com,1
CUST100200,Male,26,Gyeonggi,Gold,10,91400.0,326000.0,4.2,2026-04-26,N,Sports,2021-05-30,customer200@example.com,0
CUST100811,Female,21,Gyeonggi,Silver,8,74800.0,167200.0,3.1,2026-06-25,Y,Beauty,2023-10-02,customer811@example.com,0
CUST100571,,54,Incheon,Basic,13,89300.0,609900.0,4.0,2026-05-01,N,Food,2024-02-01,customer571@example.com,1
CUST100587,Male,29,Gyeonggi,Basic,11,45500.0,226500.0,4.3,2026-03-05,N,Fashion,2024-07-09,customer587@example.com,0
CUST100753,Female,57,Incheon,Basic,17,64900.0,391500.0,4.0,2026-05-11,N,Fashion,2021-02-12,customer753@example.com,1
CUST101408,Male,18,Gwangju,Basic,5,100700.0,195400.0,4.2,2026-03-26,Y,Beauty,2021-01-09,customer1408@example.com,0
CUST100895,Male,40,Daejeon,Basic,9,124200.0,518200.0,3.4,2026-03-16, n ,Food,2023-07-07,customer895@example.com,1
CUST100665,Male,34,Daejeon,Basic,6,127200.0,425400.0,4.2,2026-03-25,N,Beauty,2024-09-02,customer665@example.com,0
CUST100905,Male,44,Gyeonggi,Gold,11,184600.0,835600.0,3.0,2026-03-30,Y,FASHION,2022-03-14,customer905@example.com,1
CUST100837,Male,49,Seoul,Basic,11,193400.0,603600.0,2.6,2026-03-14,No,Electronics,2024-10-23,customer837@example.com,0
CUST101403,Male,44,Gyeonggi,,18,214700.0,1693500.0,1.8,2026-01-12,N,Electronics,2022-10-31,customer1403@example.com,1
CUST101365,Male,43,Seoul,Silver,8,202800.0,722900.0,3.3,2026-04-21,Y,Electronics,2020-09-12,customer1365@example.com,0
CUST101172,Female,49,Seoul,Silver,6,165800.0,567700.0,3.7,2026-05-21,Y,Electronics,2021-04-20,customer1172@example.com,0
CUST100659,,47,Seoul,Silver,2,33800.0,31600.0,4.5,2026-05-20,Y, Beauty ,2022-09-08,customer659@example.com,0
CUST100384,Male,52,Seoul,Silver,9,139300.0,423000.0,4.9,2026-05-29,N,Beauty,2020-11-20,customer384@example.com,1
CUST100326,Male,33,Gyeonggi,Gold,13,133100.0,918600.0,3.7,2026-04-27,Y,Sports,2024-06-04,customer326@example.com,1
CUST100552,Female,48,Gwangju,Basic,8,145100.0,287800.0,2.2,2026-06-14,N,Electronics,2020-07-08,customer552@example.com,1
CUST100213,Male,30,Incheon,Silver,6,144000.0,466700.0,3.3,2026-02-15,Y,Electronics,2021-03-26,customer213@example.com,0
CUST101214,Male,39,Seoul,Basic,9,157100.0,150800.0,3.8,2025-11-28,N,beauty,2024-07-15,customer1214@example.com,0
CUST100219,Male,41,Gwangju,Basic,7,76000.0,145900.0,3.9,2026-04-24,N,Home,2021-07-26,customer219@example.com,0
CUST101193,Female,41,Daegu,Basic,3,70400.0,70300.0,2.6,2026-02-16,N,Sports,2021-11-14,customer1193@example.com,0
CUST100361,Female,37,,Basic,6,37600.0,40900.0,4.2,2026-05-23,Y,Sports,2021-04-07,customer361@example.com,1
CUST100172,Female,20,Gyeonggi,Basic,8,77800.0,157800.0,3.8,2026-03-11,N,Food,2021-09-25,customer172@example.com,0
CUST100368,Male,23,Gyeonggi,basic,13,84000.0,543200.0,2.8,2026-06-23,Y,Sports,2023-12-12,customer368@example.com,1
CUST100337,Female,30,Seoul,Silver,7,112100.0,371500.0,3.8,2026-05-13,N,Home,2022-09-17,customer337@example.com,0
CUST100721,Female,57,Daejeon,Silver,13,105400.0,339800.0,3.7,2026-06-14,Y,Beauty,2025-04-24,customer721@example.com,0
CUST100471,Female,45,Gwangju,Basic,9,117400.0,482300.0,3.7,2026-06-13,N,Electronics,2022-01-23,customer471@example.com,0
CUST101167,Male,39,Daegu,Gold,6,184300.0,419600.0,4.7,2026-06-26,N,Electronics,2021-09-27,customer1167@example.com,1
CUST101217, FEMALE ,44,,Basic,9,147100.0,532100.0,4.2,2026-05-29,Y,Electronics,2021-05-19,customer1217@example.com,0
CUST101484,Female,36,Busan,Basic,8,105100.0,272500.0,3.3,2026-05-30,Y,Sports,2021-03-10,customer1484@example.com,1
CUST100886,Male,41,Busan,Gold,13,163400.0,740800.0,3.9,2026-04-29,Y,Home,2024-01-23,customer886@example.com,0
CUST100792,Female,62,Seoul,Silver,14,79900.0,167100.0,4.4,2026-04-09,Y,Fashion,2021-06-03,customer792@example.com,0
CUST100749,Female,45,Busan, Gold ,12,188800.0,931400.0,3.4,2026-03-05,N,Home,2022-05-25,customer749@example.com,0
CUST100850,Male,41,Gyeonggi,Silver,8,109400.0,246900.0,,2026-04-25,N,Fashion,2025-05-19,customer850@example.com,0
CUST100413,Female,49,Gwangju,Basic,10,107000.0,237800.0,3.9,2025-11-19,Y,Beauty,2025-11-16,customer413@example.com,0
CUST100057,female,40,Daegu,Silver,8,23900.0,61900.0,5.0,2026-02-24,Y,Fashion,2022-06-20,customer57@example.com,1
CUST100989,Male,32,Daegu,Basic,11,101500.0,535500.0,2.4,2026-04-05,N,Beauty,2021-11-16,customer989@example.com,0
CUST100970,Male,37,Seoul,Basic,8,89400.0,374300.0,2.7,2026-04-15,N,Food,2025-01-31,customer970@example.com,0
CUST100063,Male,43,Daejeon,Gold,10,137300.0,580100.0,3.5,,N,Fashion,2024-07-02,customer63@example.com,1
CUST100380,Female,47,Gyeonggi,Basic,7,84700.0,283300.0,3.4,2026-05-02,N,Beauty,2023-12-27,customer380@example.com,0
CUST100860,Female,48,Seoul,Gold,6,142700.0,248100.0,2.9,2026-03-01,Y,Food,2024-03-12,customer860@example.com,0
CUST100300,Female,18,Incheon,Basic,10,16900.0,84500.0,3.1,2026-04-24,N,Sports,2024-09-10,customer300@example.com,0
CUST100315,,64,seoul,Silver,8,58200.0,120200.0,3.7,2026-06-15,N,Home,2023-12-30,customer315@example.com,0
CUST100188,Female,36,Daegu,Basic,12,103100.0,570700.0,4.0,2025-12-20,Y,Fashion,2023-07-26,customer188@example.com,0
CUST101490,Male,29,Seoul,Silver,6,113000.0,99000.0,,2026-05-03,Y,Beauty,2021-08-28,customer1490@example.com,1
CUST100907,Male,53,Gwangju,Basic,8,133100.0,265700.0,,2026-05-11,N,Home,2023-05-28,customer907@example.com,1
CUST101423,Male,27,Gyeonggi,Silver,8,143900.0,426100.0,4.2,2026-04-08,N,Electronics,2025-09-13,customer1423@example.com,1
CUST101066,Female,63,,Silver,14,60000.0,290900.0,2.9,2026-01-05,N,Fashion,2025-04-27,customer1066@example.com,0
CUST100998,Female,38,,Silver,8,90700.0,283400.0,3.4,2026-04-04,N,Food,2021-07-22,customer998@example.com,0
CUST100145,Female,25,Busan,Gold,12,161100.0,433500.0,3.2,2025-12-17,N,Beauty,2025-12-10,customer145@example.com,0
CUST100456,Female,28,Seoul,Basic,9,151100.0,517100.0,2.3,2026-04-24,N,Electronics,2025-04-08,customer456@example.com,1
CUST101203,Male,46,Incheon,Basic,9,115300.0,511300.0,4.6,2026-04-18,N,Beauty,2021-11-12,customer1203@example.com,1
CUST100133,Male,40,Gwangju,Gold,6,121700.0,121800.0,3.1,2026-06-24,N, Beauty ,2024-11-08,customer133@example.com,0
CUST100372,Female,33,Gwangju,Basic,7,5000.0,8900.0,5.0,2026-06-14,N,Fashion,2024-04-20,customer372@example.com,0
CUST101215,Female,34,Daegu,Basic,95,164900.0,543100.0,5.0,2026-03-13,N,Electronics,2021-01-27,customer1215@example.com,0
CUST100003,Male,60,Seoul,Gold,16,236900.0,1874100.0,3.8,2026-04-16,N,Electronics,2020-09-28,customer3@example.com,1
CUST100670,Male,31,Busan,Basic,9,152400.0,349500.0,3.9,2026.01.11,N,Sports,2023-06-08,customer670@example.com,1
CUST100051,Male,23,,VIP,13,263600.0,1157100.0,5.0,2026-06-06,N,Food,2025-07-01,customer51@example.com,1
CUST100637,Female,31,Gyeonggi,Gold,14,71900.0,284500.0,4.8,2026-04-17,Y,Fashion,2020-08-22,customer637@example.com,0
CUST101267,Male,32,Seoul,Silver,7,139400.0,464700.0,3.4,2026-05-27,N,Electronics,2024-08-26,customer1267@example.com,1
CUST100446,Male,39,Gyeonggi,Basic,9,70400.0,142400.0,3.8,2026-05-26,Y,Sports,2021-11-18,customer446@example.com,0
CUST101008,Female,19, Busan ,Silver,6,45000.0,95900.0,3.9,2025-12-30,Y,Home,2021-05-10,customer1008@example.com,0
CUST100728,Female,49,Gwangju,Basic,9,60500.0,276100.0,4.9,2026-05-20,N,Food,2024-12-29,customer728@example.com,1
CUST101351,Male,48,Busan,Basic,7,73300.0,196400.0,3.5,2026-05-01,Y,Electronics,2025-06-26,customer1351@example.com,1
CUST101343,Female,55,Incheon,Basic,10,,226400.0,3.6,2025-12-12,N,Food,2021-01-30,customer1343@example.com,1
CUST100048,female,58,Daejeon,Gold,18,135900.0,402300.0,3.3,2026-02-25,N,Food,2024-09-09,customer48@example.com,1
CUST100183,Male,30,Gyeonggi,Gold,12,231500.0,595200.0,4.6,2026-05-28,Y,Electronics,2024-05-07,customer183@example.com,1
CUST100365,Other,45,gyeonggi,Gold,7,116100.0,318200.0,4.5,2026-06-14,Y,Sports,2024-07-02,customer365@example.com,1
CUST100981,Male,43, Seoul ,Basic,7,55900.0,228800.0,4.1,2026-06-21,Y,Food,2024-07-27,customer981@example.com,1
CUST100060,Female,42,Seoul,Silver,6,89900.0,254800.0,4.9,2026-05-29,N,Home,2025-11-08,customer60@example.com,1
CUST100069,Female,72,Gwangju,Silver,11,127200.0,444300.0,4.1,2026-03-24,N, Beauty ,2025-06-17,customer69@example.com,0
CUST100322,Female,36,Gwangju,Silver,12,71200.0,266600.0,2.7,2026-03-25,N,Sports,2020-06-26,customer322@example.com,0
CUST101117,Male,33,Gwangju,Basic,11,60400.0,271700.0,2.1,2026-04-02,N,Fashion,2020-11-04,customer1117@example.com,1
CUST100937,Female,36,Gwangju,Silver,8,144500.0,378300.0,3.2,2026-02-19,N,Home,2024-03-18,customer937@example.com,0
CUST100065,Female,49,Seoul,Gold,4,101800.0,111100.0,4.9,2026-05-25,Y,Home,2025-08-04,customer65@example.com,0
CUST101080,Female,31,Gwangju,Silver,8,124200.0,252400.0,4.0,2026-05-31,Y,Fashion,2020-10-30,customer1080@example.com,1
CUST101498,Female,44,Gyeonggi,Basic,15,142700.0,739700.0,3.7,2026-04-27,Y,Fashion,2022-03-03,customer1498@example.com,1
CUST100092,Female,27,Gyeonggi,Gold,11,154300.0,941000.0,4.8,2026-04-25,N,Sports,2022-10-28,customer92@example.com,1
CUST100562,Other,19,Gyeonggi,Basic,9,49100.0,239600.0,3.0,2026-05-06,N,Home,2023-02-15,customer562@example.com,0
CUST100196,Male,47,Gyeonggi,Basic,6,62400.0,127200.0,3.6,2026-06-22,Y,Food,2021-11-10,customer196@example.com,0
CUST101112,Male,41,Seoul,Basic,7,85100.0,275200.0,3.6,2026-05-23,N,Fashion,2021-03-12,customer1112@example.com,1
CUST101330,Female,49,Gwangju,Basic,11,,283000.0,3.8,2026-03-27,Y,Beauty,2022-08-01,customer1330@example.com,0
CUST100585,Male,47,Seoul,Basic,6,65100.0,220900.0,2.2,2026-05-05,N,Fashion,2024-12-24,customer585@example.com,0
CUST100171,Female,33, Seoul ,Silver,8,122800.0,111900.0,2.9,2026-05-21,N,Sports,2023-10-18,customer171@example.com,0
CUST100776, MALE ,48, GYEONGGI ,Basic,7,110100.0,474000.0,5.0,2026-05-13,N,Electronics,2022-07-07,customer776@example.com,0
CUST100838,Female,41,Daegu,Basic,14,112200.0,569700.0,4.2,2026-06-05,Y,Food,2023-11-06,customer838@example.com,1
CUST100642,Other,31,Incheon,Basic,12,80800.0,164100.0,4.3,2026.05.30,N,Sports,2024-08-23,customer642@example.com,0
CUST100198,Male,58,Daejeon,VIP,10,253300.0,545200.0,3.0,2026-05-29,Yes,Electronics,2021-05-28,customer198@example.com,1
CUST100661,Female,47,Gwangju,Silver,7,104500.0,111200.0,4.9,2026-03-20,N,Fashion,2024-09-08,customer661@example.com,0
CUST100249,Male,23,Daejeon,Basic,7,38600.0,103200.0,3.8,2026-03-19,Y,Home,2023-12-30,customer249@example.com,0
CUST101182,Male,58,Gyeonggi,Silver,12,86000.0,562400.0,4.7,2026-04-16,N,,2024-12-31,customer1182@example.com,1
CUST100925,Female,40,Gwangju,Basic,5,81700.0,245900.0,3.4,2026-06-24,Y,Food,2025-08-04,customer925@example.com,0
CUST101163,Male,48,Gwangju,Silver,14,94700.0,373600.0,4.1,2026-04-23,N,Sports,2024-06-26,customer1163@example.com,1
CUST100615,Male,50,Busan,Basic,6,107000.0,225000.0,3.4,2026-05-18, n ,Beauty,2025-12-31,customer615@example.com,0
CUST100320,Other,54,Gyeonggi,Basic,4,74000.0,76300.0,3.6,2025-11-29,N,Food,01-01-2025,customer320@example.com,0
CUST100804,Male,34,Daejeon,Basic,10,28900.0,60000.0,3.3,2026-06-14,N,Sports,2023-12-30,customer804@example.com,0
CUST100326,Male,33,Gyeonggi,Gold,13,133100.0,918600.0,3.7,2026-04-27,Y,Sports,2024-06-04,customer326@example.com,1
CUST101237,Female,37,Gwangju,,5,96400.0,293500.0,,2026-04-29,Y,Food,2021-06-24,customer1237@example.com,0
CUST101242,Female,39,Daegu,Basic,5,58200.0,102100.0,2.1,2026-05-04,N,Fashion,2025-03-23,customer1242@example.com,0
CUST100936,Other,49,Seoul,Gold,12,178500.0,806700.0,3.5,2026-04-06,N,Home,2022-02-07,customer936@example.com,1
CUST100394,Female,37,Gyeonggi,Basic,11,183400.0,774600.0,4.1,2026-04-21,Y,Electronics,2023-09-26,customer394@example.com,1
CUST100234,Male,79,Busan, Basic ,13,49000.0,218800.0,4.0,2026-05-10,Y,Food,2024-08-21,customer234@example.com,1
CUST100879,Male,33,Gyeonggi,Gold,10,197700.0,371700.0,3.9,2026-03-28,N,Electronics,2023-10-17,customer879@example.com,0
CUST100706,male,35,Busan,Basic,8,31300.0,86000.0,4.1,2026-04-08,Y,Beauty,2024-01-21,customer706@example.com,0
CUST100927,Male,47,,Silver,13,210700.0,1524100.0,3.3,2026-04-28,N,Electronics,2023-02-27,customer927@example.com,1
CUST100207,Female,26,Gwangju,Basic,10,146600.0,389800.0,4.9,2026-03-10, y ,Food,2023-02-20,customer207@example.com,0
CUST100386,Male,34,Daejeon,Gold,12,174000.0,524100.0,2.5,2025-12-09,Y,Sports,2023-11-05,customer386@example.com,0
CUST101133,Female,43,Daejeon,VIP,10,159200.0,421800.0,3.4,2026-05-19,N,Food,2022-11-22,customer1133@example.com,0
CUST101282,Male,32,Incheon,Gold,10,173800.0,356900.0,3.7,2026-04-11,N,Home,2025-05-06,customer1282@example.com,1
CUST101261,Male,19,Daegu,Silver,11,141700.0,873600.0,3.7,2026-03-07,N,Fashion,2024-02-02,customer1261@example.com,1
CUST100636,female,42,Gyeonggi,VIP,9,209300.0,395100.0,2.7,2026-02-16,No,Food,2025-05-27,customer636@example.com,1
CUST101344,Male,37,Incheon,Basic,6,123200.0,111800.0,4.2,2026-04-22,N,Electronics,2023-08-08,customer1344@example.com,0
CUST101002,Female,54,Gyeonggi,Silver,6,112500.0,376800.0,4.0,2026-04-23,N,Food,2021-04-15,customer1002@example.com,0
CUST100710,Male,41,,Silver,8,53900.0,99100.0,3.6,2026-05-22,N,Fashion,2024-08-25,customer710@example.com,0
CUST101350,Female,29,Daejeon,Gold,8,182800.0,388200.0,4.0,2026-03-27,Y,Food,2021-12-30,customer1350@example.com,1
CUST101016,Female,39,Busan,Basic,8,88100.0,200900.0,,,Y,Home,2025-06-23,customer1016@example.com,0
CUST100128,Female,49,Incheon,Gold,9,174100.0,883800.0,4.5,2026-04-02,N,Beauty,2023-06-14,customer128@example.com,1
CUST101143,Male,33,Gyeonggi,Gold,8,158200.0,273100.0,4.0,2026-03-16,N,Food,2025-05-23,customer1143@example.com,0
CUST100496,Male,120,Gyeonggi,Silver,8,155000.0,501100.0,3.3,2025-11-26,N,Beauty,2024-12-14,customer496@example.com,1
CUST100595,Male,42,Gyeonggi,Basic,10,143400.0,728100.0,3.0,2026-04-28,N,Food,2021-08-17,customer595@example.com,0
CUST101342,Female,46,Daejeon,Basic,7,91100.0,206700.0,3.4,2026-06-07,Y,Fashion,2022-09-03,customer1342@example.com,0
CUST100763,Male,44,Busan,Basic,9,,494500.0,3.1,2026-05-06,Yes,Beauty,2022-10-19,customer763@example.com,1
CUST100679,Other,47,Seoul, Basic ,8,90000.0,313600.0,3.7,2026-02-20,N,Food,2025-08-25,customer679@example.com,1
CUST101147,Male,39,Seoul,Gold,10,198500.0,972900.0,3.2,2026-03-08,N,beauty,2022-01-17,customer1147@example.com,1
CUST100106,Other,41,Daegu,Basic,7,143800.0,375500.0,3.6,2026-03-31,N,Electronics,2022-06-10,customer106@example.com,0
CUST100294,Male,28,Seoul,Gold,9,105100.0,348200.0,3.2,2026-06-07,Y,Beauty,2025-11-06,customer294@example.com,0
CUST100282,Female,36,Gyeonggi,Gold,12,194700.0,876100.0,4.6,2026-05-21,N,Electronics,2024-05-07,customer282@example.com,1
CUST101038,Female,35,Incheon,Silver,7,141800.0,494700.0,2.8,2026-03-25,N,Home,2023-01-07,customer1038@example.com,0
CUST101445,F,32,Incheon,Gold,10,142000.0,611100.0,4.2,2026-06-06,Yes,Beauty,2022-08-08,customer1445@example.com,1
CUST100247,Male,44,Gyeonggi, Basic ,7,52200.0,133400.0,2.2,2026-05-16,N,Food,2020-09-23,customer247@example.com,0
CUST100255,Male,29,Gyeonggi,Basic,8,118800.0,133800.0,4.2,2026-05-03,Y,Electronics,2023-11-04,customer255@example.com,1
CUST101303,Female,46,Seoul,Basic,10,53700.0,117700.0,2.6,2026-05-24,N,Home,2020-06-29,customer1303@example.com,0
CUST100091,Female,32,Daejeon,Gold,10,153500.0,748500.0,3.0,2026-01-23,Y,Sports,2022-04-26,customer91@example.com,1
CUST101366,Male,37,Gwangju,Gold,10,175100.0,879400.0,3.3,2026-05-22,Y,Electronics,2022-07-16,customer1366@example.com,0
CUST100007,Female,35,Daejeon,Silver,4,128700.0,272400.0,3.8,2026-06-16,Y,Electronics,2021-02-05,customer7@example.com,1
CUST100067,Female,46,Busan,Silver,8,81000.0,172000.0,4.2,2025-09-23,N,Home,2022-07-08,customer67@example.com,0
CUST101171,Male,35,Gwangju,Basic,10,113700.0,248400.0,4.1,2026-04-21,N,Electronics,2022-03-16,customer1171@example.com,0
CUST101281,Male,76,Gwangju,Silver,6,120900.0,113700.0,4.4,2026-04-17,Y,Home,2022-06-16,customer1281@example.com,1
CUST101426,female,43,Busan,Basic,8,142200.0,254800.0,3.8,2026-06-28,Y,Electronics,2021-08-21,customer1426@example.com,0
CUST100904,Male,47,Daegu,Basic,9,135100.0,611800.0,4.2,2026-04-24,Y,Beauty,2021-02-19,customer904@example.com,1
CUST100120,Male,43,Incheon,Silver,7,35600.0,107000.0,2.0,2026-06-06,N,Fashion,2022-03-18,customer120@example.com,1
CUST101098,Female,52,Gyeonggi,VIP,7,215800.0,651600.0,4.6,2026-05-08,N,Home,2022-09-02,customer1098@example.com,1
CUST100717,M,40,Seoul,Gold,6,164300.0,444800.0,3.1,2026-03-12,N,Food,2021-02-11,customer717@example.com,0
CUST100958,Female,35,,VIP,6,187900.0,572800.0,4.4,2025-10-26,Y,Sports,2025-09-21,customer958@example.com,1
CUST100732,Female,33,Gyeonggi,Basic,8,44500.0,131100.0,3.5,2026-06-09,Y,Beauty,2025-10-17,customer732@example.com,0
CUST100806,Female,26,Gyeonggi,,10,147500.0,834700.0,3.4,2026-04-27,N,Beauty,2025-05-15,customer806@example.com,1
CUST100680,Male,32,Gwangju,Basic,9,113400.0,439200.0,3.3,2026-03-14,N,Fashion,2023-09-28,customer680@example.com,0
CUST101452,,60,Daejeon,Gold,9,153800.0,495500.0,3.9,2026-04-15,N,Beauty,2023-09-30,customer1452@example.com,1
CUST101070,Female,42,Incheon,Gold,7,90200.0,306200.0,4.2,2026-04-20,N,Home,2025-06-26,customer1070@example.com,1
CUST100030,Female,50,Daejeon,Silver,9,112000.0,429200.0,3.6,2026-05-08,Y,Beauty,2024-06-18,customer30@example.com,0
CUST101209,Female,30,Daejeon,Basic,9,93300.0,318700.0,4.3,2026-03-11,N,Home,2020-11-25,customer1209@example.com,0
CUST101496,Female,41,Seoul,Silver,13,102000.0,325500.0,4.6,2026-05-21,N,Sports,2022-04-03,customer1496@example.com,1
CUST101459,Female,32,Seoul,Silver,5,115900.0,223900.0,5.0,2026-03-17,N,Fashion,2022-11-16,customer1459@example.com,0
CUST100313,Male,54,Daegu,Basic,11,131000.0,654800.0,3.6,2026-01-24,Y,Food,2023-12-30,customer313@example.com,1
CUST101404,Female,25,Gyeonggi,Gold,6,135600.0,353400.0,4.8,2025-09-30,N,Fashion,2020-10-27,customer1404@example.com,0
CUST100257,Male,37,Gyeonggi,Basic,4,102200.0,204600.0,3.4,2025-11-30,N,FASHION,2024-08-08,customer257@example.com,0
CUST100934,Female,44,Seoul,Silver,12,164400.0,706700.0,2.6,2026-06-04,N,Fashion,2024-12-01,customer934@example.com,0
CUST101136,Female,37,Gwangju,Basic,8,129000.0,458100.0,3.0,2026-05-06,N,Electronics,2024-11-24,customer1136@example.com,0
CUST100232,Female,48,Gyeonggi,Basic,8,84600.0,82500.0,3.3,2026-03-16,N,Sports,2024-06-26,customer232@example.com,0
CUST101388,Female,,Seoul,Silver,7,147100.0,294400.0,4.7,2026-06-01,Y,Beauty,2024-08-30,customer1388@example.com,1
CUST100408,Male,27,Incheon,Basic,9,34500.0,163700.0,4.1,2026-01-31,N,Food,2022-11-06,customer408@example.com,0
CUST100064,Female,21,Seoul,Silver,14,132300.0,599400.0,2.9,2026-05-28,Y,Beauty,2025-07-01,customer64@example.com,1
CUST100541,Male,45,Seoul,Basic,4,77300.0,167000.0,4.7,2026-05-16,Y,Fashion,2022-04-08,customer541@example.com,0
CUST101160,Male,37,Seoul,Gold,8,188900.0,383300.0,3.6,2025-11-21,N,Fashion,2023-03-26,customer1160@example.com,0
CUST101127,Male,35,Seoul,Gold,7,,379000.0,3.9,2026-04-24,N,Fashion,2024-04-21,customer1127@example.com,1
CUST100677,Female,48,Gyeonggi,Basic,7,111100.0,190700.0,3.2,2026-06-20,N,Fashion,2021-07-29,customer677@example.com,1
CUST100150,Male,46,Gyeonggi,Basic,11,83400.0,358000.0,4.2,2026-03-25,N,Beauty,2022-12-06,customer150@example.com,0
CUST101246,Female,48,gyeonggi,basic,10,118600.0,306400.0,4.0,2026-06-17,Y,Fashion,2022-08-14,customer1246@example.com,1
CUST100086,Male,41,Gwangju,Basic,15,114400.0,742700.0,4.0,2026-06-11,N,Beauty,2023-07-07,customer86@example.com,0
CUST100613,Female,56,Gyeonggi,Gold,10,,329100.0,2.4,2026-06-07,N,Electronics,2021-06-16,customer613@example.com,1
CUST100339,Female,49,Gyeonggi,Silver,14,154500.0,1117200.0,4.8,2026-04-22,N,Fashion,2022-12-20,customer339@example.com,1
CUST101027,Male,N/A,Busan,Basic,7,85100.0,97500.0,2.1,2026-04-22,N,Fashion,2023-10-30,customer1027@example.com,0
CUST100204,Female,46,Seoul,Basic,10,5000.0,14100.0,4.1,2026-05-18,N,Food,2025-04-03,customer204@example.com,0
CUST100047,Female,,Seoul,Basic,8,92900.0,242900.0,3.9,2026-05-26,N,Food,2022-07-04,customer47@example.com,1
CUST101104,Female,41,Busan,Silver,11,92500.0,399100.0,4.8,2026-02-28,N,Food,2022-05-27,customer1104@example.com,0
CUST100268,Female,31,Incheon,Basic,7,108600.0,98200.0,5.0,2026-05-30,Y,Electronics,2021-03-06,customer268@example.com,0
CUST100800,Female,41,Busan,Silver,5,97200.0,97800.0,4.2,2025-12-27,Y,Sports,2022-04-18,customer800@example.com,0
CUST101483,,38,Seoul,Gold,10,194100.0,870700.0,3.2,2026-03-24,Y,Home,2021-06-22,customer1483@example.com,1
CUST100023,Male,45,Gwangju,Gold,8,171300.0,650500.0,4.3,2026-02-08,No,Beauty,2025-04-02,customer23@example.com,0
CUST101048,Female,63,Gyeonggi,VIP,8,144600.0,388900.0,3.6,2026-06-01,Y,Fashion,2024-07-25,customer1048@example.com,1
CUST100071,Male,56,Gwangju,Silver,9,69000.0,147200.0,4.1,2026-06-20,N,Beauty,2024-09-16,customer71@example.com,1
CUST101022,Male,47,Seoul,Silver,11,75600.0,265400.0,5.0,2026-05-15,N,Home,2021-05-15,customer1022@example.com,0
CUST101277,Female,33,Gyeonggi,Gold,7,129200.0,365500.0,3.2,2026-05-21,N,Beauty,2023-03-27,customer1277@example.com,0
CUST100794,Female,21, Seoul ,VIP,14,203700.0,1167900.0,4.5,2026-05-18,Y,Fashion,2023-06-25,customer794@example.com,1
CUST100564,Female,32,Gwangju,Silver,13,109800.0,602300.0,4.4,2026-06-06,Y,Fashion,2024-04-27,customer564@example.com,1
CUST101447,Male,40,Gwangju,Gold,5,115300.0,217600.0,3.1,2026.05.04,N,Food,2022-05-23,customer1447@example.com,0
CUST101384,Male,20,Seoul,Basic,8,58500.0,55100.0,3.5,2026-05-19,Y,Fashion,2024-12-12,customer1384@example.com,0
CUST101191,Female,43,Gyeonggi,Basic,8,53800.0,222500.0,4.5,2026-06-26,N,Beauty,2024-05-19,customer1191@example.com,0
CUST101040,,58,Busan,Basic,11,88500.0,172800.0,3.8,2026-04-30,N,Sports,2021-06-01,customer1040@example.com,0
CUST100119,Male,38,Seoul,VIP,8,,714100.0,4.0,2026-03-26,N,Electronics,2021-05-18,customer119@example.com,1
CUST101307,Male,31,Gwangju,Basic,14,149400.0,684800.0,4.3,2026-03-22,N,Sports,2022-07-26,customer1307@example.com,0
CUST100632,Female,25,Gyeonggi,Silver,7,67600.0,142600.0,3.5,2026-05-10,Y,Fashion,2022-05-22,customer632@example.com,1
CUST101296,Male,49,Gwangju,Basic,9,49900.0,98800.0,2.8,2026-03-11,N,Food,2021-10-02,customer1296@example.com,0
CUST101352,Female,48,Seoul,Silver,13,83700.0,367900.0,3.5,2026-03-22,N,Home,2024-12-16,customer1352@example.com,0
CUST100994,Female,48,Seoul,VIP,4,191200.0,204800.0,,2026-05-02,Y,Home,2020-09-17,customer994@example.com,0
CUST100351,Female,,Gyeonggi,Gold,11,125900.0,553800.0,,2026-05-20,N,Fashion,2021-07-02,customer351@example.com,0
CUST100845,Female,57,Daejeon,Gold,8,165200.0,304100.0,,2026-05-19,Y,Fashion,2022-08-23,customer845@example.com,0
CUST101279,Male,35,Incheon,Basic,12,99200.0,286800.0,4.7,2026-05-31,Yes,Fashion,2025-06-16,customer1279@example.com,1
CUST101434,Male,21,Daegu,Gold,5,207800.0,204100.0,5.0,2026-04-04,N,Electronics,2023-01-30,customer1434@example.com,1
CUST100177,Male,26,Gyeonggi,Silver,8,61700.0,53600.0,3.9,2026-04-06,Y,Fashion,2023-04-28,customer177@example.com,0
CUST100533,Male,25,Seoul,Basic,6,10600.0,20700.0,4.3,2026-05-25,Y,Home,2024-11-06,customer533@example.com,1
CUST100756,Female,30,Gyeonggi,Silver,13,98100.0,279700.0,3.0,2026-02-21,Y,Food,2024-05-21,customer756@example.com,0
CUST100603,Male,65,Daejeon,Gold,4,72100.0,144400.0,3.7,2026-04-16,Y,Sports,2021-11-11,customer603@example.com,0
CUST100681,Male,43,Gyeonggi,Gold,5,114600.0,295000.0,3.8,2026-03-28,Y,Beauty,2020-07-30,customer681@example.com,0
CUST100944,Female,45,Daejeon, Basic ,9,159300.0,521200.0,4.4,2026-04-02,N,Electronics,2022-08-10,customer944@example.com,1
CUST101208,Male,59,Daegu,VIP,10,191100.0,489100.0,3.2,2026-04-13,N,Beauty,2024-10-30,customer1208@example.com,1
CUST101012,Male,30,Seoul,Basic,4,54200.0,49800.0,3.9,2026-02-09,Y,Electronics,2021-03-03,customer1012@example.com,0
CUST100959,Male,27,Daejeon,Silver,10,117500.0,520700.0,2.7,2026-05-31,N,Electronics,2021-03-23,customer959@example.com,1
CUST100393,Female,38,Seoul,Gold,10,164400.0,341000.0,,2026-04-24,N,Electronics,2025-09-27,customer393@example.com,1
CUST101355,Female,29,Daejeon, Basic ,4,112200.0,99700.0,5.0,2026-03-12,N,Beauty,2021-10-23,customer1355@example.com,0
CUST101101,Male,42,Busan,Silver,13,142700.0,491000.0,4.0,,Y,Sports,2020-11-07,customer1101@example.com,1
CUST101473,Female,40,Incheon,Silver,14,161300.0,845900.0,4.7,2026-03-10,N,Electronics,2023-08-23,customer1473@example.com,1
CUST100700,Male,41,Gwangju,Silver,7,113300.0,336800.0,2.8,2026-03-27,N,Electronics,2023-10-27,customer700@example.com,0
CUST101225,Female,41,Seoul,Basic,8,71300.0,326700.0,2.5,2026-04-05,N,Beauty,2022-01-20,customer1225@example.com,0
CUST100211,Male,30,Daegu,VIP,9,252800.0,1421600.0,,, n ,Electronics,2021-07-19,customer211@example.com,1
CUST100831,Male,39,Daegu,VIP,8,170300.0,161700.0,3.5,,N,Food,2025-12-18,customer831@example.com,0
CUST101211,female,47,Seoul,SILVER,6,102500.0,206800.0,3.6,2026-04-22,Y,Food,2022-01-03,customer1211@example.com,1
CUST100163,Male,46,Incheon,Basic,12,143400.0,631300.0,3.0,2026-04-25,N,Electronics,2022-07-08,customer163@example.com,0
CUST100929,Female,34,,Silver,7,118700.0,347400.0,4.2,2026-05-22,Y,Sports,2022-02-26,customer929@example.com,1
CUST100132,Male,35,Seoul,Basic,6,78000.0,159200.0,4.5,2026-02-11,Y,Food,2021-12-12,customer132@example.com,1
CUST100974,Female,39,Gyeonggi,Silver,5,160200.0,139900.0,4.3,2026-06-17,N,Electronics,2023-07-01,customer974@example.com,0
CUST100636,female,42,Gyeonggi,VIP,9,209300.0,395100.0,2.7,2026-02-16,No,Food,2025-05-27,customer636@example.com,1
CUST101077,Male,38,Gwangju,Silver,6,120000.0,367600.0,3.7,2026-05-27,N,Beauty,2020-07-25,customer1077@example.com,0
CUST100397, MALE ,24,Gwangju,Gold,7,198000.0,168500.0,4.9,2026-06-11,Y,Food,2021-03-28,customer397@example.com,1
CUST101122,F,66,Seoul,Gold,12,160100.0,542000.0,4.3,2026-06-14,N,Beauty,2023-07-31,customer1122@example.com,1
CUST100782,Female,38,Gyeonggi,VIP,13,148100.0,748600.0,4.6,2026-05-31,N,Sports,2023-08-03,customer782@example.com,0
CUST101032,Female,21,Seoul,Gold,6,119300.0,272900.0,4.0,2026-06-18,Y,Beauty,2020-07-13,customer1032@example.com,1
CUST100582,Male,46,Gyeonggi,Basic,12,100800.0,574000.0,4.3,2026-05-10,Y,Fashion,2021-10-10,customer582@example.com,1
CUST101294,Male,36,Daegu,Silver,6,74800.0,167900.0,5.0,2026-05-23,N,,2023-02-02,customer1294@example.com,0
CUST100305,Female,29,Seoul,Basic,5,40900.0,70600.0,4.9,2026-06-02,N,Home,2024-02-07,customer305@example.com,0
CUST100988,Female,47,Busan,Basic,13,5000.0,25100.0,3.2,2026-04-15,N,Sports,2020-11-16,customer988@example.com,0
CUST100107,Male,51,Seoul,Silver,12,96100.0,344300.0,3.9,2026-05-29,Y,Sports,2022-09-14,customer107@example.com,0
CUST100502,Male,28,Daejeon,Silver,9,140500.0,765700.0,3.2,2026-06-04,Y,Food,2020-11-19,customer502@example.com,0
CUST100873,Male,43,Seoul,Silver,12,57800.0,230700.0,3.0,2026-03-27,Y,Home,2024-10-19,customer873@example.com,0
CUST100857,Male,18,Seoul,Silver,7,170000.0,583000.0,3.6,2026-04-12,Y,Electronics,2024-12-28,customer857@example.com,1
CUST101340,Male,,Daejeon,VIP,4,175500.0,399700.0,4.7,2026-06-19,N,Fashion,2020-08-19,customer1340@example.com,0
CUST100910,Male,25,Seoul,Basic,7,96100.0,424900.0,3.6,2026-02-16,Y,Food,2020-12-20,customer910@example.com,0
CUST100458,Male,31,Gyeonggi,VIP,9,145300.0,649100.0,3.8,2025-12-10,N,Food,2021-05-09,customer458@example.com,1
CUST100087,Male,40,Gyeonggi,Basic,7,74800.0,155500.0,2.4,2026-05-22,N,Home,2023-08-25,customer87@example.com,0
CUST100713,Male,42,Seoul, Gold ,10,89200.0,408400.0,3.0,2026-03-28,N,Fashion,2023-12-10,customer713@example.com,0
CUST101170,Male,58,Gyeonggi,Silver,7,71600.0,194800.0,4.6,2025-08-15,N,Food,2021-07-30,customer1170@example.com,0
CUST101413,Female,60,Seoul,Gold,6,,239700.0,2.6,2026-06-01,N,Food,2021-08-13,customer1413@example.com,0
CUST101169,Male,47,Seoul,basic,12,195200.0,1067400.0,3.3,2026-01-20,N,Electronics,2022-09-11,customer1169@example.com,0
CUST101159,Female,34,Incheon,Silver,12,95600.0,635900.0,3.6,2026-02-04,Y,Food,2020-11-27,customer1159@example.com,0
CUST100513,Female,40,Gyeonggi,Silver,9,72500.0,294400.0,2.6,2026-02-14,N,Food,2023-04-27,customer513@example.com,0
CUST100955,Female,32,Gyeonggi,Gold,7,131600.0,242400.0,4.8,2026-04-06,N,Food,2025-04-09,customer955@example.com,0
CUST101224,Female,38,Incheon,VIP,5,200200.0,361700.0,5.0,2026-05-20,N,Beauty,2025-01-13,customer1224@example.com,1
CUST100026,Female,28,Daegu,Basic,16,110200.0,427400.0,2.7,2026-03-05,N,Sports,2024-08-26,customer26@example.com,0
CUST100657,Male,46,Incheon,Gold,10,212900.0,945200.0,3.6,2026-05-11,No,Fashion,2024-11-11,customer657@example.com,1
CUST101028,Female,36,Gyeonggi,VIP,9,231500.0,515000.0,2.5,2026-05-12,N,Sports,2025-02-07,customer1028@example.com,0
CUST100345,Female,60,Gyeonggi,Gold,9,147400.0,633400.0,3.6,2026-02-18,Y,Fashion,2020-09-15,customer345@example.com,0
CUST100909,Female,36,Gyeonggi,silver,10,126600.0,667900.0,4.2,2026-04-02,Y,Fashion,2025-12-22,customer909@example.com,1
CUST100009,Female,33,Gyeonggi,Silver,9,73200.0,395900.0,2.1,2026-01-06,No,Fashion,2021-05-21,customer9@example.com,0
CUST101063,Female,37,Gyeonggi,Basic,5,95600.0,249800.0,3.6,2026-02-16,Y,Home,2022-03-01,customer1063@example.com,0
CUST101177,M,29,Gyeonggi,VIP,7,258700.0,1171100.0,5.0,2026-04-11,N,Electronics,2022-03-06,customer1177@example.com,1
CUST100933,Female,47,Gyeonggi,Basic,8,151200.0,464000.0,2.1,2026-01-17,N,Electronics,2024-06-22,customer933@example.com,0
CUST100185,Other,43,Daejeon,Gold,17,191600.0,801900.0,2.4,2026-04-15,N,Electronics,2020-09-18,customer185@example.com,1
CUST100840,Female,61,Daejeon,Basic,11,65700.0,402500.0,2.6,2026-04-29,N,Fashion,2020-11-28,customer840@example.com,1
CUST100220,Female,33,Daegu,Silver,6,81200.0,170900.0,3.3,2026-03-06,N,Fashion,2025-03-14,customer220@example.com,0
CUST100765,male,38,Seoul,Silver,7,142900.0,467000.0,2.5,2026-05-31,Y,Electronics,2025-08-03,customer765@example.com,1
CUST100817,Male,40,Daejeon,Silver,8,134500.0,123700.0,4.1,2026-04-24,N,Food,2021-12-24,customer817@example.com,0
CUST100839,Female,27세,Seoul,Silver,7,203000.0,601700.0,2.4,2026-04-13,N,Electronics,2024-06-10,customer839@example.com,0
CUST100678,Female,36,Seoul,Gold,9,139600.0,523800.0,4.3,2026-04-22,Yes,Sports,2025-10-15,customer678@example.com,1
CUST101199,,31,Gyeonggi,Basic,10,41500.0,194200.0,5.0,2026-05-23,Y,Fashion,2022-06-21,customer1199@example.com,0
CUST100131,Female,59,Gyeonggi,Basic,9,230700.0,693900.0,3.1,2026-05-21,N,Electronics,2020-11-05,customer131@example.com,1
CUST100668,Female,29,Incheon,Gold,6,192100.0,189500.0,3.6,2026-04-26,Y,Electronics,2021-12-25,customer668@example.com,1
CUST100519,Female,60,Seoul,Silver,7,143600.0,279600.0,4.0,2026-05-14,Y,Home,2022-10-08,customer519@example.com,1
CUST100692,Female,21,Incheon,Basic,9,177300.0,538000.0,3.9,2026-04-03,Y,Electronics,2022-12-22,customer692@example.com,0
CUST101441,Male,37,Daegu,Silver,10,168500.0,739400.0,3.2,2026-05-02,N,Beauty,2023-09-16,customer1441@example.com,1
CUST100476,Male,56,Gwangju,Basic,15,98400.0,386200.0,4.0,2026-03-27,Y,Home,2025-02-16,customer476@example.com,1
CUST100340,Male,43,Daejeon,Basic,9,131800.0,229000.0,2.7,2026-04-14,Y,Electronics,2025-05-13,customer340@example.com,0
CUST100649,Female,36,Incheon,Silver,10,142600.0,773500.0,2.9,2026-06-18,N,Beauty,2023-07-21,customer649@example.com,1
CUST100085,Male,18,Seoul,VIP,11,259100.0,714000.0,2.1,2026-05-27,N,Electronics,2021-11-10,customer85@example.com,1
CUST100041,Female,51,Seoul,Basic,5,15700.0,17700.0,4.1,2026-05-01,Y,Food,2022-11-19,customer41@example.com,1
CUST101173, MALE ,37,Busan,Basic,7,91900.0,403100.0,2.0,2026-01-18,Y,Fashion,2020-11-05,customer1173@example.com,0
CUST100524,Male,32,Daejeon,Basic,8,114000.0,302600.0,3.6,2026-04-03,N,Electronics,2020-10-11,customer524@example.com,0
CUST101383,Female,42,Incheon,Silver,6,198700.0,170400.0,4.1,2026-04-01,Y,Electronics,2022-02-08,customer1383@example.com,0
CUST100302,Female,55세,Gwangju,Silver,11,131000.0,572500.0,3.9,2026.06.15,N,,2022-07-23,customer302@example.com,0
CUST101381,Female,38,Busan,Silver,7,144600.0,518900.0,3.4,2026-03-18,N,Fashion,2021-01-13,customer1381@example.com,1
CUST100356,Female,48,Seoul,Silver,11,101900.0,488000.0,2.9,2026-05-04,N,Beauty,2025-04-06,customer356@example.com,0
CUST101181,Other,50,Gwangju,Basic,9,100600.0,286600.0,3.6,2026-04-10,N,,2023-02-09,customer1181@example.com,1
CUST100560,Male,42,Seoul,Basic,8,215800.0,899700.0,2.9,2026-05-30,Y,Beauty,2023-01-10,customer560@example.com,0
CUST100786,Male,21,Gwangju,Silver,10,82000.0,153300.0,3.0,2026-06-11,N,Fashion,2022-01-26,customer786@example.com,1
CUST100609,Female,45,Seoul,Basic,9,39800.0,88200.0,4.5,2026-06-01,N,FASHION,2022-08-25,customer609@example.com,1
CUST100097,Male,46,Daejeon,Silver,10,79100.0,247600.0,3.9,2026-02-27,N,Fashion,2022-11-06,customer97@example.com,0
CUST101315,Male,61,Gwangju,basic,11,86400.0,420000.0,4.5,2026-05-01,Y,Fashion,2024-05-15,customer1315@example.com,0
CUST100173,Male,44,Gyeonggi,Basic,9,89900.0,409000.0,3.7,2026-04-28,Y,Fashion,2021-06-26,customer173@example.com,0
CUST100799,Male,31,Daejeon,Silver,6,124300.0,422600.0,4.7,2026-06-05,N,Beauty,2023-01-28,customer799@example.com,0
CUST101402,Male,38,Daejeon,Gold,6,128400.0,136200.0,2.9,2026-05-01,Y,Beauty,2022-03-20,customer1402@example.com,0
CUST101129,Female,27,Seoul,Basic, 10 ,49100.0,171300.0,3.0,2026-04-16,N,Fashion,2025-12-22,customer1129@example.com,0
CUST100296,Female,48,Gyeonggi,Silver,5,89100.0,84300.0,3.8,2026-06-14,N,Fashion,2021-07-14,customer296@example.com,0
CUST100212,Female,34,Daejeon,Basic,14,,757800.0,1.9,2026-02-21,Y,Electronics,2022-08-01,customer212@example.com,1
CUST100011,Male,35,Gwangju,basic,7,105600.0,219200.0,3.8,2026-05-17,N,Electronics,2022-03-06,customer11@example.com,0
CUST101332,Other,50,Gyeonggi,SILVER,9,105900.0,362300.0,3.9,2026-03-25, y ,Sports,2023-12-04,customer1332@example.com,0
CUST100682,Female,18,Seoul,Silver,15,99900.0,537300.0,3.1,2026-04-05,N,Fashion,2023-10-13,customer682@example.com,0
CUST100990,Male,30,Seoul,Silver,11,182600.0,561700.0,4.3,2026-02-27,Y,Electronics,2025-08-30,customer990@example.com,1
CUST100921,Male,46,Daejeon,Basic,7,101800.0,298800.0,5.0,2026-05-21,N,Home,2022-10-14,customer921@example.com,1
CUST100335,Female,44,Gyeonggi,Gold,10,234200.0,811500.0,4.6,2025-11-09, y ,Electronics,2021-07-09,customer335@example.com,1
CUST101464,Female,24,Incheon,Silver,10,134200.0,744700.0,3.5,2026-04-14,N,Fashion,2025-02-21,customer1464@example.com,1
CUST100623,Male,57,Gyeonggi,Gold,3,86300.0,81800.0,4.0,2026-04-15,Y,Fashion,2024-07-20,customer623@example.com,1
CUST101327,Other,31,Daejeon,Silver,9,120300.0,358000.0,2.4,2026-05-16,Y,Beauty,2025-08-19,customer1327@example.com,1
CUST101424,,35,Gyeonggi,Gold,7,179700.0,509700.0,4.0,2026-05-11,Y,Sports,2024-10-29,customer1424@example.com,1
CUST100491,Male,40,Seoul,Silver,8,55500.0,186000.0,3.2,2026-05-24,N,Food,2021-10-15,customer491@example.com,0
CUST100568,Female,31,Daegu,Silver,11,269600.0,734700.0,2.7,2026-03-05,Yes,Electronics,2023-11-15,customer568@example.com,0
CUST101082,Female,41,Daejeon,Basic,11,140700.0,415700.0,3.7,2026-04-06,Y,Fashion,2021-07-24,customer1082@example.com,1
CUST100964,Female,44,Gwangju,Basic,13,147600.0,720100.0,2.2,2026-06-26,N,Electronics,2021-06-11,customer964@example.com,1
CUST100470,Female,49,Seoul,Basic,8,94900.0,275000.0,2.9,2026-05-22,N,Electronics,2021-01-12,customer470@example.com,0
CUST101084,Female,43세,Gyeonggi,Gold,8,85700.0,246100.0,3.2,2026-04-18,N,Fashion,2021-06-26,customer1084@example.com,1
CUST100293,Male,44,Gyeonggi,Basic, 10 ,201600.0,387200.0,4.5,2026-06-24,N,Electronics,2025-05-06,customer293@example.com,0
CUST101334,Male,32,Busan,Basic,9,,142300.0,3.7,2026/04/03,Y,Beauty,2024-01-16,customer1334@example.com,1
CUST100074,Male,54,Seoul,Basic,8,112300.0,220000.0,4.1,2026-05-28,Y,Home,2021-02-13,customer74@example.com,1
CUST100784, FEMALE ,37,Seoul,Basic,13,132500.0,583000.0,3.7,2026-05-05,N,Food,2020-07-11,customer784@example.com,1
CUST100005,Male,35,Gyeonggi,Gold,9,,697200.0,3.8,2026-05-15,Y,Electronics,2020-10-26,customer5@example.com,1
CUST101446,Female,41,Daegu,Gold,10,131800.0,363600.0,4.5,2026.03.09,N,Sports,2022-12-07,customer1446@example.com,1
CUST100144,Male,50,Seoul,Basic,7,67300.0,123400.0,3.5,2026-06-16,N,Fashion,2020-07-16,customer144@example.com,1
CUST100105,Male,51,Seoul,Basic,9,150300.0,469800.0,1.4,2026-03-15,Y,Fashion,2020-09-07,customer105@example.com,1
CUST101489,Male,35, Seoul ,Silver,10,94500.0,522200.0,4.0,2026-06-12,Y,Fashion,2025-09-29,customer1489@example.com,1
CUST100170,Other,,Incheon,Silver,12,48700.0,388300.0,2.7,2026-03-16,N,Fashion,2023-05-02,customer170@example.com,0
CUST101055,Female,50,Daegu,Basic,9,85300.0,252800.0,3.5,2026-03-23,Y,Fashion,2025-04-12,customer1055@example.com,1
CUST100604,Female,35,Daegu,Silver,8,159500.0,713700.0,2.4,2026-05-18,N,Beauty,2021-03-08,customer604@example.com,0
CUST100230,Male,31,Incheon,Basic,9,110700.0,506600.0,3.1,2026-06-27,Y,Beauty,2021-06-10,customer230@example.com,1
CUST101062,Male,36,Seoul,Silver,5,168700.0,347400.0,3.0,2026-05-27,Y,Electronics,2024-02-14,customer1062@example.com,0
CUST101331,male,33,Daegu,Gold,7,195100.0,614500.0,2.4,2026-04-02,Y,Fashion,2025-07-02,customer1331@example.com,0
CUST100066,Male,22,Gwangju,Gold,7,,391700.0,4.4,2026-05-17,Y,Fashion,2020-08-18,customer66@example.com,1
CUST101134,Female,28,Gwangju,Gold,4,99200.0,103000.0,3.9,2026-03-17,Y,Food,2025-04-06,customer1134@example.com,0
CUST100295,Male,37,Gyeonggi,Basic,4,33300.0,67900.0,3.6,2026-03-08,Y,Home,2022-05-15,customer295@example.com,1
CUST101312,Female,26,Seoul,Basic,12,129500.0,595500.0,3.3,2026-06-10,N,Food,2023-07-08,customer1312@example.com,0
CUST101031, FEMALE ,47,Seoul,Silver,8,143900.0,145500.0,4.8,2026-05-15,Yes,Electronics,2024-08-12,customer1031@example.com,1
CUST100743,Female,30,Gyeonggi,SILVER,9,80700.0,340500.0,2.8,2026-03-17,Y,Fashion,2021-10-15,customer743@example.com,0
CUST101303,Female,46,Seoul,Basic,10,53700.0,117700.0,2.6,2026-05-24,N,Home,2020-06-29,customer1303@example.com,0
CUST100451,Female,42,Seoul,Basic,10,119800.0,406300.0,3.7,2026-05-17,Y,Electronics,2020-07-23,customer451@example.com,1
CUST100942,Female,43,Daejeon,Basic,7,62500.0,229400.0,4.6,2026-05-18,N,Sports,2024-04-25,customer942@example.com,1
CUST100579,Male,49,,Basic,6,107000.0,100300.0,4.0,2026-04-29,N,Electronics,2022-05-27,customer579@example.com,0
CUST100038,Female,44,Seoul,Silver,10,210300.0,611300.0,5.0,,N,electronics,2023-08-28,customer38@example.com,1
CUST100773,Female,25,Seoul,Basic,8,109200.0,189800.0,3.4,2026-03-19,N,FASHION,2022-12-05,customer773@example.com,0
CUST100716,Male,37,Seoul,Gold,9,185600.0,350400.0,3.6,2026-02-14,Yes,Home,2024-08-11,customer716@example.com,1
CUST101463,Male,18,Daejeon,Basic,8,59800.0,197800.0,2.5,2026-05-13,Y,Fashion,2024-09-24,customer1463@example.com,0
CUST100398,Male,44,Gyeonggi,Gold,8,192900.0,416300.0,4.2,2026-04-26, y ,Beauty,2025-06-11,customer398@example.com,1
CUST100478,Female,40,Seoul,Basic,10,121900.0,215200.0,3.7,2026-05-24,N,Beauty,2024-01-08,customer478@example.com,0
CUST101255,Female,-,Gyeonggi,Basic,3,63700.0,67100.0,3.9,2026-05-06,Y,Home,2021-09-25,customer1255@example.com,0
CUST100095,Male,48,Busan,Silver, 8 ,64700.0,214200.0,5.0,2026-03-05,Y,Sports,2025-07-27,customer95@example.com,0
CUST100634,Other,41,Incheon,VIP,2,136000.0,137400.0,5.0,2026-03-27,Y,Home,2021-08-19,customer634@example.com,1
CUST100407,Female,48,Seoul,Gold,80,143500.0,373200.0,4.0,2025-10-16,N,Electronics,2024-01-10,customer407@example.com,0
CUST101249,Female,43,Gwangju,Silver,7,123400.0,499900.0,4.5,2025/10/20,N,Electronics,2024-10-25,customer1249@example.com,0
CUST101455,Other,38,Seoul,Silver,7,102500.0,93900.0,4.4,2026-05-09,N,Beauty,2022-03-30,customer1455@example.com,1
CUST101371,Male,18,Seoul,Gold,12,194200.0,541800.0,3.1,2026-05-04,Y,Sports,2025-06-06,customer1371@example.com,1
CUST101417,Female,32,Gyeonggi,Gold,11,191600.0,400000.0,3.6,2026-04-26,N,Electronics,2025-03-03,customer1417@example.com,1
CUST101051,Female,32,Busan,Basic,7,98000.0,186200.0,3.5,2026-05-08,N,Electronics,2022-08-28,customer1051@example.com,0
CUST101005,Female,52,Seoul,Silver,7,72300.0,149000.0,3.1,2026-05-13,N,Fashion,2022-05-07,customer1005@example.com,0
CUST100298,Other,57,Gyeonggi,Silver,5,153200.0,308100.0,3.3,2026-05-11,N, Electronics ,2023-04-11,customer298@example.com,0
CUST100139,Female,50,Gwangju,Basic,9,47100.0,216000.0,4.6,2026-03-07,N,Sports,2025-10-02,customer139@example.com,1
CUST101076,Male,34,Seoul,Gold,6,148900.0,256900.0,2.7,2026-04-21,Y,Fashion,2025-01-12,customer1076@example.com,0
CUST101003,Male,51,Gwangju,Basic,12,100900.0,411100.0,3.7,2026-04-28,N,Home,31-12-2023,customer1003@example.com,0
CUST100861,Male,38,Gyeonggi,Basic,12,127900.0,839100.0,4.8,2026-02-25, n ,Beauty,2024-05-23,customer861@example.com,0
CUST101465,F,38,Daejeon,Gold,11,240700.0,637400.0,3.7,2026-05-18,Y,Electronics,2022-12-03,customer1465@example.com,1
CUST101482,Male,18,Gwangju,Gold,9,150900.0,308900.0,3.6,2026-02-13,Y,Fashion,2023-07-04,customer1482@example.com,1
CUST100181,Female,29,Gyeonggi,VIP,9,168200.0,192100.0,2.9,2026-04-30,Y,Home,2022-05-08,customer181@example.com,1
CUST100075,Male,28,Incheon,Basic,11,213000.0,1297700.0,3.5,2026-06-17,N,Electronics,19-08-2025,customer75@example.com,1
CUST100969,Male,52,Seoul,Basic,7,50700.0,109500.0,3.4,2026-04-30,N,Beauty,2022-07-07,customer969@example.com,1
CUST100545,Female,50,Gyeonggi,Gold,12,94300.0,324800.0,,2026-04-23,N,Fashion,2024-01-03,customer545@example.com,1
CUST101236,Male,29,Gyeonggi,Basic,7,85600.0,97400.0,3.8,2026-05-02,N,Beauty,2023-06-19,customer1236@example.com,1
CUST100787,Female,40,Gyeonggi,Basic,15,134100.0,635400.0,3.1,2026-05-31,N,Sports,2024-12-25,customer787@example.com,0
CUST100736,Male,48,Daejeon,VIP,8,200700.0,443800.0,3.0,2026-01-18,Y,Food,2022-05-19,customer736@example.com,0
CUST101183,Male,29,Seoul,Basic,11,78000.0,259800.0,3.8,2026-04-29,Y,Home,2023-06-01,customer1183@example.com,1
CUST100704,Male,42,Seoul,VIP,9,217000.0,911500.0,4.5,2026-05-09,N,Beauty,2024-08-21,customer704@example.com,1
CUST101180,Female,48,,Silver,11,169300.0,633500.0,4.5,2026-03-20,N,Home,2022-02-15,customer1180@example.com,1
CUST100118,Female,58,Seoul,VIP,8,135300.0,134900.0,3.0,2026-01-19,Y,Fashion,2023-12-09,customer118@example.com,1
CUST101058,Male,36,Gyeonggi,Basic,8,126000.0,288300.0,4.8,2026-04-30,N,Home,2021-10-11,customer1058@example.com,1
CUST101305,Male,40,Seoul,Gold,5,123100.0,260100.0,4.8,2026-04-16,Y,fashion,18-07-2025,customer1305@example.com,0
CUST100578,,50,Busan,Basic,10,65600.0,267600.0,4.1,2026-05-03,Y,Beauty,2024-02-28,customer578@example.com,0
CUST100317,Female,58,Seoul,Gold,13,116200.0,233500.0,3.2,2026-04-23,N,Food,2022-05-14,customer317@example.com,0
CUST100616,Male,112,Seoul,VIP, 8 ,174500.0,561700.0,3.5,2026-05-06,N,Home,2025-04-01,customer616@example.com,1
CUST100035,Male,27,Seoul,Silver,11,232200.0,593000.0,3.7,2026-04-16,N,Electronics,2024-07-05,customer35@example.com,1
CUST101024,Female,47,Incheon,Basic,11,184700.0,673900.0,3.1,2026-05-25,N,Electronics,2022-10-23,customer1024@example.com,1
CUST101228,Male,33,Gyeonggi,Gold,12,132700.0,346800.0,3.3,2026-06-01,Y,Sports,2023-12-27,customer1228@example.com,1
CUST100366,Female,55,Daejeon,VIP,15,252100.0,1396900.0,2.9,2026-04-01,N,Beauty,2021-03-23,customer366@example.com,1
CUST100121,Female,40,Seoul,Basic,9,163200.0,344000.0,,2026-05-20,N,Electronics,2021-07-08,customer121@example.com,0
CUST100052,Female,41,Seoul,Silver,10,,253800.0,3.9,2026-01-22,Y,Beauty,2021-09-07,customer52@example.com,0
CUST101243,Male,46,Gyeonggi,Basic,13,5000.0,28200.0,3.7,2026-06-01,N,,2024-01-30,customer1243@example.com,0
CUST100288,Female,42,Busan,Gold,11,144400.0,454100.0,3.9,,Y,Food,2020-12-28,customer288@example.com,1
CUST101248,male,48,Gyeonggi,Silver,8,46100.0,163100.0,2.8,2026-04-06,Y,Fashion,2023-08-19,customer1248@example.com,0
CUST100606,Female,29,Gwangju,Basic,13,51100.0,113000.0,2.9,2026-06-08,N,Sports,2021-06-12,customer606@example.com,0
CUST100779,Female,37,Daejeon,Basic,15,75800.0,331800.0,3.5,2026-06-26,Y,Beauty,2021-01-29,customer779@example.com,1
CUST101442,Male,41,Seoul,Gold,7,189200.0,360100.0,4.6,2026-05-11,Y,Sports,2021-06-04,customer1442@example.com,1
CUST100648,M,34,Daegu,Basic,9,87100.0,170600.0,2.8,2026-04-20,N,Electronics,2025-10-28,customer648@example.com,1
CUST100523,Female,18,Gyeonggi,Basic,7,125900.0,423900.0,4.4,2026-04-01,N,Beauty,2024-09-18,customer523@example.com,0
CUST101406,Female,44,Gyeonggi,Basic,9,60500.0,125800.0,4.4,2026-05-27,N,Fashion,2025-02-24,customer1406@example.com,0
CUST100370,Female,23,Busan,Basic,6,151500.0,403300.0,3.8,2026-05-14,N,Electronics,2022-01-21,customer370@example.com,1
CUST100610,Female,,Gyeonggi,Basic,8,141100.0,575000.0,3.8,2026-05-11,N,Electronics,2025-12-10,customer610@example.com,1
CUST100973,Male,46,Gyeonggi,Gold,4,,159300.0,2.6,2026-04-17,N,Beauty,2022-08-27,customer973@example.com,0
CUST101266,Female,30,Gwangju,Silver,13,106100.0,330400.0,,2026-06-10,N,Food,2021-05-12,customer1266@example.com,0
CUST101390,Female,22,Busan,Silver,11,135500.0,481500.0,3.3,2026-05-15,Y,,2024-03-04,customer1390@example.com,0
CUST100761,Male,,Daegu,Basic,5,171300.0,328900.0,3.9,2026-03-08,N,Electronics,2022-10-24,customer761@example.com,1
CUST101090,Male,47,Seoul,Basic,14,211500.0,1200800.0,2.3,2026-03-02,Y,Electronics,2024-06-20,customer1090@example.com,1
CUST101291,Male,46,Gyeonggi,Gold,10,200100.0,551700.0,4.8,2026-03-20,Y,Electronics,2023-09-27,customer1291@example.com,0
CUST100730,Female,63,Incheon,SILVER,10,137600.0,499700.0,3.7,2026-01-27,N,Fashion,2021-12-28,customer730@example.com,0
CUST101286,Female,18,Gwangju,Basic,11,99200.0,281400.0,3.5,2026-05-03,Y,Beauty,2025-06-12,customer1286@example.com,0
CUST100462,Female,,,Basic,7,124800.0,255400.0,1.5,2026-04-26,N,Food,2025-11-28,customer462@example.com,0
CUST100983,Other,49,Seoul,Silver,9,181800.0,534600.0,3.9,2026-04-01,N,Electronics,2024-12-09,customer983@example.com,1
CUST101299,Male,54,Gyeonggi,Basic,11,48000.0,326100.0,3.6,2026-03-04,Y,Food,2024-04-15,customer1299@example.com,1
CUST100014,Male,50,Daegu,Silver,12,162300.0,21000000,4.1,2026-03-06,Y,Electronics,2025-12-21,customer14@example.com,1
CUST101085,Male,,Gwangju,Basic,5,110400.0,222500.0,3.2,2026-06-20,N,Food,2024-04-05,customer1085@example.com,0
CUST100867,Female,46,Incheon, Basic ,11,77000.0,270600.0,4.0,2026-04-24,Y,Beauty,2025-05-25,customer867@example.com,0
CUST101462,Female,49,Daegu,VIP,11,233100.0,1200000.0,3.7,2026-05-28,No,Fashion,2021-10-20,customer1462@example.com,1
CUST100297,Female,55,Daejeon,Silver,16,"142,500",931000.0,3.3,2026-03-17,Y,Food,2024-02-09,customer297@example.com,0
CUST100740,Male,29,Daegu,VIP,4,146000.0,288800.0,4.9,2026-05-23,N,Sports,2023-10-05,customer740@example.com,1
CUST101297,F,39,Gyeonggi,Basic,11,152100.0,346100.0,4.0,2026-02-18,No,Electronics,2024-04-14,customer1297@example.com,0
CUST100401,Female,49,Incheon,Silver,10,41000.0,178000.0,2.8,2026-05-14,Y,Food,2021-03-14,customer401@example.com,0
CUST100166,Male,26,Incheon,VIP,11,162300.0,810800.0,3.8,2026-06-03,N,Food,2020-07-18,customer166@example.com,1
CUST100618,Female,29,Daejeon,Gold,12,185600.0,820900.0,3.0,2026-05-06,Y,Fashion,2023-04-08,customer618@example.com,1
CUST101174,Female,25,Gyeonggi,Basic,12,100700.0,344600.0,4.4,2026-04-03,N,Home,2023-04-14,customer1174@example.com,0
CUST100136,Female,40,Seoul,Gold,9,115800.0,320700.0,3.6,2026-01-06,N,Food,2021-09-26,customer136@example.com,0
CUST100376,female,47,Gyeonggi,Basic,12,82300.0,515200.0,3.2,2026-06-03,N,Beauty,2023-10-31,customer376@example.com,0
CUST101338,Male,38,Gyeonggi,Silver,10,127400.0,336700.0,2.7,2026-05-24,N,Home,2024-03-20,customer1338@example.com,1
CUST101429,Female,34,Gyeonggi,Gold,8,158900.0,289300.0,2.8,2026-05-26,N,Beauty,2022-10-30,customer1429@example.com,0
CUST100744,Male,37,Seoul,Basic,8,111900.0,222900.0,4.3,2026-05-11,N,Fashion,2025-08-17,customer744@example.com,1
CUST100263,Female,41,Gyeonggi,Basic,8,105600.0,108900.0,2.8,2026-01-02,Y,Sports,2023-03-17,customer263@example.com,0
CUST100755,Female,42,Seoul,Silver,10,161300.0,368500.0,3.4,2026-05-10,N,Home,2025-03-05,customer755@example.com,0
CUST100822,Male,42,Seoul,Silver,13,239300.0,446200.0,4.6,2026-03-31,N,Food,2021-10-03,customer822@example.com,1
CUST100427,Female,70,Daegu,Basic,7,20500.0,58100.0,4.0,2026-05-20,Y,Fashion,2024-09-08,customer427@example.com,1
CUST101314,Male,35,Seoul,Silver,14,67900.0,415600.0,4.7,2026-05-13,N,Fashion,2024-10-19,customer1314@example.com,1
CUST100923,Female,30, Seoul ,VIP,12,212300.0,698700.0,3.9,2026-05-14,Y,Sports,2020-08-18,customer923@example.com,1
CUST100130,Female,42,Incheon,Basic, 15 ,126700.0,421700.0,4.2,2026-05-10,N,Sports,2023-09-20,customer130@example.com,1
CUST101221,female,31,Incheon,Basic,10,79200.0,245200.0,3.2,2026-05-17,Y,Home,2025-05-18,customer1221@example.com,1
CUST100093,Male,47,Gyeonggi,VIP,7,177000.0,469500.0,4.5,2026-03-24,N,Sports,2020-12-15,customer93@example.com,1
CUST100663,Female,36,Daejeon,VIP,10,257100.0,1117600.0,3.5,2026-05-07,Y,Food,2023-06-18,customer663@example.com,1
CUST100935,Other,55,Daejeon,Basic,9,72300.0,314400.0,3.8,2026-04-15,N,Home,2024-06-21,customer935@example.com,1
CUST101155, MALE ,19,Daejeon,Gold,6,126900.0,221100.0,3.7,2026-06-24,N,Food,2023-05-07,customer1155@example.com,1
CUST101363,Female,47,Seoul,Basic,6,,99100.0,5.0,2025-07-21,Y,Food,2021-11-06,customer1363@example.com,0
CUST100603,Male,65,Daejeon,Gold,4,72100.0,144400.0,3.7,2026-04-16,Y,Sports,2021-11-11,customer603@example.com,0
CUST101253,Female,47,Gyeonggi,Basic,8,15900.0,57600.0,4.9,2026-05-16,N,Home,2024-01-21,customer1253@example.com,0
CUST100303,Male,41,Seoul,Basic,11,56800.0,224500.0,4.2,2026-04-03,Y,Fashion,2025-07-24,customer303@example.com,1
CUST100277,Female,18,Gwangju,Gold,9,154000.0,275500.0,3.3,2026-01-15,Y,Sports,2021-05-30,customer277@example.com,1
CUST100348,Female,49,Gyeonggi,Silver,2,55100.0,57500.0,3.2,2026-05-08,Y,Home,2020-08-26,customer348@example.com,0
CUST100013,Female,45,Incheon, Gold ,7,139200.0,130600.0,4.3,2026-05-19,N,Beauty,2022-04-18,customer13@example.com,0
CUST101362,Female,41,Daegu,Silver,10,104600.0,477900.0,4.4,2026-05-10,Y,Home,2023-02-23,customer1362@example.com,1
CUST100199,Female,53,Gyeonggi,Basic,9,87400.0,190800.0,3.8,2026-06-22,Y,Home,2021-11-26,customer199@example.com,0
CUST101335,Male,36,Daegu,Gold,9,92200.0,199100.0,4.2,2026-06-16,Y,Fashion,2025-01-18,customer1335@example.com,1
CUST101376,Female,23,Daejeon,VIP,6,250400.0,284500.0,3.2,2026-03-30,N,Fashion,2024-10-12,customer1376@example.com,1
CUST100733,Female,48,Gyeonggi,Basic,10,34800.0,158000.0,3.7,2026-02-24,N,Fashion,2024-07-03,customer733@example.com,0
CUST100687,Female,31,Busan,Basic,7,41100.0,119000.0,4.3,2026-05-17,N,Fashion,2021-12-08,customer687@example.com,0
CUST100267,Female,,Busan,Basic,13,145200.0,479200.0,3.7,2026-02-24,Y,Beauty,2025-07-05,customer267@example.com,0
CUST100396,Female,57,Gyeonggi,Silver,10,83800.0,384300.0,4.9,2026-05-27, n ,Food,2024-03-06,customer396@example.com,1
CUST100572,Male,56,Daejeon,Basic,12,127900.0,838100.0,3.7,,Y,Fashion,2025-06-16,customer572@example.com,0
CUST100871,Female,24,Gwangju,Basic,10,66700.0,124800.0,2.4,2026-05-08,Y,Sports,2021-04-17,customer871@example.com,0
CUST100242,Female,44,Gwangju,Basic,9,49600.0,87800.0,3.2,2026-06-09,N,Home,2022-01-03,customer242@example.com,0
CUST100856,Male,31,seoul,Basic,5,42400.0,36100.0,3.8,2026-02-06,N,Home,2024-06-05,customer856@example.com,0
CUST100645,Female,45,Seoul,Silver,10,139200.0,425900.0,3.0,2026-04-21,N,Home,2023-04-10,customer645@example.com,1
CUST100818,Male,39,Gyeonggi,Silver,7,166500.0,430100.0,2.4,2026-04-04,Y,Electronics,2020-09-08,customer818@example.com,1
CUST101308,Male,33,Incheon,Basic,9,5000.0,17200.0,4.0,2026-05-31,N,Sports,2022-05-29,customer1308@example.com,0
CUST100217, MALE ,36,Seoul,Silver,14,199000.0,1261800.0,3.2,2026-06-28,Y,Fashion,2024-05-05,customer217@example.com,1
CUST100940,Female,33,Daejeon,Basic,10,81700.0,234800.0,3.0,2026-04-07,N,Fashion,2020-12-02,customer940@example.com,0
CUST100778,Male,37,Incheon,,10,64800.0,248800.0,2.7,2026-04-15,N,Fashion,2024-11-17,customer778@example.com,0
CUST100020,Male,53,Daegu,Silver,7,219100.0,383600.0,3.9,2026-03-27,N,Electronics,2022-12-04,customer20@example.com,0
CUST101103,Male,19,Incheon,Silver,13,124400.0,221300.0,4.7,2026-05-07,N,Beauty,2021-09-26,customer1103@example.com,1
CUST100399,M,56,Gyeonggi,Basic,8,52500.0,227900.0,4.6,2026-01-17,N,Home,2021-10-12,customer399@example.com,1
CUST100726,Female,53,Incheon,Basic,11,124700.0,359900.0,4.3,2026-04-11,Y,Beauty,2021-12-13,customer726@example.com,1
CUST101201,Other,33,Busan,Silver,11,,716200.0,2.6,2026-06-21,N,Home,2021-09-10,customer1201@example.com,0
CUST100328,Male,39,Daegu,Silver,11,49300.0,258300.0,3.2,2026-04-18,Y,Fashion,2024-03-15,customer328@example.com,0
CUST101457,Female,35,,Silver,9,125400.0,261700.0,3.0,2026-03-25,N,Beauty,2021-01-20,customer1457@example.com,0
CUST100395,Male,39, Seoul ,Silver,10,138900.0,245800.0,5.0,2026-03-09,Y,,2025-06-02,customer395@example.com,0
CUST101013,Male,26,Gwangju,Basic,11,204700.0,886800.0,3.4,2026-06-08,Y,Electronics,2022-03-29,customer1013@example.com,0
CUST100872,Female,38,Busan,Basic,8,105600.0,439100.0,4.7,2026-03-13,Y,Electronics,2020-10-07,customer872@example.com,0
CUST101411,Male,46,Daegu,VIP,6,192100.0,205800.0,3.1,2026-04-18,Y,Fashion,2025-03-20,customer1411@example.com,1
CUST100244,Male,32,Gyeonggi,Gold,12,209100.0,631900.0,3.7,2026-04-03,Y,Home,2024-11-09,customer244@example.com,1
CUST101110,Female,40,Gyeonggi,SILVER,11,130800.0,424800.0,2.4,2026-03-04,Y,Fashion,2022-02-25,customer1110@example.com,0
CUST100531,Female,32,Seoul,Silver,6,94100.0,179200.0,3.3,2026-04-05,Y,Fashion,2023-02-26,customer531@example.com,0
CUST100308,Female,52,Busan,basic,8,123600.0,251100.0,2.0,2026-04-25,Y,Electronics,2023-05-18,customer308@example.com,0
CUST101026,Male,35,Incheon,Gold,12,213200.0,911600.0,4.7,2026-06-23,N,Food,2025-09-10,customer1026@example.com,1
CUST101235,Female,36,Incheon,Silver,7,161200.0,555400.0,3.8,2026-04-03,N,Electronics,2025-09-23,customer1235@example.com,1
CUST100750,Male,28,Daejeon,Basic,4,109000.0,109000.0,3.6,2026-06-25,N,Home,2024-01-25,customer750@example.com,1
CUST101036,Male,59,Seoul,Gold,7,150300.0,446900.0,3.9,2025-11-16,Y,Fashion,2020-11-18,customer1036@example.com,0
CUST100070,Female,34,Seoul,Silver,11,166900.0,347300.0,3.4,,N,,2023-06-10,customer70@example.com,0
CUST101380,Female,30,Gwangju,Basic,16,123800.0,542400.0,4.2,2026-06-27,N,Fashion,2022-02-15,customer1380@example.com,1
CUST100498,Male,29,Gyeonggi,,9,128300.0,273900.0,4.2,2026-03-24,N,Fashion,2024-03-16,customer498@example.com,0
CUST100608,Male,54,Seoul,Basic,8,88300.0,319900.0,3.1,2026-06-08,N,Food,2021-05-02,customer608@example.com,1
CUST101092,Female,35,Seoul,Silver,5,108500.0,233000.0,3.5,2026-04-26,N,Home,2025-04-11,customer1092@example.com,1
CUST100400,Female,35,Seoul,Gold,6,53100.0,51500.0,4.6,2026-03-12,N,Fashion,2023-03-25,customer400@example.com,1
CUST100360,Male,38,Seoul,Basic,12,152800.0,330100.0,3.4,2026-03-10,Y,Sports,2023-05-09,customer360@example.com,0
CUST100793,Female,36,Daegu,Gold,8,167000.0,434200.0,3.7,2026/03/22,N,Food,2023-10-14,customer793@example.com,1
CUST100350,Male,52,Gwangju,Silver,10,152100.0,752000.0,2.6,2026-04-26,N,Beauty,2021-02-12,customer350@example.com,0
CUST101268,Male,40,Seoul,Basic,9,44900.0,128200.0,4.3,2026-02-08,N,Fashion,2020-09-08,customer1268@example.com,0
CUST101222,Male,,Busan,Silver,12,209500.0,389600.0,,2026-04-25,Y, Electronics ,2024-07-26,customer1222@example.com,0
CUST101449,Female,52,Gyeonggi,Silver,16,200500.0,1504800.0,4.9,,N,Electronics,2024-12-11,customer1449@example.com,1
CUST100503,Male,18,Seoul,Basic,5,58600.0,179600.0,4.7,2026-05-15,Y,Home,2024-08-11,customer503@example.com,1
CUST100433,Female,36,seoul,Basic,12,"154,600",800200.0,4.2,2026-06-11,N,Beauty,2023-07-21,customer433@example.com,0
CUST101175,Female,25,Seoul,Gold,6,153300.0,347100.0,3.3,2026-05-23,N,Food,2024-11-14,customer1175@example.com,1
CUST101461,Male,53,Daegu,Basic,6,65000.0,221600.0,4.5,2026-06-03,N,Home,2024-01-23,customer1461@example.com,0
CUST101374,Male,35,Daejeon,Basic,7,90300.0,250300.0,3.9,2026-04-14,N,Food,2023-04-22,customer1374@example.com,1
CUST101326,male,34,Seoul,Silver,4,48900.0,100600.0,5.0,2026-04-05,N,Fashion,2022-03-18,customer1326@example.com,1
CUST101356,Male,38,Gyeonggi,Basic,3,55100.0,49400.0,4.1,2026-06-12,Y,Fashion,2020-12-02,customer1356@example.com,1
CUST101083,M,38,Daejeon,Gold,3,98700.0,107200.0,3.4,2026-05-25,Y,Food,2021-06-20,customer1083@example.com,0
CUST100941,Male,22,Busan,Silver,8,95500.0,181900.0,2.8,2026-04-08,Y,Home,2021-05-12,customer941@example.com,0
CUST101318,Male,47,Seoul,Basic,18,226600.0,784700.0,4.9,2026-05-26, n ,Electronics,2021-05-12,customer1318@example.com,1
CUST101320,Female,,Gyeonggi,Gold,6,145200.0,456800.0,3.0,2026-03-10,N,Fashion,2021-03-19,customer1320@example.com,0
CUST100449,Female,60,Gyeonggi,VIP,11,174000.0,338600.0,3.5,2026-03-22,Y,Fashion,2025-12-27,customer449@example.com,1
CUST100814,Male,29,,Basic,8,106000.0,370200.0,2.7,2026-06-06,N,Home,2024-07-27,customer814@example.com,0
CUST101420,female,33,Gyeonggi,Silver,6,166700.0,315500.0,2.8,2026-05-22,N,Beauty,2023-05-10,customer1420@example.com,0
CUST100428,Female,58,Daegu,Silver,11,152400.0,683200.0,3.5,2026-02-03,Y,Electronics,2023-11-06,customer428@example.com,1
CUST100192,Male,25,Incheon,Silver,6,128200.0,267800.0,2.1,2026-05-07,N,Food,2023-04-09,customer192@example.com,0
CUST101472,Female,29,Seoul,Basic,9,164900.0,565300.0,2.8,2026-04-16,N,Electronics,2024-06-06,customer1472@example.com,1
CUST100534,Female,18,Seoul,Silver,9,34800.0,114200.0,4.4,2026-05-19,N,Home,2025-09-11,customer534@example.com,1
CUST100415,Female,43,Seoul,Gold,11,129600.0,628400.0,2.9,2026-03-29,N,Beauty,2024-09-15,customer415@example.com,0
CUST101500,Male,31,Seoul,Gold,11,146800.0,845600.0,4.0,2026-05-11,Y,Fashion,2025-04-30,customer1500@example.com,1
CUST100931,Female,18,Daejeon,Basic,11,110000.0,479300.0,4.1,2026-05-29,Y,Beauty,2023-06-30,customer931@example.com,1
CUST101068,Other,31,seoul,Silver,8,120800.0,136000.0,4.2,2026-04-26,No,Food,2020-10-17,customer1068@example.com,0
CUST100947,Male,46,Seoul,Basic,11,90500.0,392000.0,1.8,2026-04-07,N,Beauty,2023-04-27,customer947@example.com,0
CUST100059,Male,38,Gwangju,Silver,8,168700.0,629300.0,3.2,2026-01-22,N,Beauty,2022-02-10,customer59@example.com,0
CUST100992,Female,39,Seoul,Gold,5,154800.0,514100.0,4.3,,N,Home,2024-04-05,customer992@example.com,1
CUST101105,Female,47,Daegu,Silver,6,191300.0,195500.0,3.1,2026-04-06,N,Fashion,2025-01-01,customer1105@example.com,0
CUST100231,Female,57,Incheon,Basic,13,85200.0,442700.0,4.0,2026-05-04,Y,Sports,2021-06-07,customer231@example.com,1
CUST101269,Female,39,Busan,Basic,9,110500.0,337400.0,4.6,2026-01-22,N,Fashion,2021-05-31,customer1269@example.com,0
CUST101470,Female,52,Seoul,Basic,11,75100.0,503600.0,4.1,2026-06-09,Y,Sports,2021-04-20,customer1470@example.com,0
CUST100240,Male,48,Daejeon,Basic,12,154300.0,329000.0,3.7,,Y,Beauty,2021-05-22,customer240@example.com,0
CUST100479,Male,53,Seoul, Basic ,10,76200.0,323500.0,5.0,2026-03-27,Y,Beauty,2025-09-18,customer479@example.com,1
CUST100858,Male,21,Seoul,Basic,3,99600.0,107400.0,3.3,2026-03-18,Y,Beauty,2024-11-04,customer858@example.com,0
CUST100748,Male,46,Busan,Basic,10,87900.0,171400.0,3.8,2026-03-06,Y,Food,2025-01-02,customer748@example.com,1
CUST100373,Male,,Daejeon,Basic,5,67900.0,137600.0,3.0,2026-06-18, y ,Food,2022-10-15,customer373@example.com,0
CUST100654,Female,55,Daejeon,Basic,8,50600.0,147700.0,3.5,2026-06-18,N,Food,2022-07-16,customer654@example.com,0
CUST100006,Female,41, GYEONGGI ,Basic,11,55600.0,118600.0,2.7,2026-04-09,N,Food,2023-08-19,customer6@example.com,0
CUST101154,Female,19,Gwangju,Gold,5,112000.0,225500.0,3.0,2026-05-18,Y,Fashion,2023-05-24,customer1154@example.com,1
CUST100409,Male,42,Busan,VIP,15,227000.0,1298500.0,2.3,2026-05-15,N,Food,2022-01-04,customer409@example.com,1
CUST101479,Female,36,Daejeon,Silver,15,139400.0,623600.0,2.8,2026-04-17,N,Food,2024-01-08,customer1479@example.com,0
CUST100997,Female,37,Daegu,Basic,9,147900.0,502200.0,3.9,2026-05-24,Y,Electronics,2022-01-05,customer997@example.com,1
CUST101273,Other,31,Busan,Gold,7,110800.0,297800.0,4.2,2026-06-10,N,Food,2023-10-10,customer1273@example.com,1
CUST101034,Male,39,Daejeon,VIP,5,199100.0,195900.0,2.2,2026-06-06,Y,Electronics,2025-04-05,customer1034@example.com,1
CUST100688,Male,33,Daejeon,Silver,10,190700.0,691100.0,3.2,2026-04-16,Y,Electronics,2023-11-09,customer688@example.com,1
CUST100369,Female,28,Gyeonggi,VIP,8,211500.0,431500.0,4.8,2026-06-18,N,Home,2023-07-19,customer369@example.com,1
CUST100813,Female,26,Busan,Silver,16,91600.0,267000.0,4.6,2026-05-27,Y,Sports,2021-11-23,customer813@example.com,0
CUST100952,Other,18,Seoul,Basic,8,83100.0,322700.0,2.6,2026-04-02,Y,Sports,2025-05-19,customer952@example.com,1
CUST101369,Male,47,Seoul,Basic,10,144500.0,264200.0,3.3,2026-05-26,Y,Electronics,2025-09-08,customer1369@example.com,0
CUST100751,Male,25,Gyeonggi,Basic,12,,310300.0,3.6,2026-01-05,N,,27-12-2020,customer751@example.com,1
CUST100960,Male,41,Seoul,VIP,10,233800.0,970200.0,3.3,2026-02-19,N,Fashion,2020-11-12,customer960@example.com,1
CUST100241,Female,45,Gwangju,Basic,6,43500.0,124700.0,3.8,2026-04-26,N,Fashion,2023-10-23,customer241@example.com,0
CUST100805,Male,60,Gwangju,Gold,9,218800.0,427600.0,3.1,2026-06-22,N,Electronics,2025-01-03,customer805@example.com,0
CUST100709,Other,27,Daegu,Gold,11,139700.0,638100.0,4.7,2026-04-20,N,Fashion,2022-03-01,customer709@example.com,1
CUST101109,Female,53,Daejeon,Basic,11,62200.0,332800.0,2.0,2026-03-20,N,Home,2022-01-10,customer1109@example.com,0
CUST100835,Female,37,Seoul,Basic,13,62200.0,362000.0,3.9,2026-06-20,N,Fashion,2020-07-31,customer835@example.com,1
CUST100111,Other,30,Seoul,Gold,6,156000.0,527400.0,3.3,2026-02-19,N,Fashion,2023-02-15,customer111@example.com,0
CUST100329,Female,47,Seoul,VIP,7,199900.0,812900.0,2.7,2026-06-02,N,Sports,2025-05-06,customer329@example.com,1
CUST101361,Male,41,Busan,Silver,8,66000.0,265800.0,,2026-03-08,N,Fashion,2024-04-10,customer1361@example.com,1
CUST100420,Female,44,Gwangju,Basic,9,119000.0,452100.0,4.4,2026-05-30,N,,2025-06-03,customer420@example.com,1
CUST100859,Female,18,,Gold,7,173200.0,302100.0,4.9,2026-04-24,Y,Home,2022-05-12,customer859@example.com,0
CUST100521,F,29,gyeonggi,Basic,110,119600.0,323400.0,4.5,2026-03-10,N,Beauty,2025-06-09,customer521@example.com,1
CUST101239,Male,42,Gyeonggi,Basic,8,100400.0,373700.0,3.3,2026-04-14,Y,Food,2023-12-06,customer1239@example.com,0
CUST100176,Male,31,Daejeon,Silver,5,64400.0,72500.0,4.1,,N,Food,2023-08-08,customer176@example.com,1
CUST101102,Male,34,Gyeonggi, Gold ,6,148700.0,509500.0,4.7,2026-03-13,Y,Beauty,2020-08-12,customer1102@example.com,1
CUST101346,Female,,Busan,Silver,6,169400.0,187200.0,3.6,2026-05-16,Y,Electronics,2024-11-08,customer1346@example.com,0
CUST100124, FEMALE ,38,gyeonggi,Basic,8,149400.0,456100.0,2.9,2026-05-08, y ,Electronics,2020-12-27,customer124@example.com,0
CUST100436,Male,53,Seoul,Basic,15,70800.0,519700.0,4.8,2026-04-07,N,Beauty,2020-09-01,customer436@example.com,1
CUST101194,Other,46,Daejeon,Basic,7,45800.0,154200.0,3.3,2026-06-02,N,Fashion,2022-12-29,customer1194@example.com,0
CUST100215,Male,26,Seoul,Gold,6,131600.0,132700.0,3.9,2026-04-21,Y,Fashion,2021-12-27,customer215@example.com,1
CUST100094,Female,47,Gwangju,Basic,7,7900.0,7200.0,5.0,2026-03-27,N,Fashion,2023-07-31,customer94@example.com,0
CUST100160,Female,26,,Gold,9,94000.0,90600.0,3.3,2026-06-05,N,Fashion,2020-08-12,customer160@example.com,0
CUST101419,Male,54,Daegu,Gold,5,140200.0,357800.0,4.1,2026-06-11,Y,Sports,2021-10-29,customer1419@example.com,1
CUST100508,Female,35,Incheon,Gold,11,110700.0,578300.0,3.3,2025-10-17,N,Food,2024-07-01,customer508@example.com,1
CUST100963,Male,50,Incheon,Basic,8,81000.0,274200.0,2.5,2026.06.05,N,Food,2022-12-21,customer963@example.com,0
CUST100878,Male,54,Daegu,VIP,8,216200.0,849000.0,4.6,2026-05-26,Y,Home,2024-04-14,customer878@example.com,1
CUST100238,Male,50,Gyeonggi,Silver,10,92600.0,248700.0,4.4,2026-04-04,No,Food,2021-03-26,customer238@example.com,1
CUST101475,Male,57,Gyeonggi,Silver,11,172000.0,715600.0,4.2,2026-05-18,Y,Electronics,2021-09-01,customer1475@example.com,1
CUST100864,Male,40,Busan,Basic,8,"127,500",582300.0,4.6,2026-06-10,N,Fashion,2023-08-08,customer864@example.com,1
CUST101033,Female,32,Gyeonggi,Basic,8,46800.0,98100.0,3.6,2026-01-15,Y,Beauty,2024-06-06,customer1033@example.com,0
CUST100676,male,40세,gyeonggi,Basic,4,16400.0,14400.0,2.5,2026-04-13,Y,Home,2024-05-12,customer676@example.com,0
CUST101375,Male,42,Gwangju,Gold,6,113000.0,111700.0,4.6,2026-01-17,N,Home,2024-03-27,customer1375@example.com,0
CUST101420,female,33,Gyeonggi,Silver,6,166700.0,315500.0,2.8,2026-05-22,N,Beauty,2023-05-10,customer1420@example.com,0
CUST101137,M,60,Seoul,VIP,4,162600.0,358000.0,3.1,2026-04-22,N,Home,2021-05-08,customer1137@example.com,1
CUST100932,Female,61,Gwangju,Silver,10,201500.0,641700.0,2.6,2026-06-23,N,Sports,2023-10-18,customer932@example.com,0
CUST100916, FEMALE ,43,Seoul,,9,84400.0,304300.0,3.8,2026-06-03,N,fashion,2022-08-24,customer916@example.com,1
CUST100544,Male,48,Busan,Basic,11,91900.0,250300.0,3.0,2026-04-14,N,FASHION,2024-01-11,customer544@example.com,0
CUST100125,Female,52,Seoul,Silver,13,124500.0,554700.0,3.5,2026-04-20,N,Fashion,2021-11-10,customer125@example.com,0
CUST101126,Male,37,Busan,Basic,15,85700.0,480000.0,3.9,2026-05-07,N,Fashion,2023-01-04,customer1126@example.com,1
CUST100987,Female,60,Daejeon,Basic,9,"158,300",276100.0,5.0,,N,Electronics,2022-03-15,customer987@example.com,1
CUST100511,Female,33,seoul,Gold,7,194400.0,616200.0,4.5,2026-03-16,N,Electronics,2023-04-29,customer511@example.com,0
CUST101398,Female,58,Gwangju,Gold,10,,758000.0,4.3,2026-04-11,N,Beauty,2025-10-26,customer1398@example.com,1
CUST101401,Male,19,Gyeonggi,SILVER,6,116900.0,252000.0,3.4,2026-05-31,Y,Home,2022-12-02,customer1401@example.com,0
CUST101075,Female,27,Incheon,Silver,8,179100.0,305500.0,3.8,2026-03-30,N,Food,2024-06-01,customer1075@example.com,1
CUST100025,Male,,Busan, Basic ,7,112200.0,97600.0,3.6,2026-01-24,Y,Sports,2025-06-13,customer25@example.com,1
CUST101412,Male,52,Daejeon,Basic,5,188000.0,210300.0,3.9,2026-05-24,Y,Electronics,2024-12-28,customer1412@example.com,1
CUST101485,Male,48,Gwangju,Basic,6,123200.0,128500.0,4.8,2026-06-16,N,Electronics,2024-06-21,customer1485@example.com,0
CUST100542,Male,43,Seoul,Basic,12,217400.0,417600.0,3.3,2026-03-15,N,Electronics,2022-01-13,customer542@example.com,1
CUST100324,Female,41,Incheon,Basic,8,40500.0,43500.0,3.7,2026-05-13, n ,Home,2020-10-29,customer324@example.com,0
CUST100182,Male,31,Busan,Silver,12,113200.0,331700.0,2.6,2026-04-11,N,Fashion,2023-08-11,customer182@example.com,0
CUST100488,Female,45,Seoul,VIP,10,263900.0,1501400.0,3.0,2026-03-20,N,Fashion,2025-10-10,customer488@example.com,1
CUST100990,Male,30,Seoul,Silver,11,182600.0,561700.0,4.3,2026-02-27,Y,Electronics,2025-08-30,customer990@example.com,1
CUST100892,Male,30,Gwangju,Basic,8,57700.0,196800.0,2.6,2026-04-14,N,Fashion,2022-09-10,customer892@example.com,1
CUST101069,Male,40,Gyeonggi,Gold,8,"96,600",84600.0,5.0,2026-05-23,N,Food,2021-03-15,customer1069@example.com,1
CUST100866,Female,54,Gyeonggi,Silver,9,144500.0,259400.0,3.1,2026-03-16,N,Electronics,2020-08-29,customer866@example.com,0
CUST101395,Female,36,Gyeonggi,Basic,8,37800.0,36100.0,3.2,2026-06-16,N,Sports,2023-04-25,customer1395@example.com,0
CUST100388,Male,18,Seoul,VIP,11,205300.0,842100.0,3.5,2025-12-15,N,Sports,2021-07-11,customer388@example.com,1
CUST100764,Female,29,Gyeonggi,Basic,5,48000.0,87800.0,4.5,2026-05-24,Y,Beauty,2025-06-17,customer764@example.com,0
CUST100475,Female,33,Seoul,Basic,10,104700.0,426900.0,4.2,2026-04-16,Y,Home,2023-08-11,customer475@example.com,1
CUST100485,M,29,Incheon,,7,133600.0,256800.0,2.9,2026-01-11,N,Home,2022-12-25,customer485@example.com,0
CUST100644,Female,40,Seoul,Silver,11,64900.0,296100.0,4.9,2026-06-08,Y,Fashion,2025-04-30,customer644@example.com,1
CUST100464,Male,36,Seoul,Basic,10,112300.0,427200.0,4.0,2026-05-11,Y,Sports,2025-03-08,customer464@example.com,0
CUST100437,Female,38,Busan,Basic,15,105700.0,796900.0,2.3,2026-01-16,Y,Beauty,2025-11-29,customer437@example.com,0
CUST100759,Male,31,Daegu,Basic,5,79100.0,254400.0,3.0,2026-02-07,N,Food,2020-12-18,customer759@example.com,1
CUST100406,Female,39,Daejeon,Basic,9,117100.0,401900.0,3.2,2026-05-20,Y,Food,2024-03-15,customer406@example.com,1
CUST100627,Male,39,Daegu,Gold,15,147700.0,1056100.0,4.8,2025-12-08,Y,Fashion,2024-09-22,customer627@example.com,1
CUST100274,Female,25,Gwangju,Gold,12,133400.0,694000.0,2.6,2026-04-01,Y,Home,2025-12-19,customer274@example.com,1
CUST100364,Female,32,Seoul,VIP,6,131000.0,408100.0,3.9,2026-05-01,N,Food,2022-06-22,customer364@example.com,1
CUST100046,Male,26,Gwangju,Silver,10,150400.0,460200.0,4.7,2026-05-07,Y,Fashion,2022-07-14,customer46@example.com,1
CUST100345,Female,60,Gyeonggi,Gold,9,147400.0,633400.0,3.6,2026-02-18,Y,Fashion,2020-09-15,customer345@example.com,0
CUST100624, FEMALE ,59,Incheon,Basic,10,84800.0,148800.0,5.0,2026-05-04,Y,Home,2021-07-04,customer624@example.com,0
CUST100875,Female,33,Gyeonggi,Silver,9,152900.0,739500.0,4.2,2026-04-03,Y,Home,2025-12-15,customer875@example.com,0
CUST100774,Female,31,Incheon,Basic,8,144100.0,588600.0,3.6,2026-04-18,Y,Sports,2024-04-19,customer774@example.com,0
CUST100666,Male,46,Seoul,Silver,11,143300.0,419900.0,4.2,2026-02-17,Y,Sports,2021-09-30,customer666@example.com,1
CUST101295,Male,44,Daegu,Basic,10,103800.0,233300.0,4.0,2026-06-07,N,Fashion,2022-11-13,customer1295@example.com,1
CUST101414,Male,34,Gyeonggi,Gold,9,104300.0,238200.0,2.6,2026-02-09,Y,Fashion,2023-11-22,customer1414@example.com,0
CUST100018,Female,24,Seoul,VIP,7,,650900.0,2.2,2026-06-04,N,,2025-01-13,customer18@example.com,1
CUST101439,Male,20,Seoul,Gold,10,97800.0,331000.0,3.1,2026-05-26,N,,22-04-2022,customer1439@example.com,0
CUST100581,Female,23,Gyeonggi,Basic,11,126200.0,695100.0,3.8,2026-02-22,Y,Food,2024-12-01,customer581@example.com,0
CUST101145,Male,36,Daegu,Basic,9,27100.0,75000.0,3.3,2026-04-19,N,Home,2020-09-18,customer1145@example.com,1
CUST100643,Other,34,Gyeonggi,Silver,8,67000.0,128900.0,,2026-06-02,N,Home,2022-10-17,customer643@example.com,1
CUST100354,Female,42,Gwangju,Basic,5,109100.0,187200.0,3.4,2026-06-09,Y,Electronics,2021-05-18,customer354@example.com,1
CUST101272,,51,Seoul,Basic,10,106700.0,182500.0,2.8,2026-05-28,Y,Fashion,2025-11-07,customer1272@example.com,1
CUST100788,Male,45,Daejeon,Gold,12,117000.0,388100.0,4.6,,N,Home,2024-05-17,customer788@example.com,0
CUST101046,Male,34,Incheon,Basic,10,57000.0,326900.0,3.1,2026-06-04,N,Food,2024-08-23,customer1046@example.com,1
CUST101004,Female,23,Incheon,Silver,7,91600.0,240200.0,4.8,2025.08.31,Y,Fashion,2024-01-08,customer1004@example.com,0
CUST101280,male,28,Gyeonggi,Gold, 10 ,148300.0,291200.0,3.4,2026-04-28,N,Home,2021-02-28,customer1280@example.com,1
CUST100980,Female,69,Seoul,Silver,8,146700.0,420800.0,2.3,2025-12-07,N,Sports,2025-01-30,customer980@example.com,0
CUST100824,Female,24,Busan,Basic,5,85100.0,163700.0,4.5,2026-03-24,Y,Food,2020-08-12,customer824@example.com,1
CUST100101,Male,23,Daegu,basic,4,75500.0,68100.0,2.9,2026-05-14,Y,Beauty,2024-12-24,customer101@example.com,0
CUST100224,Female,35,Incheon,Basic,8,,142800.0,3.5,2026-02-04,N,Food,2022-06-03,customer224@example.com,0
CUST100424,Female,26,Gwangju,silver,11,154700.0,959500.0,,2026-03-22,Y,Sports,2021-11-13,customer424@example.com,0
CUST100342,Female,35,Gyeonggi,Gold,9,146800.0,432400.0,3.7,2026-04-02,Y,fashion,2024-11-06,customer342@example.com,1
CUST101321,Female,25,Daejeon,Silver,8,125900.0,518500.0,2.3,2026-02-03,Y,Electronics,2023-04-30,customer1321@example.com,0
CUST100883,female,43,Gyeonggi,Basic,7,113600.0,360500.0,3.9,2026/01/15,Y,Sports,2022-02-13,customer883@example.com,0
CUST100378,Male,34,Incheon,Silver,5,68000.0,126200.0,3.6,2026-05-26,N,Food,2023-04-27,customer378@example.com,0
CUST100363,Female,36,gyeonggi,Silver,13,109400.0,553400.0,3.1,2026-05-09,N,Beauty,2022-04-23,customer363@example.com,0
CUST100976,Male,33,Busan,Basic,11,159300.0,908200.0,3.2,2026-02-12,N,Sports,05-11-2025,customer976@example.com,0
CUST100445,Male,32,Busan,Silver,10,134800.0,649900.0,3.5,2026-04-19,N,,2021-09-30,customer445@example.com,1
CUST100825,Female,37,Gyeonggi,Basic,12,49400.0,208800.0,3.5,2026-03-27,N,Beauty,14-06-2022,customer825@example.com,0
CUST101121,Male,28,Seoul,Silver,8,62400.0,223700.0,4.0,2026-03-17,Y,Beauty,2025-03-27,customer1121@example.com,0
CUST100383,Male,29,Seoul,Basic,6,51600.0,171900.0,4.1,2026-06-11,Y,Fashion,2025-10-21,customer383@example.com,0
CUST100414,Female,21,Daejeon,Basic,6,76200.0,71300.0,3.1,2026-05-05, y ,Sports,2026-01-02,customer414@example.com,0
CUST100359,Female,45,Gyeonggi,Silver,11,127300.0,230100.0,2.8,2026-05-28,N,Fashion,2021-05-23,customer359@example.com,1
CUST101086,Male,66세,Daegu,Basic,8,56400.0,158600.0,3.7,2026-05-06,N,Fashion,2023-12-24,customer1086@example.com,0
CUST100881,Female,57,Busan,Silver,16,115600.0,886300.0,2.8,2026-06-02,N,Food,2025-10-21,customer881@example.com,1
CUST101115,Male,44,Daegu,Basic,10,131900.0,722700.0,4.0,2026-06-28,Y,Beauty,2025-01-04,customer1115@example.com,1
CUST100037,Female,53, GYEONGGI ,Basic,10,153900.0,629800.0,4.4,2026-02-18,N,Electronics,2024-09-05,customer37@example.com,1
CUST100402,Female,34,Busan,Silver,13,144700.0,889800.0,3.2,2026-02-01, y ,Home,2024-05-10,customer402@example.com,1
CUST101300,Male,28,Gyeonggi,Gold,7,56000.0,176600.0,4.3,2026-01-04,N,Sports,2022-07-21,customer1300@example.com,0
CUST101037,Female,39,Seoul,Gold,10,194900.0,386900.0,4.5,2026-04-16,Y,Electronics,2025-01-31,customer1037@example.com,1
CUST100316,Male,25,Gwangju,SILVER,8,135600.0,549700.0,2.8,2026-01-16,N,Beauty,2021-05-25,customer316@example.com,0
CUST100525,Female,24,Gyeonggi,Gold,10,81800.0,336600.0,2.4,2026-06-23,N,Food,2020-10-29,customer525@example.com,1
CUST101176,Male,29,Daejeon,,9,137000.0,397200.0,3.6,2026-02-07,Y,beauty,2024-04-15,customer1176@example.com,0
CUST100083,Female,41,Seoul,Gold,15,206600.0,1845200.0,3.2,2026-06-06,Y,Electronics,2025-08-02,customer83@example.com,1
CUST100913,Male,20,Incheon,VIP,10,200300.0,921200.0,4.4,2026-02-21,Y,Fashion,2023-08-04,customer913@example.com,1
CUST101240,Female,34,Incheon,Basic,9,146400.0,741800.0,3.6,2026-06-01,Y,Electronics,2025-01-29,customer1240@example.com,1
CUST101302,Male,49,Gyeonggi,Gold,9,145000.0,622000.0,3.8,2026-05-28,N,Fashion,2025-02-24,customer1302@example.com,0
CUST100899,Male,47,Daegu,silver,11,117200.0,395400.0,4.8,2026-04-18,N,Fashion,2021-03-01,customer899@example.com,0
CUST100079,Male,130,Busan,Silver,7,102000.0,199900.0,3.1,2026-01-02,N,Fashion,2025-10-25,customer79@example.com,0
CUST100685,Male,53,Incheon,Basic,10,92100.0,407000.0,3.9,2026-03-06,Y,Fashion,2024-02-09,customer685@example.com,1
CUST101346,Female,,Busan,Silver,6,169400.0,187200.0,3.6,2026-05-16,Y,Electronics,2024-11-08,customer1346@example.com,0
CUST100458,Male,31,Gyeonggi,VIP,9,145300.0,649100.0,3.8,2025-12-10,N,Food,2021-05-09,customer458@example.com,1
CUST101317,Female,37,Busan,Basic,3,83200.0,85100.0,4.1,2026-04-23,N,Sports,2023-01-01,customer1317@example.com,0
CUST100143, FEMALE ,43,Gwangju,Gold,5,164300.0,298200.0,3.2,2026-05-18,Y,Sports,2022-12-13,customer143@example.com,1
CUST100863,Female,30,Gyeonggi,Silver,7,163200.0,713000.0,4.6,2026-01-21,N,Fashion,2021-05-02,customer863@example.com,0
CUST100711,M,36,busan,Basic,3,35700.0,34600.0,3.9,2026-05-01,Y,Fashion,2022-11-23,customer711@example.com,0
CUST100265,Male,31,Incheon,basic,11,29500.0,60900.0,,2026-04-01,Y,Home,2021-09-22,customer265@example.com,0
CUST100928,Female,47,Gyeonggi,Gold,11,157600.0,735500.0,4.2,2026-02-13, y ,Food,2024-04-05,customer928@example.com,0
CUST100448,Male,43,Seoul,Basic,5,117500.0,237600.0,3.9,2026-05-30,N,Electronics,2024-05-16,customer448@example.com,0
CUST100239,Male,30,Seoul,Basic,10,69500.0,315600.0,4.2,2026-05-23,Y,Food,2023-08-11,customer239@example.com,1
CUST101353,Male,47,Daegu,basic,13,149700.0,488400.0,4.2,2026-04-09,Y,Electronics,2020-10-16,customer1353@example.com,1
CUST100798,Male,35,Daejeon,Basic,12,138800.0,772100.0,2.7,2026-01-15,Y,Sports,2023-08-09,customer798@example.com,0
CUST101405,Female,45,Seoul,Silver,11,185400.0,519000.0,3.2,2026-05-25,Y,Electronics,2022-05-21,customer1405@example.com,1
CUST101018,Male,32,Daegu,Gold,9,152400.0,674000.0,5.0,2026-06-04,N,Fashion,2023-12-16,customer1018@example.com,1
CUST100918,Female,51,Gyeonggi,Basic,6,110300.0,193300.0,4.5,2026-04-01,Y,Electronics,2023-07-19,customer918@example.com,0
CUST100394,Female,37,Gyeonggi,Basic,11,183400.0,774600.0,4.1,2026-04-21,Y,Electronics,2023-09-26,customer394@example.com,1
CUST100967,Male,27,Daegu,Gold,8,166400.0,542600.0,2.9,2026-03-13,N,Fashion,2020-08-06,customer967@example.com,1
CUST101241,Male,37,Gyeonggi,Silver,12,152400.0,294800.0,3.7,2025-12-14,N,,2020-09-06,customer1241@example.com,0
CUST101158,Female,37,Gyeonggi,Silver,6,85000.0,247700.0,1.8,2026-04-26,Y,Food,2023-04-11,customer1158@example.com,0
CUST100344,Female,28,Gyeonggi,Gold,13,176400.0,889400.0,4.2,2026-04-06, n ,Beauty,2023-04-07,customer344@example.com,1
CUST101186,Female,18,Busan, Basic ,9,74800.0,336600.0,4.1,2026-05-31,Y,Food,2023-12-27,customer1186@example.com,1
CUST101456,Male,,Daejeon,Basic,9,51500.0,101400.0,,2026-05-29,N,Fashion,2024-12-01,customer1456@example.com,0
CUST100731,Female,32,Seoul, Basic ,15,119500.0,305400.0,3.0,2026-05-08,Y,Sports,2024-06-30,customer731@example.com,1
CUST101310,Female,40,Gyeonggi,Basic,9,89800.0,381300.0,3.9,2026-01-08,Y,Food,2025-03-30,customer1310@example.com,1
CUST100126,Female,22,Daegu,Silver,8,29400.0,55800.0,3.0,2026-06-10,N,Food,2021-10-22,customer126@example.com,0
CUST100250,Male,32,Seoul,Basic,8,5000.0,22200.0,3.6,2026-04-23,Y,Food,2021-03-21,customer250@example.com,0
CUST100722,Female,43,Gwangju,Gold,11,216300.0,934100.0,2.7,,N,electronics,2023-10-27,customer722@example.com,1
CUST100515,Female,35,busan,Gold,9,145100.0,738700.0,4.3,2026-04-06,Y,Food,2024-02-15,customer515@example.com,1
CUST100440,Male,45,Seoul,Basic,15,148500.0,893400.0,4.5,2026-04-29,N,Beauty,2023-09-24,customer440@example.com,1
CUST100843,Male,47,Busan,Basic,10,87100.0,158600.0,3.9,2026-04-17,Y,Sports,2020-12-14,customer843@example.com,0
CUST100665,Male,34,Daejeon,Basic,6,127200.0,425400.0,4.2,2026-03-25,N,Beauty,2024-09-02,customer665@example.com,0
CUST101312,Female,26,Seoul,Basic,12,129500.0,595500.0,3.3,2026-06-10,N,Food,2023-07-08,customer1312@example.com,0
CUST100975,Male,47, Seoul ,Gold,7,109300.0,95100.0,4.2,2026-04-30,N,Fashion,2021-02-20,customer975@example.com,0
CUST101415,Male,45,Seoul,Silver,7,43200.0,127900.0,3.3,2026-05-05,N,Fashion,2022-05-08,customer1415@example.com,0
CUST100159,Female,58,gyeonggi,,7,121000.0,515900.0,3.1,,Y,Sports,2021-01-08,customer159@example.com,1
CUST100362,Female,,Gyeonggi,Silver,10,108500.0,427900.0,4.5,2026-06-19,Y,Home,2024-11-27,customer362@example.com,1
CUST101474,Female,44,Seoul,Silver,13,142400.0,965500.0,3.0,2026-03-24,N,Electronics,2020-09-11,customer1474@example.com,1
CUST101244,Male,38,Gyeonggi,Basic,7,84400.0,187100.0,3.9,2026-02-22,Y,Food,2022-10-29,customer1244@example.com,0
CUST101418,Other,48,Seoul,Gold,11,112300.0,209800.0,3.0,2026-04-02,N,Home,2021-02-21,customer1418@example.com,0
CUST100045,Female,46,Daegu,Basic,14,109700.0,499900.0,2.5,2026-05-09,N,Home,2020-11-23,customer45@example.com,1
CUST100954,,46,Gyeonggi,Gold,4,101000.0,99700.0,3.2,2026-03-08,Y,Beauty,2022-01-12,customer954@example.com,1
CUST101078,Male,46,Daegu,Basic,11,140600.0,776800.0,3.1,2026-05-02,N,Fashion,2023-11-17,customer1078@example.com,1
CUST100314,Female,31,Seoul,Silver,9,143900.0,317600.0,2.9,2026-06-17,Y,Fashion,2023-11-01,customer314@example.com,0
CUST100834,Female,47,Seoul,Gold,9,88200.0,276400.0,,2026-04-27,N,Sports,2020-10-17,customer834@example.com,0
CUST100920,Female,55,Incheon,,9,84100.0,166000.0,3.7,2026-05-27,N,beauty,2020-12-11,customer920@example.com,0
CUST101030,Male,33,Daejeon,Basic,10,180000.0,546600.0,4.2,2026-02-11,N,Electronics,2021-06-21,customer1030@example.com,0
CUST101409,Other,48,Busan,Basic,9,129800.0,257400.0,4.0,2026-04-23,N,Electronics,2021-12-15,customer1409@example.com,1
CUST100745,Female,31,Seoul,Silver,11,175400.0,475300.0,3.1,2026-06-25,Y,Electronics,2023-02-08,customer745@example.com,1
CUST100033,Male,65,Gwangju,Gold,13,184300.0,577600.0,4.4,2026-06-22,N,Fashion,2022-09-01,customer33@example.com,1
CUST101001,Male,54,Daejeon,Basic,10,73000.0,156600.0,3.8,2026-05-31,Y,Food,2021-12-07,customer1001@example.com,0
CUST100995,Male,32,Daejeon,Basic,8,106800.0,318700.0,3.5,2026-02-05,N,Home,2023-04-06,customer995@example.com,0
CUST100330,Male,35,Gwangju,Basic,7,55400.0,148600.0,2.7,2026-05-13,N,Home,2024-10-10,customer330@example.com,0
CUST101187,Male,49,Gyeonggi,Gold,8,217900.0,607900.0,2.1,2026-05-15,Y, Electronics ,2023-07-19,customer1187@example.com,1
CUST101349,Female,26,Gwangju,Gold,9,123800.0,316400.0,4.7,2026-04-10,N,Beauty,2023-06-18,customer1349@example.com,0
CUST101487,Male,18,Seoul,Basic,11,176000.0,756100.0,3.3,2026-05-23,Y,electronics,2024-08-04,customer1487@example.com,1
CUST100110,Female,42,Daejeon,Silver,10,106100.0,345700.0,3.9,2026-06-14,Y,fashion,2023-11-05,customer110@example.com,0
CUST100151,Female,20,Seoul,Gold,9,214700.0,961700.0,4.6,2026-04-15,Y,Home,2024-03-23,customer151@example.com,1
CUST101232,Female,68,Seoul,Basic,10,129200.0,589700.0,,2026/06/14,Y,Fashion,2024-05-22,customer1232@example.com,1
CUST100968,Female,60,Gwangju,Basic,11,237800.0,1079100.0,3.5,2026-04-20,N,Electronics,2024-07-07,customer968@example.com,0
CUST100528,Male,57,Seoul,Silver,9,149500.0,384900.0,4.1,2026-05-31,N,Beauty,2021-05-24,customer528@example.com,0
CUST100669,Male,49,Incheon,Silver,7,118800.0,408100.0,3.6,2026-03-17,N,Beauty,2025-08-06,customer669@example.com,1
CUST100781,Male,49,Busan,Basic,9,221600.0,945600.0,4.2,2026-05-20,N,Electronics,2020-07-07,customer781@example.com,1
CUST101354,Male,57,Daejeon,gold,16,158300.0,424000.0,2.5,2026-04-01,N,Fashion,2024-12-20,customer1354@example.com,0
CUST100699,Male,23,Gwangju,Gold,9,80000.0,139700.0,2.7,2026-04-18,Y,Home,2025-12-31,customer699@example.com,0
CUST101150,Male,21, Seoul ,Basic,6,48200.0,106800.0,3.7,2026-05-21,Y,Food,2021-02-15,customer1150@example.com,0
CUST100049,Male,44,Daegu,Silver,12,,830300.0,2.3,2025-12-30,Y,Home,2021-04-10,customer49@example.com,0
CUST100971,Female,33,Seoul,Basic,10,167200.0,468700.0,4.2,2026-06-02,N,Electronics,2021-12-29,customer971@example.com,0
CUST100965, MALE ,42,Gyeonggi, Basic ,12,119100.0,691100.0,3.0,2026-03-02,N,Sports,2021-03-19,customer965@example.com,1
CUST101499,Male,38,Gwangju,Silver,6,86700.0,77500.0,4.4,2026-01-23, n ,Home,22-09-2021,customer1499@example.com,0
CUST100708,Female,25,Seoul,Basic,3,35800.0,33300.0,,2026-03-25,N,Home,2025-05-02,customer708@example.com,0
CUST100847,Female,42,Seoul,Gold,12,,537000.0,4.0,2026/06/10,Y,Home,2023-12-06,customer847@example.com,1
CUST100187,Male,?,Gyeonggi,Silver,11,155700.0,691800.0,2.6,2026-03-04,Y,Fashion,2021-03-20,customer187@example.com,1
CUST101099,Male,37,Seoul,Basic,10,128700.0,238900.0,4.1,2026-04-15,Y,Food,2021-12-19,customer1099@example.com,0
CUST100583,Male,48,Gyeonggi,Silver,12,100600.0,604400.0,3.8,2026-05-25,N,Fashion,2025-07-07,customer583@example.com,0
CUST100712,Male,27,Seoul,Basic,8,,16300.0,4.7,2026-05-21,Y,Food,2024-03-26,customer712@example.com,0
CUST101290,Female,54,Gyeonggi,Basic,7,74700.0,74200.0,4.4,2026-03-24,Y,Home,2021-01-17,customer1290@example.com,1
CUST100043,Female,27,Gyeonggi,Silver,7,132900.0,424400.0,2.3,2026-03-12,Yes,Electronics,2023-08-24,customer43@example.com,0
CUST101189,Female,49,Gwangju,Basic,11,65600.0,294700.0,1.8,2026-05-12,N,Fashion,2020-07-30,customer1189@example.com,1
CUST101339,Female,46,Gyeonggi,Basic,7,157000.0,590100.0,5.0,2026-05-05,N,Electronics,2021-10-11,customer1339@example.com,1
CUST101328,male,47,Gyeonggi,Basic,7,64000.0,134700.0,4.7,2026-06-22,N,Fashion,2023-06-04,customer1328@example.com,0
CUST101304,Male,39,Gyeonggi,Basic,12,111900.0,436100.0,4.6,2026-01-26,Y,Sports,2025-06-03,customer1304@example.com,1
CUST100652,M,45,Busan,VIP,10,148100.0,454300.0,4.9,2026-03-13,Y,Fashion,2023-01-27,customer652@example.com,1
CUST101444,Male,53,Gyeonggi,Basic,18,118500.0,700300.0,3.2,2026-05-19,Y,Fashion,2025-10-11,customer1444@example.com,0
CUST100617,Male,38,Daegu,Gold,13,154000.0,931200.0,4.5,2026-05-19,N,Beauty,2023-03-31,customer617@example.com,1
CUST100500,Female,48,Busan,Silver,5,56400.0,122800.0,3.9,2026-04-23, y ,Home,2025-01-01,customer500@example.com,0
CUST100291,Male,61,,Silver,3,7600.0,7900.0,3.6,2026-04-10,Y,Food,2024-06-04,customer291@example.com,0
CUST101135,Male,51,Daegu, Basic ,10,78500.0,442300.0,2.0,2026-03-25,Y,Sports,2025-05-13,customer1135@example.com,0
CUST101399,Other,41,Daegu,VIP,6,158300.0,164400.0,3.1,2026.04.21,N,Sports,2023-04-28,customer1399@example.com,0
CUST100693,Female,33,gyeonggi,Basic,12,100600.0,562700.0,3.5,2025-09-11,N,Home,2024-05-29,customer693@example.com,0
CUST100278,Female,41,Busan,basic, 6 ,116500.0,124800.0,3.6,2026-04-07,Y,Electronics,2021-07-29,customer278@example.com,0
CUST100586,Male,40,Gyeonggi,Silver,10,126600.0,235900.0,2.3,2026-04-20,Y,Food,2021-08-06,customer586@example.com,0
CUST100897,Male,39,Daejeon,silver,10,103400.0,516000.0,4.3,2026-05-23,Y,Home,2021-08-11,customer897@example.com,1
CUST101041,Female,29,Gyeonggi,Basic,12,167400.0,359600.0,4.0,2026-03-22,N,Electronics,2022-09-27,customer1041@example.com,1
CUST101219,Male,,Seoul,Basic,10,194500.0,620200.0,,2026-05-01,N,Electronics,2024-08-01,customer1219@example.com,0
CUST100547,Female,22,Busan,Silver,6,107800.0,119300.0,2.7,2026-04-13,Y,Fashion,2023-05-25,customer547@example.com,0
CUST100547,Female,22,Busan,Silver,6,107800.0,119300.0,2.7,2026-04-13,Y,Fashion,2023-05-25,customer547@example.com,0
CUST101149,Male,44,Daejeon,silver,10,50700.0,224300.0,1.9,2026.06.04,Y,Sports,2023-01-06,customer1149@example.com,0
CUST100269,Female,51,Seoul,Basic,9,116100.0,330100.0,2.7,2026-05-05,N,Fashion,2021-05-14,customer269@example.com,0
CUST101285, MALE ,44,Seoul,Basic,9,45200.0,122700.0,4.2,2026-04-10,N,Food,2022-08-20,customer1285@example.com,0
CUST101493,Male,49,Daejeon,Gold,10,191900.0,1086100.0,2.8,2026-01-29,Y,Home,2020-10-20,customer1493@example.com,1
CUST101468,Female,39,Daejeon,Silver,7,119900.0,408500.0,3.8,2026-04-14,N,Food,2023-12-25,customer1468@example.com,1
CUST101047,Female,72,Seoul,Silver,11,144300.0,470900.0,3.6,2026-04-21,N,Fashion,2023-12-31,customer1047@example.com,1
CUST100100,Other,99,Seoul,Basic,4,136400.0,138800.0,4.3,2026-06-13, n ,Electronics,2021-12-22,customer100@example.com,1
CUST101333, MALE ,44,Seoul,Silver,6,106300.0,235200.0,3.4,2026-06-16,Y,Electronics,2025-07-13,customer1333@example.com,1
CUST101009,Female,50,Gyeonggi,Basic,7,17100.0,30400.0,2.6,2026/04/09,Y,Sports,2025-06-09,customer1009@example.com,0
CUST100078,Male,,Gyeonggi,Basic,6,132800.0,241700.0,2.6,2026-03-13,N,Electronics,2023-03-05,customer78@example.com,0
CUST101357,Female,42,Daejeon,Silver,12,77500.0,149400.0,3.5,2026/06/02,Y,Fashion,2024-02-22,customer1357@example.com,1
CUST101124,Male,28,Busan,Silver,3,53500.0,100600.0,3.6,2026-01-13,Y,Food,2021-09-14,customer1124@example.com,0
CUST100024,Female,44,Seoul,Silver,5,82900.0,94900.0,4.5,2026-05-30,N,Fashion,2023-08-06,customer24@example.com,1
CUST100108, FEMALE ,미입력,Busan,Basic,9,100500.0,517600.0,3.4,2026-05-30,Y,Beauty,2023-01-22,customer108@example.com,1
CUST100810,Female,30,Seoul,Silver,8,115500.0,259200.0,4.4,2026-02-07,Y,Beauty,2021-07-15,customer810@example.com,0
CUST100426,Male,50,Gwangju,VIP,11,197900.0,848900.0,4.1,2026-04-30,N,Home,2021-08-06,customer426@example.com,1
CUST100536,Male,32,Gyeonggi,Silver,5,115300.0,197200.0,3.2,2026-05-17,N,Beauty,2022-12-19,customer536@example.com,0
CUST100611,F,44,Busan,Basic,12,102400.0,384400.0,3.3,2026-03-29,N,Beauty,2025-05-05,customer611@example.com,1
CUST101223,M,55,Daegu,Basic,10,73100.0,311000.0,2.9,2026-03-29,N,Sports,2025-09-29,customer1223@example.com,0
CUST100010,Male,49,Seoul,Basic,9,135500.0,646800.0,3.1,2026-06-26,N,Beauty,2025-06-03,customer10@example.com,1
CUST100815,Male,46,Gyeonggi,Basic,13,89900.0,437400.0,3.9,2026-05-20,N,FASHION,2023-04-06,customer815@example.com,1
CUST100517,Male,59,Gyeonggi,Basic,5,41000.0,94200.0,4.2,2026-02-19,Y,Fashion,2022-08-21,customer517@example.com,1
CUST100271,Male,50,Seoul,Gold,8,206600.0,357300.0,3.0,2025-12-20,Y,Electronics,2022-11-18,customer271@example.com,0
CUST100167,Female,52,Daejeon,Silver,9,166300.0,696700.0,3.8,2026-04-09,Y,Beauty,2022-07-07,customer167@example.com,1
CUST100509,Female,34,Incheon,Basic,5,85400.0,175700.0,4.4,2026.04.23,N,Food,2024-03-02,customer509@example.com,0
CUST100767,Female,40,Gyeonggi,SILVER,5,53500.0,49500.0,,2026-05-08,Y,Fashion,2025-02-04,customer767@example.com,0
CUST100962,male,23,Daegu,Silver,6,80200.0,150800.0,3.6,2025-08-26,Y,Fashion,2022-12-28,customer962@example.com,0
CUST101435,Female,44,Seoul,,7,139400.0,419800.0,4.2,2026-04-25,N,Home,2025-06-28,customer1435@example.com,1
CUST101416,Male,31,Seoul,Silver,11,197000.0,355600.0,4.1,2026-04-27,Y, Electronics ,2023-04-07,customer1416@example.com,0
CUST100309,Female,59,Gyeonggi,Basic,14,136900.0,835600.0,4.1,2026-06-11,N,Fashion,2023-04-17,customer309@example.com,1
CUST100262,Female,24,Seoul,Basic,11,127700.0,437900.0,5.0,2026-06-14,N,Sports,2020-09-12,customer262@example.com,1
CUST100429,Female,37,Seoul,Gold,6,145900.0,286900.0,4.1,2026-01-01,Y,Home,2025-05-30,customer429@example.com,0
CUST101152,Female,42,Busan,Gold,4,109400.0,249800.0,5.0,2026-03-24,Y,,2024-04-06,customer1152@example.com,1
CUST100135,Female,18,Incheon,Silver,12,204000.0,1158700.0,4.4,2026-06-19,N,Food,2023-11-18,customer135@example.com,1
CUST100114,Female,101,Seoul,Basic,7,140300.0,602200.0,4.8,2026-05-16,N,Beauty,2023-07-10,customer114@example.com,1
CUST101096,Female,45,Busan,Basic,10,141000.0,251400.0,3.2,2026-06-16,Y,Food,2020-09-18,customer1096@example.com,1
CUST100917,Male,32, Seoul ,Silver,10,182200.0,971400.0,4.4,2026-06-14,N,Beauty,2025-09-05,customer917@example.com,1
CUST101213,Male,31,Seoul,VIP,11,210200.0,899800.0,3.7,2026-04-21,Y,Fashion,2020-10-26,customer1213@example.com,1
CUST100785,Male,42,Gyeonggi,Silver,10,79600.0,355700.0,2.8,2026-02-28,N,Fashion,2024-02-04,customer785@example.com,0
CUST101481,Male,54,Gyeonggi,Basic,14,92200.0,313300.0,4.6,2026-04-22,Y,Beauty,2022-06-06,customer1481@example.com,1
CUST101478,Female,50,Incheon,Basic,12,107600.0,567400.0,1.4,2026/04/14,N,Fashion,2021-10-15,customer1478@example.com,0
CUST100549,Female,41,Seoul,Basic,9,128700.0,490300.0,4.4,2026-05-11,N,electronics,2025-04-28,customer549@example.com,1
CUST100021,Other,25,Daejeon,Basic,11,83400.0,213200.0,4.3,2026-01-04,N,Beauty,2021-09-30,customer21@example.com,0
CUST101276,Female,47,Seoul, Basic ,7,126900.0,384100.0,4.1,2025-10-28,N,Fashion,2025-07-19,customer1276@example.com,0
CUST100862,Male,65,Daegu,Basic,8,84500.0,370000.0,3.6,2026-03-28,Y,Sports,2025-06-18,customer862@example.com,0
CUST101128,Female,37,Gyeonggi,Basic,8,61600.0,262100.0,3.6,2026-04-27,N,Sports,2021-01-11,customer1128@example.com,0
CUST100979,Male,27,Gyeonggi,Gold,7,123500.0,352800.0,3.9,2026-02-21,Y,Fashion,2020-12-04,customer979@example.com,0
CUST100694,Female,27,Seoul,Basic,8,111900.0,206100.0,4.7,2026-02-10,N,Sports,2023-07-28,customer694@example.com,0
CUST100852,Male,51,Gyeonggi, Basic ,5,110600.0,110700.0,3.0,2026-03-01,Y,Electronics,2020-07-11,customer852@example.com,1
CUST100505,Male,47,Seoul,Silver,8,96600.0,194000.0,3.3,2026-05-13,Y,Fashion,2024-10-07,customer505@example.com,0
CUST100225,Male,35,Daegu,Basic,7,68700.0,234900.0,2.4,2026-05-12,N,Fashion,2023-06-06,customer225@example.com,1
CUST100421,Male,27,Busan,Silver,10,165100.0,771700.0,3.2,2026-05-29,Y,Fashion,2021-08-04,customer421@example.com,1
CUST100538,Male,30,Daejeon,Silver,6,155700.0,416300.0,3.5,2026-03-04,N,Fashion,2022-04-21,customer538@example.com,0
CUST100775,Male,48,Gyeonggi,Gold,6,95800.0,270000.0,3.0,2026-05-08,N,Sports,2023-06-05,customer775@example.com,0
CUST101188,Male,43,Daegu,Silver,19,169900.0,535700.0,4.7,2026-05-16,No,Beauty,2023-05-19,customer1188@example.com,1
CUST100540,Female,45,Seoul,Silver,14,168700.0,765600.0,3.5,2026-05-17,N,Home,2023-11-29,customer540@example.com,1
CUST100379,Female,42,Busan,Basic,11,,540900.0,3.8,2026-05-13,N,Food,2021-01-16,customer379@example.com,0
CUST101206,Male,44,Daejeon,Silver,10,32200.0,89200.0,4.9,2026-05-11,Y,Fashion,2023-05-02,customer1206@example.com,1
CUST101065,Female,, Busan ,Basic,10,120400.0,514600.0,5.0,2025-12-24,N,Food,2024-09-13,customer1065@example.com,1
CUST100002,Male,44,Busan,Gold,11,222400.0,942000.0,3.6,2026-01-23,N,Electronics,2022-09-25,customer2@example.com,1
CUST100770,Male,46,Gyeonggi, Basic ,13,106500.0,365700.0,1.9,2026-05-23,N,Beauty,2025-11-06,customer770@example.com,1
CUST100993,Male,36,Incheon,gold,11,248700.0,1199300.0,5.0,2026-05-22,Y,Electronics,2023-12-02,customer993@example.com,1
CUST101341,Male,36,Seoul,Silver,5,73800.0,78600.0,4.1,2026-02-26,N,Fashion,2022-03-17,customer1341@example.com,0
CUST100956,Male,38,Daejeon,VIP,7,157500.0,690200.0,3.4,2026-06-21,N,Fashion,2021-02-21,customer956@example.com,1
CUST100667,Male,45,Busan,Silver,8,68800.0,308400.0,3.6,2026-05-21,N,,2024-02-19,customer667@example.com,0
CUST101316,Male,41,Seoul,Silver,13,197100.0,918800.0,2.8,2026-02-06,N,Electronics,2020-12-05,customer1316@example.com,1
CUST100662,Female,,Seoul,Silver,8,85600.0,300400.0,3.9,2025-12-28,N,Food,10-10-2023,customer662@example.com,0
CUST100141,Male,65, GYEONGGI ,Basic,5,53300.0,117500.0,4.2,2026-05-24,Y,Food,2023-10-07,customer141@example.com,0
CUST100473,Female,,Daegu,VIP,7,155400.0,465700.0,4.9,2026-06-07,N,Home,2024-03-17,customer473@example.com,1
CUST100382,Female,43,Incheon,Basic,5,,107800.0,3.4,2026-03-02,Y,Electronics,2022-02-13,customer382@example.com,0
CUST100580,Female,32,Daegu,Basic,8,67900.0,268700.0,3.8,2026-03-17,N,Fashion,2021-01-08,customer580@example.com,0
CUST101225,Female,41,Seoul,Basic,8,71300.0,326700.0,2.5,2026-04-05,N,Beauty,2022-01-20,customer1225@example.com,0
CUST100275,Female,44,Gyeonggi,Basic,10,76700.0,157200.0,4.6,2026-05-29,No,Sports,2025-03-24,customer275@example.com,0
CUST100477,Male,49,Busan,Silver,9,134900.0,741100.0,4.0,2026-03-07,N,Fashion,2024-10-04,customer477@example.com,0
CUST101428,Female,33,Gyeonggi,Gold,6,131800.0,295600.0,4.5,2026-04-24,N,Food,2024-10-13,customer1428@example.com,1
CUST101313,Female,24,,Silver,8,155300.0,556000.0,3.1,2026-05-27,Yes,Electronics,2020-08-20,customer1313@example.com,1
CUST101238,male,35,Daegu,Gold,9,194800.0,402300.0,4.9,2026-05-21,Y,Beauty,2022-09-13,customer1238@example.com,0
CUST101192,Female,46,Daejeon,VIP,6,231900.0,251100.0,4.7,2026-05-23,N, Electronics ,2023-06-27,customer1192@example.com,0
CUST100830,Female,42,Seoul,Gold,6,178500.0,184600.0,2.3,2026-04-21, y ,Sports,2021-05-03,customer830@example.com,0
CUST100004,Male,46, GYEONGGI ,Silver,11,86200.0,181200.0,3.3,2026-06-01,N,Fashion,2023-04-25,customer4@example.com,0
CUST101378,Female,44,Gyeonggi,Gold,7,187800.0,582500.0,4.4,2026-06-13,Y,Food,2024-03-21,customer1378@example.com,1
CUST101448,Female,35,Incheon,Basic,9,94700.0,247400.0,3.8,2026-05-22,N,Fashion,2024-08-06,customer1448@example.com,0
CUST100096,Female,38,Incheon,Silver,14,54200.0,259100.0,2.8,2026-05-06,No,Fashion,2021-10-16,customer96@example.com,0
CUST101100,Male,34,Seoul,Basic,12,107300.0,352000.0,3.9,,Y,Beauty,2023-11-07,customer1100@example.com,1
CUST100526,Male,19,Daejeon,Gold,10,121400.0,230500.0,3.2,2026-03-13,N,Fashion,2023-04-08,customer526@example.com,0
CUST100760,Female,55,Seoul,Gold,7,145000.0,303900.0,2.7,2026-04-13,N,Beauty,2023-06-08,customer760@example.com,0
CUST101186,Female,18,Busan, Basic ,9,74800.0,336600.0,4.1,2026-05-31,Y,Food,2023-12-27,customer1186@example.com,1
CUST100885,Female,61,Daegu, Basic ,10,63000.0,141500.0,3.3,2026-01-20,N,Home,2020-11-09,customer885@example.com,0
CUST100938,Female,28,Seoul,Basic,7,130000.0,593200.0,4.4,2026-03-18,Y,Electronics,2021-06-16,customer938@example.com,1
CUST100869,Male,68,Daejeon,Gold,8,109400.0,334900.0,3.5,2026-06-19,N,Home,2023-06-26,customer869@example.com,1
CUST100332, FEMALE ,49,Gwangju,VIP,19,167100.0,750600.0,4.4,2026-06-04, y ,Fashion,2020-10-07,customer332@example.com,1
CUST100304,Male,50,Seoul,Basic,6,88200.0,291600.0,3.3,2026-05-09,N,Electronics,2021-11-24,customer304@example.com,0
CUST101367,Other,39,Seoul,Basic,10,150600.0,585800.0,4.0,2026-04-16,Y,Electronics,2023-04-05,customer1367@example.com,1
CUST100683,Male,37,Daegu,Basic,10,92200.0,445000.0,4.3,2026-06-13, n ,Fashion,2021-08-08,customer683@example.com,1
CUST100512,Female,47,Seoul,Basic,6,106100.0,182000.0,3.3,2026-03-27,N,Electronics,2024-04-11,customer512@example.com,0
CUST100289,Male,32,Seoul,Silver,11,117400.0,386500.0,3.4,2026-04-03, y ,Fashion,2021-02-21,customer289@example.com,1
CUST101205,Female,45,Busan,Basic,9,74000.0,246600.0,3.4,2026-04-11,Y,Beauty,2024-01-18,customer1205@example.com,0
CUST100930,Male,59,Gwangju,,14,158800.0,552300.0,3.1,2026-05-12,N,Fashion,2021-05-18,customer930@example.com,1
CUST100008,Male,25,Gwangju,silver,9,62700.0,123700.0,,2026-04-06,N,Fashion,2021-05-02,customer8@example.com,0
CUST100287,Female,45,Seoul,,6,48700.0,43100.0,5.0,2026-05-09,Y,Food,2024-12-21,customer287@example.com,0
CUST100588,Male,66,Gyeonggi,Basic,5,104400.0,334700.0,3.2,2026-06-17,Y,Food,2021-12-26,customer588@example.com,0
CUST100191,F,18,Incheon,Silver,12,97600.0,206400.0,3.0,2026-02-03,N,Beauty,2022-01-06,customer191@example.com,0
CUST100036,,21,Seoul,Gold,14,201200.0,681100.0,,2026-04-07,N,Electronics,2020-12-15,customer36@example.com,0
CUST100660,Male,42,Seoul,Basic,8,182200.0,718900.0,4.2,2026-04-25,N,Electronics,2021-10-07,customer660@example.com,1
CUST100189,Male,18,Gyeonggi,Basic,7,106700.0,227000.0,3.4,2026-02-02,Y,FASHION,2023-06-13,customer189@example.com,0
CUST100236,male,38,Seoul,Silver,10,218000.0,905600.0,3.8,2026-03-10,Y,Electronics,2025-09-29,customer236@example.com,1
CUST101495,Male,35,Daejeon,Basic,9,124100.0,334200.0,4.1,2026-04-07,Y,Sports,2023-12-04,customer1495@example.com,1
CUST100548,Female,51,Incheon,Gold,9,133900.0,596200.0,3.1,2026-02-18,N,Beauty,2022-05-02,customer548@example.com,0
CUST101488,Female,35,Gwangju,Gold,6,91000.0,83100.0,2.3,2026-05-30,Y,Home,2023-10-22,customer1488@example.com,0
CUST101391,Other,41,Seoul,VIP,10,137500.0,759100.0,4.3,2026-02-14, y , Beauty ,2021-06-20,customer1391@example.com,1
CUST100865,Other,,Gyeonggi,VIP,9,209200.0,445200.0,3.4,2026-04-08,Y,Sports,2025-03-17,customer865@example.com,1
CUST100918,Female,51,Gyeonggi,Basic,6,110300.0,193300.0,4.5,2026-04-01,Y,Electronics,2023-07-19,customer918@example.com,0
CUST101107, FEMALE ,41,Gyeonggi,Basic,6,78500.0,69000.0,3.5,2026-06-22,N,Fashion,2023-10-20,customer1107@example.com,0
CUST100073,Male,32,Gyeonggi,Gold,14,157500.0,461500.0,3.9,2026-04-15,Y,Home,2025-10-04,customer73@example.com,0
CUST100466,Female,18,Daegu,Gold,10,169600.0,554100.0,2.6,2025-11-23,Y,Home,2025-07-24,customer466@example.com,0
CUST101433,Female,24,Daejeon,Basic,8,63200.0,109700.0,2.9,2026-05-01,N,Home,2023-02-24,customer1433@example.com,0
CUST101347,Female,37,Daejeon,Gold,11,111200.0,632100.0,3.2,2026-03-27,N,Food,2022-06-25,customer1347@example.com,1
CUST100134,Female,37,Daejeon,Silver,7,81000.0,89300.0,2.5,2026-02-01,Y,Fashion,2022-08-20,customer134@example.com,0
CUST101113,Other,50,Gyeonggi,Basic,10,74200.0,369900.0,,2026-04-06,Y,Food,2023-05-23,customer1113@example.com,1
CUST100410,,58,Gyeonggi,gold,11,135700.0,376600.0,3.9,2026-04-19,Y,Fashion,2025-07-09,customer410@example.com,0
CUST100205,Male,37,Gwangju,Gold,8,135500.0,404600.0,3.5,2026-05-10,Y,Fashion,2022-03-08,customer205@example.com,1
CUST101184,Female,,Busan,Basic,8,82100.0,242500.0,4.7,2026-04-22,N,Sports,2021-11-17,customer1184@example.com,1
CUST100377,Female,,Gyeonggi,Basic,8,"53,900",182200.0,3.5,2026-04-09,Y,Beauty,2022-11-04,customer377@example.com,0
CUST100443,Female,55,Seoul,Silver,7,82300.0,93600.0,3.6,2026-05-09,Y,Food,2021-06-05,customer443@example.com,0
CUST101210,Male,38,Gyeonggi,Gold,7,190100.0,650000.0,4.0,2026-05-06,N,Beauty,2020-07-17,customer1210@example.com,1
CUST100251,F,37,Daejeon,Basic,9,97100.0,97400.0,3.1,2026-05-07,N,Food,2025-10-13,customer251@example.com,0
CUST100727,Female,62,Seoul,Basic,4,56300.0,55100.0,2.3,2026-06-02,N,Food,2022-02-11,customer727@example.com,0
CUST101045, FEMALE ,48,Gyeonggi,Basic,7,119800.0,245900.0,3.4,2026-05-15,N,Sports,2022-03-02,customer1045@example.com,0
CUST100279,Male,42,Busan,Basic,9,116900.0,246800.0,3.4,2026-04-13,N,Fashion,2023-03-15,customer279@example.com,0
CUST100912,Female,60,Daejeon,Basic,12,43200.0,127700.0,1.5,2026-06-07,Y,Fashion,2024-12-16,customer912@example.com,0
CUST100290,Male,22,Incheon,Gold,14,214200.0,1308300.0,4.1,2026-03-02,No,Fashion,2023-09-04,customer290@example.com,0
CUST100746,Male,52,Gwangju,Basic,15,144800.0,573500.0,3.4,2026-06-17,N,Electronics,2023-03-12,customer746@example.com,1
CUST100605,Male,29,Gyeonggi,,5,137100.0,261200.0,3.9,2026-06-28,Y,Home,2023-05-26,customer605@example.com,0
CUST100640,Female,48,Incheon,Basic,4,113400.0,105900.0,3.0,2026-03-31, n ,Electronics,2022-06-30,customer640@example.com,0
CUST100900,Male,48,Busan,Gold,12,78800.0,157700.0,2.1,2026-04-28,Y,Fashion,2025-05-10,customer900@example.com,0
CUST100058, MALE ,46,Incheon,Basic,9,162100.0,454800.0,4.2,2026-06-04,Yes,Electronics,2021-10-21,customer58@example.com,1
CUST100601,Male,24,Daejeon,Silver,4,,82900.0,3.8,2026-06-07,Y,Food,2021-12-03,customer601@example.com,1
CUST100842,Female,35,Seoul,Basic,7,"117,300",306800.0,3.6,2026-05-10,Y,Beauty,2022-01-01,customer842@example.com,1
CUST101017,Female,37,Gyeonggi,Basic,11,84100.0,229600.0,3.8,2026-06-12, n ,Sports,2022-02-24,customer1017@example.com,0
CUST101443,Male,39,Seoul,Basic,12,144500.0,495700.0,5.0,2026-06-06,N,Electronics,2022-07-23,customer1443@example.com,1
CUST100619,Male,36,Gwangju,Silver,8,108000.0,467900.0,4.7,2026-04-28,Y,Fashion,2024-03-08,customer619@example.com,1
CUST101164,Male,36세,Seoul,Basic,8,72000.0,127800.0,3.6,2026-04-08,N,Beauty,2022-04-19,customer1164@example.com,0
CUST101325,Male,56,Daejeon,Silver,11,192400.0,395700.0,5.0,2025-11-13,Y,Fashion,2025-12-07,customer1325@example.com,1
CUST100352,Female,44,Gyeonggi,Basic,14,58600.0,305800.0,3.3,2026-05-08,Y,Sports,2024-07-17,customer352@example.com,1
CUST101072,Female,53,Seoul,Gold,8,149300.0,627900.0,2.5,2026-04-01,Y,Food,2022-09-28,customer1072@example.com,1
CUST100306,Male,62,Gwangju,Basic,7,148300.0,476200.0,4.4,2026-05-07,N,Electronics,2025-06-21,customer306@example.com,0
CUST101202,Female,45,Gyeonggi,Basic,10,116700.0,201500.0,3.5,2026.04.02,N,Beauty,2024-11-16,customer1202@example.com,1
CUST100246,Male,28,Seoul,Basic,12,130800.0,684300.0,4.9,2026-03-28,N,Beauty,2021-04-09,customer246@example.com,0
CUST100481,Male,35,Gyeonggi,VIP,8,176400.0,589500.0,4.1,2026-04-29,Y,Beauty,2025-03-07,customer481@example.com,1
CUST101221,female,31,Incheon,Basic,10,79200.0,245200.0,3.2,2026-05-17,Y,Home,2025-05-18,customer1221@example.com,1
CUST101322,Female,43,Seoul,VIP,9,255500.0,1099400.0,3.9,2026-02-16,Y,Food,2025-05-08,customer1322@example.com,1
CUST101139,Male,32,Incheon,Basic,13,78200.0,479900.0,3.5,2026-03-30,N,Food,2024-12-09,customer1139@example.com,0
CUST101425,Male,32,Gwangju,Silver,6,110700.0,364200.0,2.7,2026-01-11,N,Fashion,2024-08-27,customer1425@example.com,0
CUST100284,Male,43,Gwangju,Basic,6,134900.0,150000.0,3.7,2026-05-05,Y,Electronics,2021-07-30,customer284@example.com,0
CUST100292,Male,38,Seoul,Basic,12,205600.0,1599200.0,3.3,2026-04-20,Y,Electronics,2021-05-28,customer292@example.com,1
CUST100982,Female,57,Seoul,Gold,11,208300.0,954600.0,4.0,2025-11-03,N,Sports,2020-07-08,customer982@example.com,1
CUST101340,Male,,Daejeon,VIP,4,175500.0,399700.0,4.7,2026-06-19,N,Fashion,2020-08-19,customer1340@example.com,0
CUST101023,Female,28,Gyeonggi,VIP,5,122700.0,269000.0,4.3,2026-05-10,N,Beauty,2024-07-22,customer1023@example.com,1
CUST101229,Male,33,Busan,Silver,9,52800.0,161300.0,2.6,2026-04-13, n ,Home,2023-09-20,customer1229@example.com,0
CUST100627,Male,39,Daegu,Gold,15,147700.0,1056100.0,4.8,2025-12-08,Y,Fashion,2024-09-22,customer627@example.com,1
CUST101275,Male,31,Seoul,Basic,11,120700.0,407600.0,3.4,2026-05-18,Y,Beauty,2025-07-29,customer1275@example.com,1
CUST101162,Male,44,Gyeonggi,Basic,9,119900.0,121300.0,5.0,2026-04-21,N,Food,2024-06-10,customer1162@example.com,1
CUST100826,Female,35,Daejeon,Silver,5,103400.0,188700.0,3.8,2026-06-07,N,Fashion,2023-01-22,customer826@example.com,0
CUST100486,,26,Busan,Gold,8,173300.0,296600.0,4.4,2026-04-03,N,Beauty,2020-07-29,customer486@example.com,1
CUST100946,Female,34, GYEONGGI ,Silver,7,163200.0,299700.0,4.4,2026-05-11, y ,Electronics,2022-10-13,customer946@example.com,1
CUST100221,Female,38,Seoul,Basic,5,59900.0,58300.0,3.5,2026-04-11,N,Beauty,2022-08-15,customer221@example.com,0
CUST100062,Male,63,Incheon,Basic,8,18100.0,62500.0,4.2,2026-06-24,Y,Beauty,2025-03-04,customer62@example.com,0
CUST101014,Female,49,Gyeonggi,Silver,10,92500.0,328600.0,4.3,2025-12-07,N,Beauty,2022-07-24,customer1014@example.com,0
CUST101373,M,34,Gwangju,Basic,14,142200.0,767100.0,2.8,2026-01-31,N,Beauty,2021-05-15,customer1373@example.com,1
CUST101265,Female,35,Gyeonggi,Basic,8,101300.0,112100.0,4.9,2026-03-25,Y,Fashion,2024-07-20,customer1265@example.com,0
CUST100434,Female,33,Daejeon,Basic,3,,64200.0,3.2,2026-04-16,N,Food,2023-09-15,customer434@example.com,0
CUST101492,Male,45,gyeonggi,Silver,12,134700.0,264000.0,2.0,2026-04-08,Y,Home,2023-04-26,customer1492@example.com,0
CUST101197,Other,23,Gyeonggi,Silver,4,122800.0,112800.0,4.1,2026-04-15,N,Electronics,2021-04-15,customer1197@example.com,1
CUST100327,Female,59,Daejeon,Basic,15,89800.0,642000.0,4.1,2026-05-22,N,Home,2024-12-24,customer327@example.com,1
CUST101477,Male,33, Busan ,Basic,14,116000.0,537000.0,4.6,2026-05-30,Y,Fashion,15-08-2022,customer1477@example.com,1
CUST100109,Other,18,Seoul,,12,130500.0,523500.0,3.5,2026-02-27,No,Home,2023-12-23,customer109@example.com,0
CUST101111,Female,36,Gyeonggi,Basic,11,43100.0,177300.0,3.9,2026-05-05,N,Home,2022-02-15,customer1111@example.com,1
CUST101114,Male,46,Daejeon,Basic,4,43100.0,92400.0,3.6,2026-01-15,Y,Beauty,2021-01-22,customer1114@example.com,1
CUST101494,Male,31,Gyeonggi,Basic, 8 ,84400.0,226100.0,4.7,2026-02-11,Y,Beauty,2020-09-25,customer1494@example.com,1
CUST100441,Male,54,Seoul,Silver,11,121000.0,579800.0,2.6,2026-05-12,N,Food,2020-12-21,customer441@example.com,0
CUST100319,Female,52,Daegu,Silver,6,129300.0,135400.0,3.2,2026-02-19,N,Fashion,2025-05-31,customer319@example.com,1
CUST101488,Female,35,Gwangju,Gold,6,91000.0,83100.0,2.3,2026-05-30,Y,Home,2023-10-22,customer1488@example.com,0
CUST100273,Female,thirty,Seoul,Gold,10,245700.0,1331600.0,5.0,2026-05-16,N,Electronics,2024-10-26,customer273@example.com,1
CUST101368,Male,43,Daejeon,Basic,9,118400.0,262000.0,3.8,2026-05-02,Y,Electronics,2023-01-05,customer1368@example.com,0
CUST101397,Female,35,Busan,Basic,10,6900.0,38500.0,4.2,2026.04.18,N,Food,2022-07-25,customer1397@example.com,1
CUST100724,Female,28,Gwangju,Basic,10,48900.0,219600.0,3.7,2026-06-12,Y,Fashion,2021-11-04,customer724@example.com,1
CUST101311,Male,42,Seoul,Silver,9,44100.0,199100.0,3.8,2026.05.27,N,Food,2022-07-28,customer1311@example.com,0
CUST100389,Male,31,Gyeonggi,Silver,7,138800.0,387200.0,3.9,2026-05-16,Y,Fashion,2022-09-30,customer389@example.com,1
CUST100148,Male,57,Incheon,Silver,9,99600.0,207200.0,2.9,2026-05-26,N,Food,2021-04-07,customer148@example.com,0
CUST100260,Male,36,Gwangju,Silver,10,156100.0,891700.0,3.4,2026-04-07,N,Electronics,2023-04-09,customer260@example.com,1
CUST100174,Female,44,Incheon,Silver,7,81000.0,360500.0,3.2,2026-03-23,N,Beauty,2024-08-13,customer174@example.com,0
CUST100153,Male,24,Gwangju,Basic,5,122900.0,255000.0,3.3,2026-02-02,N,Electronics,2021-08-27,customer153@example.com,0
CUST100816,Male,36,Busan,VIP,13,209900.0,1100900.0,3.2,2026-02-26,N,Beauty,2024-10-03,customer816@example.com,1
CUST100426,Male,50,Gwangju,VIP,11,197900.0,848900.0,4.1,2026-04-30,N,Home,2021-08-06,customer426@example.com,1
CUST101275,Male,31,Seoul,Basic,11,120700.0,407600.0,3.4,2026-05-18,Y,Beauty,2025-07-29,customer1275@example.com,1
CUST100697,Female,,Busan,Silver,8,90500.0,385100.0,3.9,2026-02-06,Y,Home,2024-10-27,customer697@example.com,1
CUST100338,Male,31,Gyeonggi,Gold,5,156000.0,178600.0,2.9,2026-06-29,N,Beauty,2020-10-14,customer338@example.com,0
CUST100431,Male,33,Seoul,Basic,6,134700.0,272200.0,3.5,2026-05-04,Y,Electronics,2023-04-27,customer431@example.com,0
CUST100194,Female,32,Gyeonggi,Basic,9,108400.0,211700.0,2.4,2026-04-01,N,Electronics,2022-09-11,customer194@example.com,0
CUST101039,Female,37,Incheon,Basic,13,60600.0,381000.0,2.9,2026-02-28,N,Sports,2022-08-18,customer1039@example.com,0
CUST100233,Female,40,Gyeonggi,Basic,7,108500.0,354100.0,3.9,2026-06-11,N,Electronics,2021-02-17,customer233@example.com,1
CUST100209,Female,22,Seoul,Silver,13,108700.0,405100.0,3.9,2026-05-17,Y,Fashion,2024-05-05,customer209@example.com,0
CUST100698,Female,,Seoul,basic,3,70200.0,75300.0,3.7,2026-04-26,N,Sports,2024-06-18,customer698@example.com,0
CUST100812,,19,Gyeonggi,VIP,5,251600.0,227100.0,2.4,2026-04-01,Y,Electronics,2024-01-13,customer812@example.com,0
CUST101215,Female,34,Daegu,Basic,95,164900.0,543100.0,5.0,2026-03-13,N,Electronics,2021-01-27,customer1215@example.com,0
CUST101451,Female,37,Gwangju,Basic,11,103100.0,274800.0,1.7,2026-06-06,N,Sports,2022-12-02,customer1451@example.com,0
CUST100539,Male,32,Gwangju,silver,6,81200.0,160500.0,4.3,2026-05-22,N,Beauty,2023-09-14,customer539@example.com,1
CUST101123,,47,Daegu,Gold,8,133200.0,534300.0,5.0,2026-02-07,Y,Beauty,2025-09-05,customer1123@example.com,1
CUST100468,Female,38,Incheon,Basic,9,91500.0,366000.0,3.6,2026-05-19,Y,Beauty,2021-02-28,customer468@example.com,0
CUST100684,Female,27,Gyeonggi,SILVER,10,108000.0,477200.0,2.6,2026-02-01,No,Food,2025-02-22,customer684@example.com,1
CUST100796,Male,49,Seoul,Gold,7,135200.0,352900.0,3.0,2026-06-04,Y,Fashion,2021-03-11,customer796@example.com,1
CUST100893,Female,32,Seoul,Basic,6,22000.0,43300.0,3.5,2026-04-29,N,Fashion,2022-07-21,customer893@example.com,0
CUST101379,Male,62,Busan,Basic,7,45100.0,97400.0,4.2,2026-04-19,N,Sports,2025-06-24,customer1379@example.com,0
CUST100996,Female,36,Incheon,Basic,7,64800.0,257500.0,2.3,2026-02-23,Y,Home,2021-03-31,customer996@example.com,0
CUST100752,Male,41,Gwangju,Silver,10,203900.0,465100.0,4.0,2026-03-09,Y,Electronics,2023-12-30,customer752@example.com,0
CUST101050,Female,30,Seoul,Basic,8,100800.0,295700.0,2.8,2026-03-16,N,Sports,2023-03-06,customer1050@example.com,0
CUST100507,Female,43,Seoul,Basic,10,118700.0,516200.0,4.2,2026-05-24,N,Food,2025-07-13,customer507@example.com,1
CUST100827,Male,40,Seoul,Silver,13,74500.0,452000.0,3.8,2026-03-24,Y,Fashion,2023-10-14,customer827@example.com,1
CUST101140,Female,35,seoul,Basic,8,100000.0,257200.0,4.4,2026-03-13,N,Fashion,2023-07-20,customer1140@example.com,1
CUST100820,Female,43,Gyeonggi,Basic,8,126600.0,435500.0,3.6,2026-04-07,N,Fashion,24-06-2024,customer820@example.com,0
CUST100137,Female,29,Busan,basic,5,57400.0,111300.0,3.3,2026-02-28,N,Fashion,2023-07-03,customer137@example.com,0
CUST100630,Female,18,Seoul,Basic,6,70600.0,72600.0,3.5,2026-01-26,N,Home,2021-11-17,customer630@example.com,0
CUST100276,Male,47,Busan,Silver,6,169800.0,175500.0,3.5,2026-06-17,Y,Electronics,2021-02-12,customer276@example.com,1
CUST101432,Female,51,Daejeon,Gold,7,,147900.0,4.1,2026-06-12,N,Beauty,2021-12-20,customer1432@example.com,0
CUST100450,Male,30,Gwangju,Gold,12,124700.0,511800.0,4.4,2026-04-30,N,Sports,2021-12-01,customer450@example.com,1
CUST100439,Male,46,Gwangju,Basic,9,102600.0,353200.0,3.3,2026-04-10,Y,Food,2022-04-01,customer439@example.com,0
CUST100203,Female,32,Daejeon,VIP,5,92900.0,180500.0,3.7,2026-04-05,N,Food,2020-06-28,customer203@example.com,1
CUST100646,Female,53,Incheon,Silver,12,117800.0,218200.0,4.3,2026-01-29,Y,Fashion,2023-07-13,customer646@example.com,0
CUST101348,Female,45,Gwangju,Basic,13,101300.0,518900.0,2.4,2026-05-02,Y,Home,2024-04-16,customer1348@example.com,1
CUST100403,Female,36,Busan,Basic,14,205700.0,1604100.0,3.1,2026-04-06,N,Electronics,2023-11-25,customer403@example.com,1
CUST101436,Male,43,seoul,Gold,11,176700.0,563700.0,4.6,2026-05-14, n ,Electronics,2022-02-17,customer1436@example.com,1
CUST101345,Male,44,Incheon,Basic,3,88000.0,98700.0,2.8,2026-03-27,N,Beauty,2023-10-18,customer1345@example.com,0
CUST101471,Female,36,Seoul,basic,10,120800.0,213100.0,4.7,2026-06-11,N,,2024-04-25,customer1471@example.com,0
CUST100336,Male,55,Gwangju,Gold,11,160100.0,283000.0,3.0,2026-03-11,N,Food,2024-10-08,customer336@example.com,0
CUST100034,Male,46,Seoul,Silver,9,150900.0,424000.0,4.1,2025-11-26,N,Home,2021-04-13,customer34@example.com,0
CUST100490,Male,55,Gwangju,Silver,5,101900.0,90100.0,4.7,2026-03-21,N,Sports,2023-12-02,customer490@example.com,0
CUST101306,Female,26,Seoul,Silver,12,61700.0,210600.0,5.0,2026-04-05,Y,Fashion,2023-03-14,customer1306@example.com,1
CUST101394,Male,34,Gwangju,Gold,4,167800.0,338900.0,4.1,2026-06-05,N,Home,2025-03-06,customer1394@example.com,1
CUST100906,Female,19,Seoul,Silver,9,67400.0,74400.0,4.5,2026-04-12,N,Home,2025-08-09,customer906@example.com,0
CUST100889,Male,46,Gyeonggi,Basic,8,75100.0,69500.0,3.9,2026-05-26,N,Fashion,2024-11-13,customer889@example.com,1
CUST100484,Female,54,Daejeon,silver,10,98100.0,344600.0,4.5,2026-03-02,N,Fashion,2022-01-19,customer484@example.com,1
CUST101038,Female,35,Incheon,Silver,7,141800.0,494700.0,2.8,2026-03-25,N,Home,2023-01-07,customer1038@example.com,0
CUST100457,Male,41,Daegu,Gold,11,207100.0,901000.0,3.0,2026-05-21,N,Fashion,2021-03-13,customer457@example.com,1
CUST101421,Male,41,Gwangju,Basic,12,218700.0,920800.0,4.2,2026-05-28,N,Electronics,2020-08-04,customer1421@example.com,1
CUST101422,Male,46,Gyeonggi,Gold,12,232300.0,458000.0,2.6,2026-06-04,Y,Electronics,2025-07-23,customer1422@example.com,1
CUST101309,Female,41,Seoul,Gold,13,145700.0,589900.0,2.4,2026-03-18,N,Fashion,2023-02-09,customer1309@example.com,0
CUST100499,Female,25,Busan,Basic,10,159900.0,282800.0,3.1,2026-05-27,N,Electronics,2024-11-18,customer499@example.com,0
CUST101146,Male,67,Gyeonggi,VIP,10,243400.0,962400.0,4.5,2026-03-23, n ,Electronics,2020-07-25,customer1146@example.com,0
CUST100390,Female,32,Seoul,Basic,9,83600.0,189400.0,3.1,2026-02-15,Y,Food,2024-03-20,customer390@example.com,1
CUST100574,Male,39,Seoul,Silver,15,45900.0,224100.0,4.2,2026-04-24,N,Food,2023-08-03,customer574@example.com,1
CUST100357,Female,32,Gyeonggi,Silver,7,90800.0,290500.0,3.9,2026-05-27,Y,fashion,2022-12-13,customer357@example.com,1
CUST100022,Other,43,Seoul,Silver,5,68900.0,147400.0,3.0,2026-05-27,N,Food,2025-12-22,customer22@example.com,0
CUST101288,Female,35,Seoul,VIP,12,177800.0,834300.0,4.1,2026-06-05,N,Fashion,2022-07-09,customer1288@example.com,1
CUST100122,Female,27,,Basic,16,130500.0,1032600.0,3.6,2026-03-26,Y,Fashion,2022-04-20,customer122@example.com,1
CUST100771,Female,23,Gyeonggi,Basic,10,5000.0,23000.0,4.2,2026-04-21,Y,Fashion,2024-07-12,customer771@example.com,0
CUST100155,Male,23,Seoul,SILVER,7,83900.0,84000.0,4.8,2026-04-09,No,Beauty,2024-05-22,customer155@example.com,0
CUST100808,Male,21,Busan,Silver,11,173000.0,638700.0,4.1,2025-11-15,Y,Electronics,2023-08-01,customer808@example.com,0
CUST100081,Male,64,Seoul,Silver,9,125700.0,567500.0,3.6,2026-06-15,Y,Fashion,2023-04-07,customer81@example.com,1
CUST100620,Male,27,Daejeon,Silver,4,55300.0,51400.0,3.6,2026-03-18,N,Beauty,2025-06-03,customer620@example.com,0
CUST100099,Female,56,Gyeonggi,Silver,5,110300.0,237700.0,4.2,2025-11-09,Y,Food,2020-10-10,customer99@example.com,0
CUST100210,Male,34,Gyeonggi,basic,11,46900.0,183400.0,3.2,2026-06-09,Y,Food,2023-05-11,customer210@example.com,0
CUST100157,Female,35,Gyeonggi,Gold,7,134300.0,286600.0,4.3,2026-01-29,Y,Beauty,2021-04-08,customer157@example.com,1
CUST101287,Female,36,Gyeonggi,Gold,12,132600.0,547400.0,4.4,2026-05-06,N,Sports,2023-08-31,customer1287@example.com,1
CUST100030,Female,50,Daejeon,Silver,9,112000.0,429200.0,3.6,2026-05-08,Y,Beauty,2024-06-18,customer30@example.com,0
CUST101141,Male,30,Daejeon,Silver,7,161000.0,322300.0,4.6,2026-05-29,N,Electronics,2021-10-28,customer1141@example.com,1
CUST100655,M,24,Daegu,Gold,12,132400.0,253600.0,3.6,2026-06-14,N,Beauty,2022-01-14,customer655@example.com,1
CUST100819,Female,28,Gyeonggi,Silver,11,193700.0,1277300.0,3.5,2026-05-01,Y,Electronics,2023-02-17,customer819@example.com,1
CUST100280,Female,40,Gwangju,VIP,5,134800.0,294900.0,4.9,2026-03-14,Y,Home,2024-08-09,customer280@example.com,0
CUST100986,Female,31,Daejeon,Basic,7,"70,200",76500.0,3.1,2026-06-16,Y,Food,2024-05-13,customer986@example.com,1
CUST100720,Female,42,Gwangju,Silver,11,153300.0,267300.0,3.4,2026-03-15,Y,Food,2023-08-01,customer720@example.com,1
CUST100301,Female,32,Daejeon,VIP,8,245000.0,496800.0,3.8,2025-12-17,N,Electronics,2022-06-18,customer301@example.com,0
CUST101007,Male,28,Seoul,Silver,9,156800.0,687900.0,2.3,2026-06-11,Y,Fashion,2021-03-03,customer1007@example.com,1
CUST101467,Male,34,Busan,Gold,10,242500.0,445600.0,4.1,2026-03-31,N,Electronics,2024-03-29,customer1467@example.com,1
CUST101437,Male,53,Daejeon,basic,9,94900.0,384200.0,4.1,2026-05-25,N,Fashion,2022-12-23,customer1437@example.com,0
CUST100152,Male,20,Gwangju,Basic,13,,259700.0,3.8,2026-06-02,N,Food,2020-11-26,customer152@example.com,1
CUST101230,Female,18,Seoul,Silver,13,211000.0,1693300.0,3.4,2026-05-29,N,Electronics,2021-06-07,customer1230@example.com,1
CUST100651,Male,43,seoul,gold,10,176500.0,917700.0,2.4,2026-04-28,Y,Food,2025-09-24,customer651@example.com,1
CUST100430,Male,36,Daejeon,Basic,11,104900.0,378000.0,3.6,, n ,Sports,2020-10-21,customer430@example.com,1
CUST100553,Female,48,Gyeonggi,VIP,7,239800.0,1037400.0,2.6,2026-05-11,N,Beauty,2023-02-22,customer553@example.com,1
CUST101389,Female,21,Seoul,Gold,8,229200.0,15000000,4.0,2026-03-04,Y,Electronics,2020-09-15,customer1389@example.com,0
CUST100729,Male,39,Seoul,Silver,11,191600.0,594300.0,4.1,2026-05-02,Y,Electronics,2023-08-16,customer729@example.com,1
CUST100621,Male,49,Incheon,Silver,12,72700.0,471200.0,3.2,2026-06-18,N,Sports,2022-07-29,customer621@example.com,0
CUST100178,Female,32,Seoul,Silver,9,137000.0,496200.0,3.2,2026-02-23,N,Electronics,2021-10-08,customer178@example.com,1
CUST100089,Male,35,Seoul,Silver,10,147100.0,270600.0,4.2,2026-05-12,N,Food,2023-06-18,customer89@example.com,1
CUST100202, MALE ,33,Seoul,VIP,13,"183,200",610700.0,4.7,2026-04-01,N,Home,2022-10-10,customer202@example.com,1
CUST100371,Male,25,Gyeonggi,Gold,8,93300.0,93600.0,4.4,2026-03-01,N,Home,2024-06-29,customer371@example.com,0
CUST101120,Female,18,Gyeonggi,Gold,10,138400.0,646000.0,2.9,2026-04-13,N,Beauty,2025-01-08,customer1120@example.com,0
CUST101179,Male,45,Seoul,Basic,11,66300.0,371000.0,3.9,2026/04/05,N,Food,2021-08-18,customer1179@example.com,1
CUST100040,Female,53,Daejeon,Basic,14,88500.0,601300.0,3.5,2025-10-27,N,Home,2025-03-06,customer40@example.com,1
CUST100492,Female,,Incheon,VIP,8,250400.0,734000.0,3.9,2026-03-22,N,Food,2021-03-15,customer492@example.com,1
CUST101227,Female,39, Seoul ,Basic,10,147300.0,271200.0,4.5,2026-05-01, y ,Electronics,2024-11-03,customer1227@example.com,0
CUST101108,Male,30,Daejeon,Basic,11,177100.0,713100.0,3.0,2026-05-02,N,Electronics,2024-08-06,customer1108@example.com,1
CUST100423,Female,49,Gwangju,Silver,13,89500.0,439100.0,3.7,2026-06-03,N,Food,2025-09-05,customer423@example.com,1
CUST100090,Male,47,Gyeonggi,Basic,1,57500.0,59000.0,4.7,2026-03-13,N,,2021-05-04,customer90@example.com,0
CUST100226,Female,21,Daejeon,Gold,5,131800.0,262100.0,2.7,2026-05-18,N,Beauty,2021-12-01,customer226@example.com,1
CUST100334,Female,47,Busan,Silver,12,,836500.0,3.4,2026-05-01,N,Electronics,2021-05-09,customer334@example.com,1
CUST100723,Male,52,Gwangju,silver,11,119100.0,337600.0,3.6,2025-11-02,N,Home,2023-05-05,customer723@example.com,0
CUST101011,Female,36,Busan,Basic,6,120100.0,116400.0,3.6,2026-04-01,N,Beauty,2025-09-27,customer1011@example.com,0
CUST101324,Female,42,Seoul,,8,176100.0,524700.0,3.0,2026-03-04,N,Sports,2022-08-21,customer1324@example.com,1
CUST101286,Female,18,Gwangju,Basic,11,99200.0,281400.0,3.5,2026-05-03,Y,Beauty,2025-06-12,customer1286@example.com,0
CUST101119,Female,47,Busan,Gold,9,191600.0,901600.0,3.6,2026-06-04, y ,Beauty,2024-01-14,customer1119@example.com,1
CUST100116,Female,27,Daejeon,Basic,15,209400.0,1440900.0,3.0,2026-04-09,N,Food,2022-04-24,customer116@example.com,1
CUST100589,Female,30,Seoul,Basic,7,,281100.0,3.5,2026-04-27,N,Electronics,2021-03-08,customer589@example.com,1
CUST100129,Female,41,Seoul,Basic,12,132800.0,435400.0,2.9,2026-05-20,Y,Food,2021-10-07,customer129@example.com,0
CUST101091,Female,26,Gwangju,Basic,14,132400.0,832400.0,3.4,2026-03-19,Y,Beauty,2024-03-04,customer1091@example.com,1
CUST101274,Male,48,Seoul,Silver,3,157300.0,157700.0,5.0,2026-04-17,Y,Electronics,2022-12-21,customer1274@example.com,0
CUST100487,F,57,Seoul,Basic,9,116200.0,469400.0,3.3,2026-04-10,Y,Electronics,2023-12-31,customer487@example.com,1
CUST100570,female,40,Gyeonggi,Silver,10,144900.0,822600.0,3.3,2026-06-03,N,,2025-07-17,customer570@example.com,1
CUST100656,Female,47,Seoul,Basic,11,69600.0,204100.0,2.3,2026-03-16, n ,FASHION,2024-10-30,customer656@example.com,0
CUST100922,female,43,Daegu,Silver,6,78000.0,147300.0,4.9,2026-01-31,Y,Food,2025-05-19,customer922@example.com,0
CUST101263,Female,30,Seoul,Silver,11,86500.0,280700.0,3.8,2026-06-06,Y,Beauty,2021-03-30,customer1263@example.com,1
CUST100577,female,20,Daejeon,Basic,10,145500.0,254200.0,4.0,2026-06-03,N,Beauty,2021-10-21,customer577@example.com,1
CUST101033,Female,32,Gyeonggi,Basic,8,46800.0,98100.0,3.6,2026-01-15,Y,Beauty,2024-06-06,customer1033@example.com,0
CUST101245,Male,34,Gwangju,Gold,7,196200.0,574000.0,2.2,2026-04-17,N,Electronics,2023-08-01,customer1245@example.com,0
CUST100138,Male,,Daejeon,Silver,19,141800.0,718400.0,3.8,2026-05-04,Y,Home,2022-10-16,customer138@example.com,1
CUST100777,Female,42,busan,Basic,5,11200.0,20300.0,3.5,2026-06-02,Y,fashion,2022-04-11,customer777@example.com,1
CUST100614,Female,53,Seoul,Gold,9,"104,800",222700.0,4.4,2026-05-19,Y,Fashion,2025-02-20,customer614@example.com,1
CUST100374,Other,30,Seoul,Silver,7,122900.0,324400.0,3.8,2026-06-11,Y,Beauty,2022-05-05,customer374@example.com,0
CUST100702,Male,51,Busan,Silver,6,106400.0,202400.0,3.1,2026-05-13,N,Fashion,2021-12-13,customer702@example.com,1
CUST101220,Male,35,Gyeonggi,basic,10,77100.0,333900.0,2.0,2026-03-27,N,,2023-01-25,customer1220@example.com,0
CUST100404,Female,40,Seoul,Basic,8,71800.0,251500.0,4.7,2026-03-06,Y,Sports,2021-01-05,customer404@example.com,0
CUST100385,Female,28,Daejeon,Silver,7,29500.0,98000.0,3.8,2026-04-12,N,Food,2022-02-11,customer385@example.com,0
CUST100671,Male,47,Gyeonggi,Gold,9,,211700.0,3.3,2026-06-09,Y,Beauty,2025-03-05,customer671@example.com,1
CUST100016,Female,32,Gyeonggi,Basic,7,96600.0,180300.0,3.2,2025-12-08,Y,Home,2023-11-11,customer16@example.com,1
CUST100516,Female,49,Daegu,Silver,5,124300.0,142700.0,4.2,2025-12-29,N,Fashion,2020-11-07,customer516@example.com,0
CUST100880,Male,27,Daejeon,Basic,9,99800.0,258800.0,4.0,2026-05-04,N,Electronics,2025-06-06,customer880@example.com,0
CUST100696,Female,unknown,Seoul,Basic,10,118500.0,398100.0,4.3,2026-04-16,Y,Beauty,2024-09-08,customer696@example.com,1
CUST100444,Female,29,Busan,Basic,14,105100.0,473000.0,3.6,2026-06-08,N,Beauty,2024-03-23,customer444@example.com,0
CUST100460,Male,48,Seoul,Basic,6,63600.0,124600.0,3.3,2025-11-09,Y,Beauty,2020-08-20,customer460@example.com,0
CUST101387,Male,53,Daejeon,Basic,12,106300.0,573800.0,3.8,2026-04-21,Y,Fashion,2023-04-25,customer1387@example.com,1
CUST100254,,37,Seoul,Basic,10,74500.0,385000.0,2.6,2026-06-13,N,Food,2024-02-26,customer254@example.com,0
CUST101089,Female,36,Incheon,Basic,16,140000.0,417300.0,3.0,2026-05-08,N,Fashion,2020-07-06,customer1089@example.com,1
CUST100754,Female,35,,VIP,8,278900.0,532900.0,4.2,2026-06-05,Y,,2023-10-13,customer754@example.com,1
CUST100416,Female,29,Incheon,Basic,15,65200.0,318600.0,2.7,2026-06-22,N,Home,2025-02-05,customer416@example.com,1
CUST100949,Male,51,Gyeonggi,Silver,6,34900.0,59700.0,4.4,2026-03-15,N,Fashion,2023-05-18,customer949@example.com,0
CUST100258,Female,43,Seoul,VIP,13,199200.0,1329100.0,3.2,2026-04-30,Y,Beauty,2021-09-24,customer258@example.com,1
CUST100392,Male,43,Gyeonggi,Basic,9,138700.0,417000.0,4.0,2026-04-28,N,Electronics,2022-01-19,customer392@example.com,0
CUST100809,Female,42,Gyeonggi,Basic,11,172700.0,799600.0,4.5,2026-03-14,Y,Electronics,2025-05-15,customer809@example.com,1
CUST101044,Female,47,Daejeon,Gold,6,104300.0,92800.0,4.3,2026-05-14,N,Food,2023-11-27,customer1044@example.com,1
CUST100737,Male,47,Seoul,Basic,14,134600.0,486200.0,1.4,2026-02-10,Y,Beauty,2022-02-17,customer737@example.com,1
CUST100506,Male,30,Busan,Silver,8,113100.0,383600.0,4.0,2026-05-15,Yes,Electronics,2024-10-31,customer506@example.com,0
CUST100164,Male,32,Busan,Basic,10,73500.0,359800.0,3.6,,Y,Sports,2022-09-27,customer164@example.com,0
CUST101260,Female,45,Seoul,Basic,6,98000.0,221300.0,2.4,2026-05-09,N,Food,2020-10-04,customer1260@example.com,0
CUST100950,Female,45,Seoul,Silver,6,92700.0,90300.0,4.7,2026-05-10,Y,Fashion,2024-05-03,customer950@example.com,0
